// Generated by tools/Compile-Fsr1Shaders.ps1 with Windows SDK 10.0.26100.0 FXC.
// Source: SexyAppFramework/shaders/Fsr1Pass.hlsl; target: cs_5_0; full precision.
#pragma once

namespace Sexy
{
namespace Fsr1Shaders
{
    inline constexpr unsigned char gEasuCS[] = {
        0x44, 0x58, 0x42, 0x43, 0x8c, 0x18, 0x04, 0x93, 0xa5, 0xc6, 0xb1, 0x6c,
        0x22, 0x64, 0x99, 0x2d, 0x57, 0xb9, 0x1f, 0xd6, 0x01, 0x00, 0x00, 0x00,
        0x5c, 0xd3, 0x00, 0x00, 0x03, 0x00, 0x00, 0x00, 0x2c, 0x00, 0x00, 0x00,
        0x3c, 0x00, 0x00, 0x00, 0x4c, 0x00, 0x00, 0x00, 0x49, 0x53, 0x47, 0x4e,
        0x08, 0x00, 0x00, 0x00, 0x00, 0x00, 0x00, 0x00, 0x08, 0x00, 0x00, 0x00,
        0x4f, 0x53, 0x47, 0x4e, 0x08, 0x00, 0x00, 0x00, 0x00, 0x00, 0x00, 0x00,
        0x08, 0x00, 0x00, 0x00, 0x53, 0x48, 0x45, 0x58, 0x08, 0xd3, 0x00, 0x00,
        0x50, 0x00, 0x05, 0x00, 0xc2, 0x34, 0x00, 0x00, 0x6a, 0x08, 0x00, 0x01,
        0x59, 0x00, 0x00, 0x04, 0x46, 0x8e, 0x20, 0x00, 0x00, 0x00, 0x00, 0x00,
        0x05, 0x00, 0x00, 0x00, 0x5a, 0x00, 0x00, 0x03, 0x00, 0x60, 0x10, 0x00,
        0x00, 0x00, 0x00, 0x00, 0x58, 0x18, 0x00, 0x04, 0x00, 0x70, 0x10, 0x00,
        0x00, 0x00, 0x00, 0x00, 0x55, 0x55, 0x00, 0x00, 0x9c, 0x18, 0x00, 0x04,
        0x00, 0xe0, 0x11, 0x00, 0x00, 0x00, 0x00, 0x00, 0x55, 0x55, 0x00, 0x00,
        0x5f, 0x00, 0x00, 0x02, 0x32, 0x10, 0x02, 0x00, 0x5f, 0x00, 0x00, 0x02,
        0x12, 0x20, 0x02, 0x00, 0x68, 0x00, 0x00, 0x02, 0x18, 0x00, 0x00, 0x00,
        0x9b, 0x00, 0x00, 0x04, 0x40, 0x00, 0x00, 0x00, 0x01, 0x00, 0x00, 0x00,
        0x01, 0x00, 0x00, 0x00, 0x8a, 0x00, 0x00, 0x08, 0x12, 0x00, 0x10, 0x00,
        0x00, 0x00, 0x00, 0x00, 0x01, 0x40, 0x00, 0x00, 0x03, 0x00, 0x00, 0x00,
        0x01, 0x40, 0x00, 0x00, 0x01, 0x00, 0x00, 0x00, 0x0a, 0x20, 0x02, 0x00,
        0x55, 0x00, 0x00, 0x06, 0x12, 0x00, 0x10, 0x00, 0x01, 0x00, 0x00, 0x00,
        0x0a, 0x20, 0x02, 0x00, 0x01, 0x40, 0x00, 0x00, 0x03, 0x00, 0x00, 0x00,
        0x8c, 0x00, 0x00, 0x10, 0xe2, 0x00, 0x10, 0x00, 0x00, 0x00, 0x00, 0x00,
        0x02, 0x40, 0x00, 0x00, 0x00, 0x00, 0x00, 0x00, 0x01, 0x00, 0x00, 0x00,
        0x01, 0x00, 0x00, 0x00, 0x01, 0x00, 0x00, 0x00, 0x02, 0x40, 0x00, 0x00,
        0x00, 0x00, 0x00, 0x00, 0x00, 0x00, 0x00, 0x00, 0x00, 0x00, 0x00, 0x00,
        0x00, 0x00, 0x00, 0x00, 0x06, 0x20, 0x02, 0x00, 0x06, 0x00, 0x10, 0x00,
        0x01, 0x00, 0x00, 0x00, 0x23, 0x00, 0x00, 0x0b, 0xf2, 0x00, 0x10, 0x00,
        0x00, 0x00, 0x00, 0x00, 0x46, 0x15, 0x02, 0x00, 0x02, 0x40, 0x00, 0x00,
        0x10, 0x00, 0x00, 0x00, 0x10, 0x00, 0x00, 0x00, 0x10, 0x00, 0x00, 0x00,
        0x10, 0x00, 0x00, 0x00, 0x46, 0x0e, 0x10, 0x00, 0x00, 0x00, 0x00, 0x00,
        0x50, 0x00, 0x00, 0x08, 0x32, 0x00, 0x10, 0x00, 0x01, 0x00, 0x00, 0x00,
        0xc6, 0x00, 0x10, 0x00, 0x00, 0x00, 0x00, 0x00, 0x96, 0x85, 0x20, 0x00,
        0x00, 0x00, 0x00, 0x00, 0x04, 0x00, 0x00, 0x00, 0x3c, 0x00, 0x00, 0x07,
        0x12, 0x00, 0x10, 0x00, 0x01, 0x00, 0x00, 0x00, 0x1a, 0x00, 0x10, 0x00,
        0x01, 0x00, 0x00, 0x00, 0x0a, 0x00, 0x10, 0x00, 0x01, 0x00, 0x00, 0x00,
        0x1f, 0x00, 0x00, 0x03, 0x0a, 0x00, 0x10, 0x00, 0x01, 0x00, 0x00, 0x00,
        0x56, 0x00, 0x00, 0x05, 0x32, 0x00, 0x10, 0x00, 0x01, 0x00, 0x00, 0x00,
        0xc6, 0x00, 0x10, 0x00, 0x00, 0x00, 0x00, 0x00, 0x32, 0x00, 0x00, 0x0b,
        0x32, 0x00, 0x10, 0x00, 0x01, 0x00, 0x00, 0x00, 0x46, 0x00, 0x10, 0x00,
        0x01, 0x00, 0x00, 0x00, 0x46, 0x80, 0x20, 0x00, 0x00, 0x00, 0x00, 0x00,
        0x00, 0x00, 0x00, 0x00, 0xe6, 0x8a, 0x20, 0x00, 0x00, 0x00, 0x00, 0x00,
        0x00, 0x00, 0x00, 0x00, 0x41, 0x00, 0x00, 0x05, 0xc2, 0x00, 0x10, 0x00,
        0x01, 0x00, 0x00, 0x00, 0x06, 0x04, 0x10, 0x00, 0x01, 0x00, 0x00, 0x00,
        0x00, 0x00, 0x00, 0x08, 0x32, 0x00, 0x10, 0x00, 0x01, 0x00, 0x00, 0x00,
        0xe6, 0x0a, 0x10, 0x80, 0x41, 0x00, 0x00, 0x00, 0x01, 0x00, 0x00, 0x00,
        0x46, 0x00, 0x10, 0x00, 0x01, 0x00, 0x00, 0x00, 0x32, 0x00, 0x00, 0x0b,
        0xc2, 0x00, 0x10, 0x00, 0x01, 0x00, 0x00, 0x00, 0xa6, 0x0e, 0x10, 0x00,
        0x01, 0x00, 0x00, 0x00, 0x06, 0x84, 0x20, 0x00, 0x00, 0x00, 0x00, 0x00,
        0x01, 0x00, 0x00, 0x00, 0xa6, 0x8e, 0x20, 0x00, 0x00, 0x00, 0x00, 0x00,
        0x01, 0x00, 0x00, 0x00, 0x00, 0x00, 0x00, 0x08, 0xf2, 0x00, 0x10, 0x00,
        0x02, 0x00, 0x00, 0x00, 0xe6, 0x0e, 0x10, 0x00, 0x01, 0x00, 0x00, 0x00,
        0x46, 0x8e, 0x20, 0x00, 0x00, 0x00, 0x00, 0x00, 0x02, 0x00, 0x00, 0x00,
        0x00, 0x00, 0x00, 0x08, 0x32, 0x00, 0x10, 0x00, 0x03, 0x00, 0x00, 0x00,
        0xe6, 0x0a, 0x10, 0x00, 0x01, 0x00, 0x00, 0x00, 0x46, 0x80, 0x20, 0x00,
        0x00, 0x00, 0x00, 0x00, 0x03, 0x00, 0x00, 0x00, 0x6d, 0x00, 0x00, 0x8b,
        0xc2, 0x00, 0x00, 0x80, 0x43, 0x55, 0x15, 0x00, 0x32, 0x00, 0x10, 0x00,
        0x04, 0x00, 0x00, 0x00, 0xe6, 0x0a, 0x10, 0x00, 0x01, 0x00, 0x00, 0x00,
        0x46, 0x7e, 0x10, 0x00, 0x00, 0x00, 0x00, 0x00, 0x0a, 0x60, 0x10, 0x00,
        0x00, 0x00, 0x00, 0x00, 0x1f, 0x00, 0x04, 0x04, 0x0a, 0x80, 0x20, 0x00,
        0x00, 0x00, 0x00, 0x00, 0x04, 0x00, 0x00, 0x00, 0x34, 0x00, 0x00, 0x0a,
        0xc2, 0x00, 0x10, 0x00, 0x03, 0x00, 0x00, 0x00, 0x06, 0x04, 0x10, 0x00,
        0x04, 0x00, 0x00, 0x00, 0x02, 0x40, 0x00, 0x00, 0x00, 0x00, 0x00, 0x00,
        0x00, 0x00, 0x00, 0x00, 0x00, 0x00, 0x00, 0x00, 0x00, 0x00, 0x00, 0x00,
        0x38, 0x00, 0x00, 0x0a, 0x32, 0x00, 0x10, 0x00, 0x05, 0x00, 0x00, 0x00,
        0xe6, 0x0a, 0x10, 0x00, 0x03, 0x00, 0x00, 0x00, 0x02, 0x40, 0x00, 0x00,
        0x52, 0xb8, 0x4e, 0x41, 0x52, 0xb8, 0x4e, 0x41, 0x00, 0x00, 0x00, 0x00,
        0x00, 0x00, 0x00, 0x00, 0x31, 0x00, 0x00, 0x0a, 0xc2, 0x00, 0x10, 0x00,
        0x05, 0x00, 0x00, 0x00, 0x02, 0x40, 0x00, 0x00, 0x00, 0x00, 0x00, 0x00,
        0x00, 0x00, 0x00, 0x00, 0x1c, 0x2e, 0x4d, 0x3b, 0x1c, 0x2e, 0x4d, 0x3b,
        0xa6, 0x0e, 0x10, 0x00, 0x03, 0x00, 0x00, 0x00, 0x2f, 0x00, 0x00, 0x05,
        0xc2, 0x00, 0x10, 0x00, 0x03, 0x00, 0x00, 0x00, 0xa6, 0x0e, 0x10, 0x00,
        0x03, 0x00, 0x00, 0x00, 0x38, 0x00, 0x00, 0x0a, 0xc2, 0x00, 0x10, 0x00,
        0x03, 0x00, 0x00, 0x00, 0xa6, 0x0e, 0x10, 0x00, 0x03, 0x00, 0x00, 0x00,
        0x02, 0x40, 0x00, 0x00, 0x00, 0x00, 0x00, 0x00, 0x00, 0x00, 0x00, 0x00,
        0x55, 0x55, 0xd5, 0x3e, 0x55, 0x55, 0xd5, 0x3e, 0x19, 0x00, 0x00, 0x05,
        0xc2, 0x00, 0x10, 0x00, 0x03, 0x00, 0x00, 0x00, 0xa6, 0x0e, 0x10, 0x00,
        0x03, 0x00, 0x00, 0x00, 0x32, 0x00, 0x00, 0x0f, 0xc2, 0x00, 0x10, 0x00,
        0x03, 0x00, 0x00, 0x00, 0xa6, 0x0e, 0x10, 0x00, 0x03, 0x00, 0x00, 0x00,
        0x02, 0x40, 0x00, 0x00, 0x00, 0x00, 0x00, 0x00, 0x00, 0x00, 0x00, 0x00,
        0x3d, 0x0a, 0x87, 0x3f, 0x3d, 0x0a, 0x87, 0x3f, 0x02, 0x40, 0x00, 0x00,
        0x00, 0x00, 0x00, 0x00, 0x00, 0x00, 0x00, 0x00, 0xae, 0x47, 0x61, 0xbd,
        0xae, 0x47, 0x61, 0xbd, 0x37, 0x20, 0x00, 0x09, 0x32, 0x00, 0x10, 0x00,
        0x04, 0x00, 0x00, 0x00, 0xe6, 0x0a, 0x10, 0x00, 0x05, 0x00, 0x00, 0x00,
        0xe6, 0x0a, 0x10, 0x00, 0x03, 0x00, 0x00, 0x00, 0x46, 0x00, 0x10, 0x00,
        0x05, 0x00, 0x00, 0x00, 0x15, 0x00, 0x00, 0x01, 0x6d, 0x00, 0x00, 0x8b,
        0xc2, 0x00, 0x00, 0x80, 0x43, 0x55, 0x15, 0x00, 0x32, 0x00, 0x10, 0x00,
        0x05, 0x00, 0x00, 0x00, 0xe6, 0x0a, 0x10, 0x00, 0x01, 0x00, 0x00, 0x00,
        0x46, 0x7e, 0x10, 0x00, 0x00, 0x00, 0x00, 0x00, 0x1a, 0x60, 0x10, 0x00,
        0x00, 0x00, 0x00, 0x00, 0x1f, 0x00, 0x04, 0x04, 0x0a, 0x80, 0x20, 0x00,
        0x00, 0x00, 0x00, 0x00, 0x04, 0x00, 0x00, 0x00, 0x34, 0x00, 0x00, 0x0a,
        0xc2, 0x00, 0x10, 0x00, 0x03, 0x00, 0x00, 0x00, 0x06, 0x04, 0x10, 0x00,
        0x05, 0x00, 0x00, 0x00, 0x02, 0x40, 0x00, 0x00, 0x00, 0x00, 0x00, 0x00,
        0x00, 0x00, 0x00, 0x00, 0x00, 0x00, 0x00, 0x00, 0x00, 0x00, 0x00, 0x00,
        0x38, 0x00, 0x00, 0x0a, 0x32, 0x00, 0x10, 0x00, 0x06, 0x00, 0x00, 0x00,
        0xe6, 0x0a, 0x10, 0x00, 0x03, 0x00, 0x00, 0x00, 0x02, 0x40, 0x00, 0x00,
        0x52, 0xb8, 0x4e, 0x41, 0x52, 0xb8, 0x4e, 0x41, 0x00, 0x00, 0x00, 0x00,
        0x00, 0x00, 0x00, 0x00, 0x31, 0x00, 0x00, 0x0a, 0xc2, 0x00, 0x10, 0x00,
        0x06, 0x00, 0x00, 0x00, 0x02, 0x40, 0x00, 0x00, 0x00, 0x00, 0x00, 0x00,
        0x00, 0x00, 0x00, 0x00, 0x1c, 0x2e, 0x4d, 0x3b, 0x1c, 0x2e, 0x4d, 0x3b,
        0xa6, 0x0e, 0x10, 0x00, 0x03, 0x00, 0x00, 0x00, 0x2f, 0x00, 0x00, 0x05,
        0xc2, 0x00, 0x10, 0x00, 0x03, 0x00, 0x00, 0x00, 0xa6, 0x0e, 0x10, 0x00,
        0x03, 0x00, 0x00, 0x00, 0x38, 0x00, 0x00, 0x0a, 0xc2, 0x00, 0x10, 0x00,
        0x03, 0x00, 0x00, 0x00, 0xa6, 0x0e, 0x10, 0x00, 0x03, 0x00, 0x00, 0x00,
        0x02, 0x40, 0x00, 0x00, 0x00, 0x00, 0x00, 0x00, 0x00, 0x00, 0x00, 0x00,
        0x55, 0x55, 0xd5, 0x3e, 0x55, 0x55, 0xd5, 0x3e, 0x19, 0x00, 0x00, 0x05,
        0xc2, 0x00, 0x10, 0x00, 0x03, 0x00, 0x00, 0x00, 0xa6, 0x0e, 0x10, 0x00,
        0x03, 0x00, 0x00, 0x00, 0x32, 0x00, 0x00, 0x0f, 0xc2, 0x00, 0x10, 0x00,
        0x03, 0x00, 0x00, 0x00, 0xa6, 0x0e, 0x10, 0x00, 0x03, 0x00, 0x00, 0x00,
        0x02, 0x40, 0x00, 0x00, 0x00, 0x00, 0x00, 0x00, 0x00, 0x00, 0x00, 0x00,
        0x3d, 0x0a, 0x87, 0x3f, 0x3d, 0x0a, 0x87, 0x3f, 0x02, 0x40, 0x00, 0x00,
        0x00, 0x00, 0x00, 0x00, 0x00, 0x00, 0x00, 0x00, 0xae, 0x47, 0x61, 0xbd,
        0xae, 0x47, 0x61, 0xbd, 0x37, 0x20, 0x00, 0x09, 0x32, 0x00, 0x10, 0x00,
        0x05, 0x00, 0x00, 0x00, 0xe6, 0x0a, 0x10, 0x00, 0x06, 0x00, 0x00, 0x00,
        0xe6, 0x0a, 0x10, 0x00, 0x03, 0x00, 0x00, 0x00, 0x46, 0x00, 0x10, 0x00,
        0x06, 0x00, 0x00, 0x00, 0x15, 0x00, 0x00, 0x01, 0x6d, 0x00, 0x00, 0x8b,
        0xc2, 0x00, 0x00, 0x80, 0x43, 0x55, 0x15, 0x00, 0xc2, 0x00, 0x10, 0x00,
        0x01, 0x00, 0x00, 0x00, 0xe6, 0x0a, 0x10, 0x00, 0x01, 0x00, 0x00, 0x00,
        0xe6, 0x74, 0x10, 0x00, 0x00, 0x00, 0x00, 0x00, 0x2a, 0x60, 0x10, 0x00,
        0x00, 0x00, 0x00, 0x00, 0x1f, 0x00, 0x04, 0x04, 0x0a, 0x80, 0x20, 0x00,
        0x00, 0x00, 0x00, 0x00, 0x04, 0x00, 0x00, 0x00, 0x34, 0x00, 0x00, 0x0a,
        0xc2, 0x00, 0x10, 0x00, 0x03, 0x00, 0x00, 0x00, 0xa6, 0x0e, 0x10, 0x00,
        0x01, 0x00, 0x00, 0x00, 0x02, 0x40, 0x00, 0x00, 0x00, 0x00, 0x00, 0x00,
        0x00, 0x00, 0x00, 0x00, 0x00, 0x00, 0x00, 0x00, 0x00, 0x00, 0x00, 0x00,
        0x38, 0x00, 0x00, 0x0a, 0x32, 0x00, 0x10, 0x00, 0x06, 0x00, 0x00, 0x00,
        0xe6, 0x0a, 0x10, 0x00, 0x03, 0x00, 0x00, 0x00, 0x02, 0x40, 0x00, 0x00,
        0x52, 0xb8, 0x4e, 0x41, 0x52, 0xb8, 0x4e, 0x41, 0x00, 0x00, 0x00, 0x00,
        0x00, 0x00, 0x00, 0x00, 0x31, 0x00, 0x00, 0x0a, 0xc2, 0x00, 0x10, 0x00,
        0x06, 0x00, 0x00, 0x00, 0x02, 0x40, 0x00, 0x00, 0x00, 0x00, 0x00, 0x00,
        0x00, 0x00, 0x00, 0x00, 0x1c, 0x2e, 0x4d, 0x3b, 0x1c, 0x2e, 0x4d, 0x3b,
        0xa6, 0x0e, 0x10, 0x00, 0x03, 0x00, 0x00, 0x00, 0x2f, 0x00, 0x00, 0x05,
        0xc2, 0x00, 0x10, 0x00, 0x03, 0x00, 0x00, 0x00, 0xa6, 0x0e, 0x10, 0x00,
        0x03, 0x00, 0x00, 0x00, 0x38, 0x00, 0x00, 0x0a, 0xc2, 0x00, 0x10, 0x00,
        0x03, 0x00, 0x00, 0x00, 0xa6, 0x0e, 0x10, 0x00, 0x03, 0x00, 0x00, 0x00,
        0x02, 0x40, 0x00, 0x00, 0x00, 0x00, 0x00, 0x00, 0x00, 0x00, 0x00, 0x00,
        0x55, 0x55, 0xd5, 0x3e, 0x55, 0x55, 0xd5, 0x3e, 0x19, 0x00, 0x00, 0x05,
        0xc2, 0x00, 0x10, 0x00, 0x03, 0x00, 0x00, 0x00, 0xa6, 0x0e, 0x10, 0x00,
        0x03, 0x00, 0x00, 0x00, 0x32, 0x00, 0x00, 0x0f, 0xc2, 0x00, 0x10, 0x00,
        0x03, 0x00, 0x00, 0x00, 0xa6, 0x0e, 0x10, 0x00, 0x03, 0x00, 0x00, 0x00,
        0x02, 0x40, 0x00, 0x00, 0x00, 0x00, 0x00, 0x00, 0x00, 0x00, 0x00, 0x00,
        0x3d, 0x0a, 0x87, 0x3f, 0x3d, 0x0a, 0x87, 0x3f, 0x02, 0x40, 0x00, 0x00,
        0x00, 0x00, 0x00, 0x00, 0x00, 0x00, 0x00, 0x00, 0xae, 0x47, 0x61, 0xbd,
        0xae, 0x47, 0x61, 0xbd, 0x37, 0x20, 0x00, 0x09, 0xc2, 0x00, 0x10, 0x00,
        0x01, 0x00, 0x00, 0x00, 0xa6, 0x0e, 0x10, 0x00, 0x06, 0x00, 0x00, 0x00,
        0xa6, 0x0e, 0x10, 0x00, 0x03, 0x00, 0x00, 0x00, 0x06, 0x04, 0x10, 0x00,
        0x06, 0x00, 0x00, 0x00, 0x15, 0x00, 0x00, 0x01, 0x6d, 0x00, 0x00, 0x8b,
        0xc2, 0x00, 0x00, 0x80, 0x43, 0x55, 0x15, 0x00, 0xf2, 0x00, 0x10, 0x00,
        0x06, 0x00, 0x00, 0x00, 0x46, 0x00, 0x10, 0x00, 0x02, 0x00, 0x00, 0x00,
        0x46, 0x7e, 0x10, 0x00, 0x00, 0x00, 0x00, 0x00, 0x0a, 0x60, 0x10, 0x00,
        0x00, 0x00, 0x00, 0x00, 0x1f, 0x00, 0x04, 0x04, 0x0a, 0x80, 0x20, 0x00,
        0x00, 0x00, 0x00, 0x00, 0x04, 0x00, 0x00, 0x00, 0x34, 0x00, 0x00, 0x0a,
        0xf2, 0x00, 0x10, 0x00, 0x07, 0x00, 0x00, 0x00, 0x46, 0x0e, 0x10, 0x00,
        0x06, 0x00, 0x00, 0x00, 0x02, 0x40, 0x00, 0x00, 0x00, 0x00, 0x00, 0x00,
        0x00, 0x00, 0x00, 0x00, 0x00, 0x00, 0x00, 0x00, 0x00, 0x00, 0x00, 0x00,
        0x38, 0x00, 0x00, 0x0a, 0xf2, 0x00, 0x10, 0x00, 0x08, 0x00, 0x00, 0x00,
        0x46, 0x0e, 0x10, 0x00, 0x07, 0x00, 0x00, 0x00, 0x02, 0x40, 0x00, 0x00,
        0x52, 0xb8, 0x4e, 0x41, 0x52, 0xb8, 0x4e, 0x41, 0x52, 0xb8, 0x4e, 0x41,
        0x52, 0xb8, 0x4e, 0x41, 0x31, 0x00, 0x00, 0x0a, 0xf2, 0x00, 0x10, 0x00,
        0x09, 0x00, 0x00, 0x00, 0x02, 0x40, 0x00, 0x00, 0x1c, 0x2e, 0x4d, 0x3b,
        0x1c, 0x2e, 0x4d, 0x3b, 0x1c, 0x2e, 0x4d, 0x3b, 0x1c, 0x2e, 0x4d, 0x3b,
        0x46, 0x0e, 0x10, 0x00, 0x07, 0x00, 0x00, 0x00, 0x2f, 0x00, 0x00, 0x05,
        0xf2, 0x00, 0x10, 0x00, 0x07, 0x00, 0x00, 0x00, 0x46, 0x0e, 0x10, 0x00,
        0x07, 0x00, 0x00, 0x00, 0x38, 0x00, 0x00, 0x0a, 0xf2, 0x00, 0x10, 0x00,
        0x07, 0x00, 0x00, 0x00, 0x46, 0x0e, 0x10, 0x00, 0x07, 0x00, 0x00, 0x00,
        0x02, 0x40, 0x00, 0x00, 0x55, 0x55, 0xd5, 0x3e, 0x55, 0x55, 0xd5, 0x3e,
        0x55, 0x55, 0xd5, 0x3e, 0x55, 0x55, 0xd5, 0x3e, 0x19, 0x00, 0x00, 0x05,
        0xf2, 0x00, 0x10, 0x00, 0x07, 0x00, 0x00, 0x00, 0x46, 0x0e, 0x10, 0x00,
        0x07, 0x00, 0x00, 0x00, 0x32, 0x00, 0x00, 0x0f, 0xf2, 0x00, 0x10, 0x00,
        0x07, 0x00, 0x00, 0x00, 0x46, 0x0e, 0x10, 0x00, 0x07, 0x00, 0x00, 0x00,
        0x02, 0x40, 0x00, 0x00, 0x3d, 0x0a, 0x87, 0x3f, 0x3d, 0x0a, 0x87, 0x3f,
        0x3d, 0x0a, 0x87, 0x3f, 0x3d, 0x0a, 0x87, 0x3f, 0x02, 0x40, 0x00, 0x00,
        0xae, 0x47, 0x61, 0xbd, 0xae, 0x47, 0x61, 0xbd, 0xae, 0x47, 0x61, 0xbd,
        0xae, 0x47, 0x61, 0xbd, 0x37, 0x20, 0x00, 0x09, 0xf2, 0x00, 0x10, 0x00,
        0x06, 0x00, 0x00, 0x00, 0x46, 0x0e, 0x10, 0x00, 0x09, 0x00, 0x00, 0x00,
        0x46, 0x0e, 0x10, 0x00, 0x07, 0x00, 0x00, 0x00, 0x46, 0x0e, 0x10, 0x00,
        0x08, 0x00, 0x00, 0x00, 0x15, 0x00, 0x00, 0x01, 0x6d, 0x00, 0x00, 0x8b,
        0xc2, 0x00, 0x00, 0x80, 0x43, 0x55, 0x15, 0x00, 0xf2, 0x00, 0x10, 0x00,
        0x07, 0x00, 0x00, 0x00, 0x46, 0x00, 0x10, 0x00, 0x02, 0x00, 0x00, 0x00,
        0x46, 0x7e, 0x10, 0x00, 0x00, 0x00, 0x00, 0x00, 0x1a, 0x60, 0x10, 0x00,
        0x00, 0x00, 0x00, 0x00, 0x1f, 0x00, 0x04, 0x04, 0x0a, 0x80, 0x20, 0x00,
        0x00, 0x00, 0x00, 0x00, 0x04, 0x00, 0x00, 0x00, 0x34, 0x00, 0x00, 0x0a,
        0xf2, 0x00, 0x10, 0x00, 0x08, 0x00, 0x00, 0x00, 0x46, 0x0e, 0x10, 0x00,
        0x07, 0x00, 0x00, 0x00, 0x02, 0x40, 0x00, 0x00, 0x00, 0x00, 0x00, 0x00,
        0x00, 0x00, 0x00, 0x00, 0x00, 0x00, 0x00, 0x00, 0x00, 0x00, 0x00, 0x00,
        0x38, 0x00, 0x00, 0x0a, 0xf2, 0x00, 0x10, 0x00, 0x09, 0x00, 0x00, 0x00,
        0x46, 0x0e, 0x10, 0x00, 0x08, 0x00, 0x00, 0x00, 0x02, 0x40, 0x00, 0x00,
        0x52, 0xb8, 0x4e, 0x41, 0x52, 0xb8, 0x4e, 0x41, 0x52, 0xb8, 0x4e, 0x41,
        0x52, 0xb8, 0x4e, 0x41, 0x31, 0x00, 0x00, 0x0a, 0xf2, 0x00, 0x10, 0x00,
        0x0a, 0x00, 0x00, 0x00, 0x02, 0x40, 0x00, 0x00, 0x1c, 0x2e, 0x4d, 0x3b,
        0x1c, 0x2e, 0x4d, 0x3b, 0x1c, 0x2e, 0x4d, 0x3b, 0x1c, 0x2e, 0x4d, 0x3b,
        0x46, 0x0e, 0x10, 0x00, 0x08, 0x00, 0x00, 0x00, 0x2f, 0x00, 0x00, 0x05,
        0xf2, 0x00, 0x10, 0x00, 0x08, 0x00, 0x00, 0x00, 0x46, 0x0e, 0x10, 0x00,
        0x08, 0x00, 0x00, 0x00, 0x38, 0x00, 0x00, 0x0a, 0xf2, 0x00, 0x10, 0x00,
        0x08, 0x00, 0x00, 0x00, 0x46, 0x0e, 0x10, 0x00, 0x08, 0x00, 0x00, 0x00,
        0x02, 0x40, 0x00, 0x00, 0x55, 0x55, 0xd5, 0x3e, 0x55, 0x55, 0xd5, 0x3e,
        0x55, 0x55, 0xd5, 0x3e, 0x55, 0x55, 0xd5, 0x3e, 0x19, 0x00, 0x00, 0x05,
        0xf2, 0x00, 0x10, 0x00, 0x08, 0x00, 0x00, 0x00, 0x46, 0x0e, 0x10, 0x00,
        0x08, 0x00, 0x00, 0x00, 0x32, 0x00, 0x00, 0x0f, 0xf2, 0x00, 0x10, 0x00,
        0x08, 0x00, 0x00, 0x00, 0x46, 0x0e, 0x10, 0x00, 0x08, 0x00, 0x00, 0x00,
        0x02, 0x40, 0x00, 0x00, 0x3d, 0x0a, 0x87, 0x3f, 0x3d, 0x0a, 0x87, 0x3f,
        0x3d, 0x0a, 0x87, 0x3f, 0x3d, 0x0a, 0x87, 0x3f, 0x02, 0x40, 0x00, 0x00,
        0xae, 0x47, 0x61, 0xbd, 0xae, 0x47, 0x61, 0xbd, 0xae, 0x47, 0x61, 0xbd,
        0xae, 0x47, 0x61, 0xbd, 0x37, 0x20, 0x00, 0x09, 0xf2, 0x00, 0x10, 0x00,
        0x07, 0x00, 0x00, 0x00, 0x46, 0x0e, 0x10, 0x00, 0x0a, 0x00, 0x00, 0x00,
        0x46, 0x0e, 0x10, 0x00, 0x08, 0x00, 0x00, 0x00, 0x46, 0x0e, 0x10, 0x00,
        0x09, 0x00, 0x00, 0x00, 0x15, 0x00, 0x00, 0x01, 0x6d, 0x00, 0x00, 0x8b,
        0xc2, 0x00, 0x00, 0x80, 0x43, 0x55, 0x15, 0x00, 0xf2, 0x00, 0x10, 0x00,
        0x08, 0x00, 0x00, 0x00, 0x46, 0x00, 0x10, 0x00, 0x02, 0x00, 0x00, 0x00,
        0x96, 0x7c, 0x10, 0x00, 0x00, 0x00, 0x00, 0x00, 0x2a, 0x60, 0x10, 0x00,
        0x00, 0x00, 0x00, 0x00, 0x1f, 0x00, 0x04, 0x04, 0x0a, 0x80, 0x20, 0x00,
        0x00, 0x00, 0x00, 0x00, 0x04, 0x00, 0x00, 0x00, 0x34, 0x00, 0x00, 0x0a,
        0xf2, 0x00, 0x10, 0x00, 0x09, 0x00, 0x00, 0x00, 0x26, 0x0d, 0x10, 0x00,
        0x08, 0x00, 0x00, 0x00, 0x02, 0x40, 0x00, 0x00, 0x00, 0x00, 0x00, 0x00,
        0x00, 0x00, 0x00, 0x00, 0x00, 0x00, 0x00, 0x00, 0x00, 0x00, 0x00, 0x00,
        0x38, 0x00, 0x00, 0x0a, 0xf2, 0x00, 0x10, 0x00, 0x0a, 0x00, 0x00, 0x00,
        0x46, 0x0e, 0x10, 0x00, 0x09, 0x00, 0x00, 0x00, 0x02, 0x40, 0x00, 0x00,
        0x52, 0xb8, 0x4e, 0x41, 0x52, 0xb8, 0x4e, 0x41, 0x52, 0xb8, 0x4e, 0x41,
        0x52, 0xb8, 0x4e, 0x41, 0x31, 0x00, 0x00, 0x0a, 0xf2, 0x00, 0x10, 0x00,
        0x0b, 0x00, 0x00, 0x00, 0x02, 0x40, 0x00, 0x00, 0x1c, 0x2e, 0x4d, 0x3b,
        0x1c, 0x2e, 0x4d, 0x3b, 0x1c, 0x2e, 0x4d, 0x3b, 0x1c, 0x2e, 0x4d, 0x3b,
        0x46, 0x0e, 0x10, 0x00, 0x09, 0x00, 0x00, 0x00, 0x2f, 0x00, 0x00, 0x05,
        0xf2, 0x00, 0x10, 0x00, 0x09, 0x00, 0x00, 0x00, 0x46, 0x0e, 0x10, 0x00,
        0x09, 0x00, 0x00, 0x00, 0x38, 0x00, 0x00, 0x0a, 0xf2, 0x00, 0x10, 0x00,
        0x09, 0x00, 0x00, 0x00, 0x46, 0x0e, 0x10, 0x00, 0x09, 0x00, 0x00, 0x00,
        0x02, 0x40, 0x00, 0x00, 0x55, 0x55, 0xd5, 0x3e, 0x55, 0x55, 0xd5, 0x3e,
        0x55, 0x55, 0xd5, 0x3e, 0x55, 0x55, 0xd5, 0x3e, 0x19, 0x00, 0x00, 0x05,
        0xf2, 0x00, 0x10, 0x00, 0x09, 0x00, 0x00, 0x00, 0x46, 0x0e, 0x10, 0x00,
        0x09, 0x00, 0x00, 0x00, 0x32, 0x00, 0x00, 0x0f, 0xf2, 0x00, 0x10, 0x00,
        0x09, 0x00, 0x00, 0x00, 0x46, 0x0e, 0x10, 0x00, 0x09, 0x00, 0x00, 0x00,
        0x02, 0x40, 0x00, 0x00, 0x3d, 0x0a, 0x87, 0x3f, 0x3d, 0x0a, 0x87, 0x3f,
        0x3d, 0x0a, 0x87, 0x3f, 0x3d, 0x0a, 0x87, 0x3f, 0x02, 0x40, 0x00, 0x00,
        0xae, 0x47, 0x61, 0xbd, 0xae, 0x47, 0x61, 0xbd, 0xae, 0x47, 0x61, 0xbd,
        0xae, 0x47, 0x61, 0xbd, 0x37, 0x20, 0x00, 0x09, 0xf2, 0x00, 0x10, 0x00,
        0x08, 0x00, 0x00, 0x00, 0x96, 0x0c, 0x10, 0x00, 0x0b, 0x00, 0x00, 0x00,
        0x96, 0x0c, 0x10, 0x00, 0x09, 0x00, 0x00, 0x00, 0x96, 0x0c, 0x10, 0x00,
        0x0a, 0x00, 0x00, 0x00, 0x15, 0x00, 0x00, 0x01, 0x6d, 0x00, 0x00, 0x8b,
        0xc2, 0x00, 0x00, 0x80, 0x43, 0x55, 0x15, 0x00, 0xf2, 0x00, 0x10, 0x00,
        0x09, 0x00, 0x00, 0x00, 0xe6, 0x0a, 0x10, 0x00, 0x02, 0x00, 0x00, 0x00,
        0x46, 0x7e, 0x10, 0x00, 0x00, 0x00, 0x00, 0x00, 0x0a, 0x60, 0x10, 0x00,
        0x00, 0x00, 0x00, 0x00, 0x1f, 0x00, 0x04, 0x04, 0x0a, 0x80, 0x20, 0x00,
        0x00, 0x00, 0x00, 0x00, 0x04, 0x00, 0x00, 0x00, 0x34, 0x00, 0x00, 0x0a,
        0xf2, 0x00, 0x10, 0x00, 0x0a, 0x00, 0x00, 0x00, 0x46, 0x0e, 0x10, 0x00,
        0x09, 0x00, 0x00, 0x00, 0x02, 0x40, 0x00, 0x00, 0x00, 0x00, 0x00, 0x00,
        0x00, 0x00, 0x00, 0x00, 0x00, 0x00, 0x00, 0x00, 0x00, 0x00, 0x00, 0x00,
        0x38, 0x00, 0x00, 0x0a, 0xf2, 0x00, 0x10, 0x00, 0x0b, 0x00, 0x00, 0x00,
        0x46, 0x0e, 0x10, 0x00, 0x0a, 0x00, 0x00, 0x00, 0x02, 0x40, 0x00, 0x00,
        0x52, 0xb8, 0x4e, 0x41, 0x52, 0xb8, 0x4e, 0x41, 0x52, 0xb8, 0x4e, 0x41,
        0x52, 0xb8, 0x4e, 0x41, 0x31, 0x00, 0x00, 0x0a, 0xf2, 0x00, 0x10, 0x00,
        0x0c, 0x00, 0x00, 0x00, 0x02, 0x40, 0x00, 0x00, 0x1c, 0x2e, 0x4d, 0x3b,
        0x1c, 0x2e, 0x4d, 0x3b, 0x1c, 0x2e, 0x4d, 0x3b, 0x1c, 0x2e, 0x4d, 0x3b,
        0x46, 0x0e, 0x10, 0x00, 0x0a, 0x00, 0x00, 0x00, 0x2f, 0x00, 0x00, 0x05,
        0xf2, 0x00, 0x10, 0x00, 0x0a, 0x00, 0x00, 0x00, 0x46, 0x0e, 0x10, 0x00,
        0x0a, 0x00, 0x00, 0x00, 0x38, 0x00, 0x00, 0x0a, 0xf2, 0x00, 0x10, 0x00,
        0x0a, 0x00, 0x00, 0x00, 0x46, 0x0e, 0x10, 0x00, 0x0a, 0x00, 0x00, 0x00,
        0x02, 0x40, 0x00, 0x00, 0x55, 0x55, 0xd5, 0x3e, 0x55, 0x55, 0xd5, 0x3e,
        0x55, 0x55, 0xd5, 0x3e, 0x55, 0x55, 0xd5, 0x3e, 0x19, 0x00, 0x00, 0x05,
        0xf2, 0x00, 0x10, 0x00, 0x0a, 0x00, 0x00, 0x00, 0x46, 0x0e, 0x10, 0x00,
        0x0a, 0x00, 0x00, 0x00, 0x32, 0x00, 0x00, 0x0f, 0xf2, 0x00, 0x10, 0x00,
        0x0a, 0x00, 0x00, 0x00, 0x46, 0x0e, 0x10, 0x00, 0x0a, 0x00, 0x00, 0x00,
        0x02, 0x40, 0x00, 0x00, 0x3d, 0x0a, 0x87, 0x3f, 0x3d, 0x0a, 0x87, 0x3f,
        0x3d, 0x0a, 0x87, 0x3f, 0x3d, 0x0a, 0x87, 0x3f, 0x02, 0x40, 0x00, 0x00,
        0xae, 0x47, 0x61, 0xbd, 0xae, 0x47, 0x61, 0xbd, 0xae, 0x47, 0x61, 0xbd,
        0xae, 0x47, 0x61, 0xbd, 0x37, 0x20, 0x00, 0x09, 0xf2, 0x00, 0x10, 0x00,
        0x09, 0x00, 0x00, 0x00, 0x46, 0x0e, 0x10, 0x00, 0x0c, 0x00, 0x00, 0x00,
        0x46, 0x0e, 0x10, 0x00, 0x0a, 0x00, 0x00, 0x00, 0x46, 0x0e, 0x10, 0x00,
        0x0b, 0x00, 0x00, 0x00, 0x15, 0x00, 0x00, 0x01, 0x6d, 0x00, 0x00, 0x8b,
        0xc2, 0x00, 0x00, 0x80, 0x43, 0x55, 0x15, 0x00, 0xf2, 0x00, 0x10, 0x00,
        0x0a, 0x00, 0x00, 0x00, 0xe6, 0x0a, 0x10, 0x00, 0x02, 0x00, 0x00, 0x00,
        0x46, 0x7e, 0x10, 0x00, 0x00, 0x00, 0x00, 0x00, 0x1a, 0x60, 0x10, 0x00,
        0x00, 0x00, 0x00, 0x00, 0x1f, 0x00, 0x04, 0x04, 0x0a, 0x80, 0x20, 0x00,
        0x00, 0x00, 0x00, 0x00, 0x04, 0x00, 0x00, 0x00, 0x34, 0x00, 0x00, 0x0a,
        0xf2, 0x00, 0x10, 0x00, 0x0b, 0x00, 0x00, 0x00, 0x46, 0x0e, 0x10, 0x00,
        0x0a, 0x00, 0x00, 0x00, 0x02, 0x40, 0x00, 0x00, 0x00, 0x00, 0x00, 0x00,
        0x00, 0x00, 0x00, 0x00, 0x00, 0x00, 0x00, 0x00, 0x00, 0x00, 0x00, 0x00,
        0x38, 0x00, 0x00, 0x0a, 0xf2, 0x00, 0x10, 0x00, 0x0c, 0x00, 0x00, 0x00,
        0x46, 0x0e, 0x10, 0x00, 0x0b, 0x00, 0x00, 0x00, 0x02, 0x40, 0x00, 0x00,
        0x52, 0xb8, 0x4e, 0x41, 0x52, 0xb8, 0x4e, 0x41, 0x52, 0xb8, 0x4e, 0x41,
        0x52, 0xb8, 0x4e, 0x41, 0x31, 0x00, 0x00, 0x0a, 0xf2, 0x00, 0x10, 0x00,
        0x0d, 0x00, 0x00, 0x00, 0x02, 0x40, 0x00, 0x00, 0x1c, 0x2e, 0x4d, 0x3b,
        0x1c, 0x2e, 0x4d, 0x3b, 0x1c, 0x2e, 0x4d, 0x3b, 0x1c, 0x2e, 0x4d, 0x3b,
        0x46, 0x0e, 0x10, 0x00, 0x0b, 0x00, 0x00, 0x00, 0x2f, 0x00, 0x00, 0x05,
        0xf2, 0x00, 0x10, 0x00, 0x0b, 0x00, 0x00, 0x00, 0x46, 0x0e, 0x10, 0x00,
        0x0b, 0x00, 0x00, 0x00, 0x38, 0x00, 0x00, 0x0a, 0xf2, 0x00, 0x10, 0x00,
        0x0b, 0x00, 0x00, 0x00, 0x46, 0x0e, 0x10, 0x00, 0x0b, 0x00, 0x00, 0x00,
        0x02, 0x40, 0x00, 0x00, 0x55, 0x55, 0xd5, 0x3e, 0x55, 0x55, 0xd5, 0x3e,
        0x55, 0x55, 0xd5, 0x3e, 0x55, 0x55, 0xd5, 0x3e, 0x19, 0x00, 0x00, 0x05,
        0xf2, 0x00, 0x10, 0x00, 0x0b, 0x00, 0x00, 0x00, 0x46, 0x0e, 0x10, 0x00,
        0x0b, 0x00, 0x00, 0x00, 0x32, 0x00, 0x00, 0x0f, 0xf2, 0x00, 0x10, 0x00,
        0x0b, 0x00, 0x00, 0x00, 0x46, 0x0e, 0x10, 0x00, 0x0b, 0x00, 0x00, 0x00,
        0x02, 0x40, 0x00, 0x00, 0x3d, 0x0a, 0x87, 0x3f, 0x3d, 0x0a, 0x87, 0x3f,
        0x3d, 0x0a, 0x87, 0x3f, 0x3d, 0x0a, 0x87, 0x3f, 0x02, 0x40, 0x00, 0x00,
        0xae, 0x47, 0x61, 0xbd, 0xae, 0x47, 0x61, 0xbd, 0xae, 0x47, 0x61, 0xbd,
        0xae, 0x47, 0x61, 0xbd, 0x37, 0x20, 0x00, 0x09, 0xf2, 0x00, 0x10, 0x00,
        0x0a, 0x00, 0x00, 0x00, 0x46, 0x0e, 0x10, 0x00, 0x0d, 0x00, 0x00, 0x00,
        0x46, 0x0e, 0x10, 0x00, 0x0b, 0x00, 0x00, 0x00, 0x46, 0x0e, 0x10, 0x00,
        0x0c, 0x00, 0x00, 0x00, 0x15, 0x00, 0x00, 0x01, 0x6d, 0x00, 0x00, 0x8b,
        0xc2, 0x00, 0x00, 0x80, 0x43, 0x55, 0x15, 0x00, 0xf2, 0x00, 0x10, 0x00,
        0x02, 0x00, 0x00, 0x00, 0xe6, 0x0a, 0x10, 0x00, 0x02, 0x00, 0x00, 0x00,
        0x46, 0x7e, 0x10, 0x00, 0x00, 0x00, 0x00, 0x00, 0x2a, 0x60, 0x10, 0x00,
        0x00, 0x00, 0x00, 0x00, 0x1f, 0x00, 0x04, 0x04, 0x0a, 0x80, 0x20, 0x00,
        0x00, 0x00, 0x00, 0x00, 0x04, 0x00, 0x00, 0x00, 0x34, 0x00, 0x00, 0x0a,
        0xf2, 0x00, 0x10, 0x00, 0x0b, 0x00, 0x00, 0x00, 0x46, 0x0e, 0x10, 0x00,
        0x02, 0x00, 0x00, 0x00, 0x02, 0x40, 0x00, 0x00, 0x00, 0x00, 0x00, 0x00,
        0x00, 0x00, 0x00, 0x00, 0x00, 0x00, 0x00, 0x00, 0x00, 0x00, 0x00, 0x00,
        0x38, 0x00, 0x00, 0x0a, 0xf2, 0x00, 0x10, 0x00, 0x0c, 0x00, 0x00, 0x00,
        0x46, 0x0e, 0x10, 0x00, 0x0b, 0x00, 0x00, 0x00, 0x02, 0x40, 0x00, 0x00,
        0x52, 0xb8, 0x4e, 0x41, 0x52, 0xb8, 0x4e, 0x41, 0x52, 0xb8, 0x4e, 0x41,
        0x52, 0xb8, 0x4e, 0x41, 0x31, 0x00, 0x00, 0x0a, 0xf2, 0x00, 0x10, 0x00,
        0x0d, 0x00, 0x00, 0x00, 0x02, 0x40, 0x00, 0x00, 0x1c, 0x2e, 0x4d, 0x3b,
        0x1c, 0x2e, 0x4d, 0x3b, 0x1c, 0x2e, 0x4d, 0x3b, 0x1c, 0x2e, 0x4d, 0x3b,
        0x46, 0x0e, 0x10, 0x00, 0x0b, 0x00, 0x00, 0x00, 0x2f, 0x00, 0x00, 0x05,
        0xf2, 0x00, 0x10, 0x00, 0x0b, 0x00, 0x00, 0x00, 0x46, 0x0e, 0x10, 0x00,
        0x0b, 0x00, 0x00, 0x00, 0x38, 0x00, 0x00, 0x0a, 0xf2, 0x00, 0x10, 0x00,
        0x0b, 0x00, 0x00, 0x00, 0x46, 0x0e, 0x10, 0x00, 0x0b, 0x00, 0x00, 0x00,
        0x02, 0x40, 0x00, 0x00, 0x55, 0x55, 0xd5, 0x3e, 0x55, 0x55, 0xd5, 0x3e,
        0x55, 0x55, 0xd5, 0x3e, 0x55, 0x55, 0xd5, 0x3e, 0x19, 0x00, 0x00, 0x05,
        0xf2, 0x00, 0x10, 0x00, 0x0b, 0x00, 0x00, 0x00, 0x46, 0x0e, 0x10, 0x00,
        0x0b, 0x00, 0x00, 0x00, 0x32, 0x00, 0x00, 0x0f, 0xf2, 0x00, 0x10, 0x00,
        0x0b, 0x00, 0x00, 0x00, 0x46, 0x0e, 0x10, 0x00, 0x0b, 0x00, 0x00, 0x00,
        0x02, 0x40, 0x00, 0x00, 0x3d, 0x0a, 0x87, 0x3f, 0x3d, 0x0a, 0x87, 0x3f,
        0x3d, 0x0a, 0x87, 0x3f, 0x3d, 0x0a, 0x87, 0x3f, 0x02, 0x40, 0x00, 0x00,
        0xae, 0x47, 0x61, 0xbd, 0xae, 0x47, 0x61, 0xbd, 0xae, 0x47, 0x61, 0xbd,
        0xae, 0x47, 0x61, 0xbd, 0x37, 0x20, 0x00, 0x09, 0xf2, 0x00, 0x10, 0x00,
        0x02, 0x00, 0x00, 0x00, 0x46, 0x0e, 0x10, 0x00, 0x0d, 0x00, 0x00, 0x00,
        0x46, 0x0e, 0x10, 0x00, 0x0b, 0x00, 0x00, 0x00, 0x46, 0x0e, 0x10, 0x00,
        0x0c, 0x00, 0x00, 0x00, 0x15, 0x00, 0x00, 0x01, 0x6d, 0x00, 0x00, 0x8b,
        0xc2, 0x00, 0x00, 0x80, 0x43, 0x55, 0x15, 0x00, 0x32, 0x00, 0x10, 0x00,
        0x0b, 0x00, 0x00, 0x00, 0x46, 0x00, 0x10, 0x00, 0x03, 0x00, 0x00, 0x00,
        0xe6, 0x74, 0x10, 0x00, 0x00, 0x00, 0x00, 0x00, 0x0a, 0x60, 0x10, 0x00,
        0x00, 0x00, 0x00, 0x00, 0x1f, 0x00, 0x04, 0x04, 0x0a, 0x80, 0x20, 0x00,
        0x00, 0x00, 0x00, 0x00, 0x04, 0x00, 0x00, 0x00, 0x34, 0x00, 0x00, 0x0a,
        0xc2, 0x00, 0x10, 0x00, 0x03, 0x00, 0x00, 0x00, 0x06, 0x04, 0x10, 0x00,
        0x0b, 0x00, 0x00, 0x00, 0x02, 0x40, 0x00, 0x00, 0x00, 0x00, 0x00, 0x00,
        0x00, 0x00, 0x00, 0x00, 0x00, 0x00, 0x00, 0x00, 0x00, 0x00, 0x00, 0x00,
        0x38, 0x00, 0x00, 0x0a, 0x32, 0x00, 0x10, 0x00, 0x0c, 0x00, 0x00, 0x00,
        0xe6, 0x0a, 0x10, 0x00, 0x03, 0x00, 0x00, 0x00, 0x02, 0x40, 0x00, 0x00,
        0x52, 0xb8, 0x4e, 0x41, 0x52, 0xb8, 0x4e, 0x41, 0x00, 0x00, 0x00, 0x00,
        0x00, 0x00, 0x00, 0x00, 0x31, 0x00, 0x00, 0x0a, 0xc2, 0x00, 0x10, 0x00,
        0x0c, 0x00, 0x00, 0x00, 0x02, 0x40, 0x00, 0x00, 0x00, 0x00, 0x00, 0x00,
        0x00, 0x00, 0x00, 0x00, 0x1c, 0x2e, 0x4d, 0x3b, 0x1c, 0x2e, 0x4d, 0x3b,
        0xa6, 0x0e, 0x10, 0x00, 0x03, 0x00, 0x00, 0x00, 0x2f, 0x00, 0x00, 0x05,
        0xc2, 0x00, 0x10, 0x00, 0x03, 0x00, 0x00, 0x00, 0xa6, 0x0e, 0x10, 0x00,
        0x03, 0x00, 0x00, 0x00, 0x38, 0x00, 0x00, 0x0a, 0xc2, 0x00, 0x10, 0x00,
        0x03, 0x00, 0x00, 0x00, 0xa6, 0x0e, 0x10, 0x00, 0x03, 0x00, 0x00, 0x00,
        0x02, 0x40, 0x00, 0x00, 0x00, 0x00, 0x00, 0x00, 0x00, 0x00, 0x00, 0x00,
        0x55, 0x55, 0xd5, 0x3e, 0x55, 0x55, 0xd5, 0x3e, 0x19, 0x00, 0x00, 0x05,
        0xc2, 0x00, 0x10, 0x00, 0x03, 0x00, 0x00, 0x00, 0xa6, 0x0e, 0x10, 0x00,
        0x03, 0x00, 0x00, 0x00, 0x32, 0x00, 0x00, 0x0f, 0xc2, 0x00, 0x10, 0x00,
        0x03, 0x00, 0x00, 0x00, 0xa6, 0x0e, 0x10, 0x00, 0x03, 0x00, 0x00, 0x00,
        0x02, 0x40, 0x00, 0x00, 0x00, 0x00, 0x00, 0x00, 0x00, 0x00, 0x00, 0x00,
        0x3d, 0x0a, 0x87, 0x3f, 0x3d, 0x0a, 0x87, 0x3f, 0x02, 0x40, 0x00, 0x00,
        0x00, 0x00, 0x00, 0x00, 0x00, 0x00, 0x00, 0x00, 0xae, 0x47, 0x61, 0xbd,
        0xae, 0x47, 0x61, 0xbd, 0x37, 0x20, 0x00, 0x09, 0x32, 0x00, 0x10, 0x00,
        0x0b, 0x00, 0x00, 0x00, 0xe6, 0x0a, 0x10, 0x00, 0x0c, 0x00, 0x00, 0x00,
        0xe6, 0x0a, 0x10, 0x00, 0x03, 0x00, 0x00, 0x00, 0x46, 0x00, 0x10, 0x00,
        0x0c, 0x00, 0x00, 0x00, 0x15, 0x00, 0x00, 0x01, 0x6d, 0x00, 0x00, 0x8b,
        0xc2, 0x00, 0x00, 0x80, 0x43, 0x55, 0x15, 0x00, 0x32, 0x00, 0x10, 0x00,
        0x0c, 0x00, 0x00, 0x00, 0x46, 0x00, 0x10, 0x00, 0x03, 0x00, 0x00, 0x00,
        0xe6, 0x74, 0x10, 0x00, 0x00, 0x00, 0x00, 0x00, 0x1a, 0x60, 0x10, 0x00,
        0x00, 0x00, 0x00, 0x00, 0x1f, 0x00, 0x04, 0x04, 0x0a, 0x80, 0x20, 0x00,
        0x00, 0x00, 0x00, 0x00, 0x04, 0x00, 0x00, 0x00, 0x34, 0x00, 0x00, 0x0a,
        0xc2, 0x00, 0x10, 0x00, 0x03, 0x00, 0x00, 0x00, 0x06, 0x04, 0x10, 0x00,
        0x0c, 0x00, 0x00, 0x00, 0x02, 0x40, 0x00, 0x00, 0x00, 0x00, 0x00, 0x00,
        0x00, 0x00, 0x00, 0x00, 0x00, 0x00, 0x00, 0x00, 0x00, 0x00, 0x00, 0x00,
        0x38, 0x00, 0x00, 0x0a, 0x32, 0x00, 0x10, 0x00, 0x0d, 0x00, 0x00, 0x00,
        0xe6, 0x0a, 0x10, 0x00, 0x03, 0x00, 0x00, 0x00, 0x02, 0x40, 0x00, 0x00,
        0x52, 0xb8, 0x4e, 0x41, 0x52, 0xb8, 0x4e, 0x41, 0x00, 0x00, 0x00, 0x00,
        0x00, 0x00, 0x00, 0x00, 0x31, 0x00, 0x00, 0x0a, 0xc2, 0x00, 0x10, 0x00,
        0x0d, 0x00, 0x00, 0x00, 0x02, 0x40, 0x00, 0x00, 0x00, 0x00, 0x00, 0x00,
        0x00, 0x00, 0x00, 0x00, 0x1c, 0x2e, 0x4d, 0x3b, 0x1c, 0x2e, 0x4d, 0x3b,
        0xa6, 0x0e, 0x10, 0x00, 0x03, 0x00, 0x00, 0x00, 0x2f, 0x00, 0x00, 0x05,
        0xc2, 0x00, 0x10, 0x00, 0x03, 0x00, 0x00, 0x00, 0xa6, 0x0e, 0x10, 0x00,
        0x03, 0x00, 0x00, 0x00, 0x38, 0x00, 0x00, 0x0a, 0xc2, 0x00, 0x10, 0x00,
        0x03, 0x00, 0x00, 0x00, 0xa6, 0x0e, 0x10, 0x00, 0x03, 0x00, 0x00, 0x00,
        0x02, 0x40, 0x00, 0x00, 0x00, 0x00, 0x00, 0x00, 0x00, 0x00, 0x00, 0x00,
        0x55, 0x55, 0xd5, 0x3e, 0x55, 0x55, 0xd5, 0x3e, 0x19, 0x00, 0x00, 0x05,
        0xc2, 0x00, 0x10, 0x00, 0x03, 0x00, 0x00, 0x00, 0xa6, 0x0e, 0x10, 0x00,
        0x03, 0x00, 0x00, 0x00, 0x32, 0x00, 0x00, 0x0f, 0xc2, 0x00, 0x10, 0x00,
        0x03, 0x00, 0x00, 0x00, 0xa6, 0x0e, 0x10, 0x00, 0x03, 0x00, 0x00, 0x00,
        0x02, 0x40, 0x00, 0x00, 0x00, 0x00, 0x00, 0x00, 0x00, 0x00, 0x00, 0x00,
        0x3d, 0x0a, 0x87, 0x3f, 0x3d, 0x0a, 0x87, 0x3f, 0x02, 0x40, 0x00, 0x00,
        0x00, 0x00, 0x00, 0x00, 0x00, 0x00, 0x00, 0x00, 0xae, 0x47, 0x61, 0xbd,
        0xae, 0x47, 0x61, 0xbd, 0x37, 0x20, 0x00, 0x09, 0x32, 0x00, 0x10, 0x00,
        0x0c, 0x00, 0x00, 0x00, 0xe6, 0x0a, 0x10, 0x00, 0x0d, 0x00, 0x00, 0x00,
        0xe6, 0x0a, 0x10, 0x00, 0x03, 0x00, 0x00, 0x00, 0x46, 0x00, 0x10, 0x00,
        0x0d, 0x00, 0x00, 0x00, 0x15, 0x00, 0x00, 0x01, 0x6d, 0x00, 0x00, 0x8b,
        0xc2, 0x00, 0x00, 0x80, 0x43, 0x55, 0x15, 0x00, 0x32, 0x00, 0x10, 0x00,
        0x03, 0x00, 0x00, 0x00, 0x46, 0x00, 0x10, 0x00, 0x03, 0x00, 0x00, 0x00,
        0xe6, 0x74, 0x10, 0x00, 0x00, 0x00, 0x00, 0x00, 0x2a, 0x60, 0x10, 0x00,
        0x00, 0x00, 0x00, 0x00, 0x1f, 0x00, 0x04, 0x04, 0x0a, 0x80, 0x20, 0x00,
        0x00, 0x00, 0x00, 0x00, 0x04, 0x00, 0x00, 0x00, 0x34, 0x00, 0x00, 0x0a,
        0xc2, 0x00, 0x10, 0x00, 0x03, 0x00, 0x00, 0x00, 0x06, 0x04, 0x10, 0x00,
        0x03, 0x00, 0x00, 0x00, 0x02, 0x40, 0x00, 0x00, 0x00, 0x00, 0x00, 0x00,
        0x00, 0x00, 0x00, 0x00, 0x00, 0x00, 0x00, 0x00, 0x00, 0x00, 0x00, 0x00,
        0x38, 0x00, 0x00, 0x0a, 0x32, 0x00, 0x10, 0x00, 0x0d, 0x00, 0x00, 0x00,
        0xe6, 0x0a, 0x10, 0x00, 0x03, 0x00, 0x00, 0x00, 0x02, 0x40, 0x00, 0x00,
        0x52, 0xb8, 0x4e, 0x41, 0x52, 0xb8, 0x4e, 0x41, 0x00, 0x00, 0x00, 0x00,
        0x00, 0x00, 0x00, 0x00, 0x31, 0x00, 0x00, 0x0a, 0xc2, 0x00, 0x10, 0x00,
        0x0d, 0x00, 0x00, 0x00, 0x02, 0x40, 0x00, 0x00, 0x00, 0x00, 0x00, 0x00,
        0x00, 0x00, 0x00, 0x00, 0x1c, 0x2e, 0x4d, 0x3b, 0x1c, 0x2e, 0x4d, 0x3b,
        0xa6, 0x0e, 0x10, 0x00, 0x03, 0x00, 0x00, 0x00, 0x2f, 0x00, 0x00, 0x05,
        0xc2, 0x00, 0x10, 0x00, 0x03, 0x00, 0x00, 0x00, 0xa6, 0x0e, 0x10, 0x00,
        0x03, 0x00, 0x00, 0x00, 0x38, 0x00, 0x00, 0x0a, 0xc2, 0x00, 0x10, 0x00,
        0x03, 0x00, 0x00, 0x00, 0xa6, 0x0e, 0x10, 0x00, 0x03, 0x00, 0x00, 0x00,
        0x02, 0x40, 0x00, 0x00, 0x00, 0x00, 0x00, 0x00, 0x00, 0x00, 0x00, 0x00,
        0x55, 0x55, 0xd5, 0x3e, 0x55, 0x55, 0xd5, 0x3e, 0x19, 0x00, 0x00, 0x05,
        0xc2, 0x00, 0x10, 0x00, 0x03, 0x00, 0x00, 0x00, 0xa6, 0x0e, 0x10, 0x00,
        0x03, 0x00, 0x00, 0x00, 0x32, 0x00, 0x00, 0x0f, 0xc2, 0x00, 0x10, 0x00,
        0x03, 0x00, 0x00, 0x00, 0xa6, 0x0e, 0x10, 0x00, 0x03, 0x00, 0x00, 0x00,
        0x02, 0x40, 0x00, 0x00, 0x00, 0x00, 0x00, 0x00, 0x00, 0x00, 0x00, 0x00,
        0x3d, 0x0a, 0x87, 0x3f, 0x3d, 0x0a, 0x87, 0x3f, 0x02, 0x40, 0x00, 0x00,
        0x00, 0x00, 0x00, 0x00, 0x00, 0x00, 0x00, 0x00, 0xae, 0x47, 0x61, 0xbd,
        0xae, 0x47, 0x61, 0xbd, 0x37, 0x20, 0x00, 0x09, 0x32, 0x00, 0x10, 0x00,
        0x03, 0x00, 0x00, 0x00, 0xe6, 0x0a, 0x10, 0x00, 0x0d, 0x00, 0x00, 0x00,
        0xe6, 0x0a, 0x10, 0x00, 0x03, 0x00, 0x00, 0x00, 0x46, 0x00, 0x10, 0x00,
        0x0d, 0x00, 0x00, 0x00, 0x15, 0x00, 0x00, 0x01, 0x32, 0x00, 0x00, 0x0c,
        0xc2, 0x00, 0x10, 0x00, 0x03, 0x00, 0x00, 0x00, 0x06, 0x04, 0x10, 0x00,
        0x04, 0x00, 0x00, 0x00, 0x02, 0x40, 0x00, 0x00, 0x00, 0x00, 0x00, 0x00,
        0x00, 0x00, 0x00, 0x00, 0x00, 0x00, 0x00, 0x3f, 0x00, 0x00, 0x00, 0x3f,
        0x06, 0x04, 0x10, 0x00, 0x05, 0x00, 0x00, 0x00, 0x32, 0x00, 0x00, 0x0c,
        0xc2, 0x00, 0x10, 0x00, 0x03, 0x00, 0x00, 0x00, 0xa6, 0x0e, 0x10, 0x00,
        0x01, 0x00, 0x00, 0x00, 0x02, 0x40, 0x00, 0x00, 0x00, 0x00, 0x00, 0x00,
        0x00, 0x00, 0x00, 0x00, 0x00, 0x00, 0x00, 0x3f, 0x00, 0x00, 0x00, 0x3f,
        0xa6, 0x0e, 0x10, 0x00, 0x03, 0x00, 0x00, 0x00, 0x32, 0x00, 0x00, 0x0c,
        0xf2, 0x00, 0x10, 0x00, 0x0d, 0x00, 0x00, 0x00, 0xe6, 0x01, 0x10, 0x00,
        0x06, 0x00, 0x00, 0x00, 0x02, 0x40, 0x00, 0x00, 0x00, 0x00, 0x00, 0x3f,
        0x00, 0x00, 0x00, 0x3f, 0x00, 0x00, 0x00, 0x3f, 0x00, 0x00, 0x00, 0x3f,
        0xe6, 0x01, 0x10, 0x00, 0x07, 0x00, 0x00, 0x00, 0x32, 0x00, 0x00, 0x0c,
        0xf2, 0x00, 0x10, 0x00, 0x0d, 0x00, 0x00, 0x00, 0xd6, 0x08, 0x10, 0x00,
        0x08, 0x00, 0x00, 0x00, 0x02, 0x40, 0x00, 0x00, 0x00, 0x00, 0x00, 0x3f,
        0x00, 0x00, 0x00, 0x3f, 0x00, 0x00, 0x00, 0x3f, 0x00, 0x00, 0x00, 0x3f,
        0x46, 0x0e, 0x10, 0x00, 0x0d, 0x00, 0x00, 0x00, 0x32, 0x00, 0x00, 0x0c,
        0xf2, 0x00, 0x10, 0x00, 0x0e, 0x00, 0x00, 0x00, 0x46, 0x0e, 0x10, 0x00,
        0x09, 0x00, 0x00, 0x00, 0x02, 0x40, 0x00, 0x00, 0x00, 0x00, 0x00, 0x3f,
        0x00, 0x00, 0x00, 0x3f, 0x00, 0x00, 0x00, 0x3f, 0x00, 0x00, 0x00, 0x3f,
        0x46, 0x0e, 0x10, 0x00, 0x0a, 0x00, 0x00, 0x00, 0x32, 0x00, 0x00, 0x0c,
        0xf2, 0x00, 0x10, 0x00, 0x0e, 0x00, 0x00, 0x00, 0x46, 0x0e, 0x10, 0x00,
        0x02, 0x00, 0x00, 0x00, 0x02, 0x40, 0x00, 0x00, 0x00, 0x00, 0x00, 0x3f,
        0x00, 0x00, 0x00, 0x3f, 0x00, 0x00, 0x00, 0x3f, 0x00, 0x00, 0x00, 0x3f,
        0x46, 0x0e, 0x10, 0x00, 0x0e, 0x00, 0x00, 0x00, 0x32, 0x00, 0x00, 0x0c,
        0x32, 0x00, 0x10, 0x00, 0x0f, 0x00, 0x00, 0x00, 0x46, 0x00, 0x10, 0x00,
        0x0b, 0x00, 0x00, 0x00, 0x02, 0x40, 0x00, 0x00, 0x00, 0x00, 0x00, 0x3f,
        0x00, 0x00, 0x00, 0x3f, 0x00, 0x00, 0x00, 0x00, 0x00, 0x00, 0x00, 0x00,
        0x46, 0x00, 0x10, 0x00, 0x0c, 0x00, 0x00, 0x00, 0x32, 0x00, 0x00, 0x0c,
        0x32, 0x00, 0x10, 0x00, 0x0f, 0x00, 0x00, 0x00, 0x46, 0x00, 0x10, 0x00,
        0x03, 0x00, 0x00, 0x00, 0x02, 0x40, 0x00, 0x00, 0x00, 0x00, 0x00, 0x3f,
        0x00, 0x00, 0x00, 0x3f, 0x00, 0x00, 0x00, 0x00, 0x00, 0x00, 0x00, 0x00,
        0x46, 0x00, 0x10, 0x00, 0x0f, 0x00, 0x00, 0x00, 0x00, 0x00, 0x00, 0x0b,
        0xf2, 0x00, 0x10, 0x00, 0x10, 0x00, 0x00, 0x00, 0x46, 0x04, 0x10, 0x80,
        0x41, 0x00, 0x00, 0x00, 0x01, 0x00, 0x00, 0x00, 0x02, 0x40, 0x00, 0x00,
        0x00, 0x00, 0x80, 0x3f, 0x00, 0x00, 0x80, 0x3f, 0x00, 0x00, 0x00, 0x00,
        0x00, 0x00, 0x80, 0xbf, 0x38, 0x00, 0x00, 0x07, 0x42, 0x00, 0x10, 0x00,
        0x0f, 0x00, 0x00, 0x00, 0x1a, 0x00, 0x10, 0x00, 0x10, 0x00, 0x00, 0x00,
        0x0a, 0x00, 0x10, 0x00, 0x10, 0x00, 0x00, 0x00, 0x00, 0x00, 0x00, 0x08,
        0xf2, 0x00, 0x10, 0x00, 0x11, 0x00, 0x00, 0x00, 0x46, 0x08, 0x10, 0x80,
        0x41, 0x00, 0x00, 0x00, 0x0d, 0x00, 0x00, 0x00, 0xf6, 0x02, 0x10, 0x00,
        0x0e, 0x00, 0x00, 0x00, 0x00, 0x00, 0x00, 0x08, 0x72, 0x00, 0x10, 0x00,
        0x12, 0x00, 0x00, 0x00, 0x16, 0x07, 0x10, 0x80, 0x41, 0x00, 0x00, 0x00,
        0x0d, 0x00, 0x00, 0x00, 0x86, 0x02, 0x10, 0x00, 0x0d, 0x00, 0x00, 0x00,
        0x34, 0x00, 0x00, 0x09, 0x52, 0x00, 0x10, 0x00, 0x12, 0x00, 0x00, 0x00,
        0x06, 0x03, 0x10, 0x80, 0x81, 0x00, 0x00, 0x00, 0x11, 0x00, 0x00, 0x00,
        0x06, 0x02, 0x10, 0x80, 0x81, 0x00, 0x00, 0x00, 0x12, 0x00, 0x00, 0x00,
        0x1e, 0x00, 0x00, 0x0b, 0x52, 0x00, 0x10, 0x00, 0x12, 0x00, 0x00, 0x00,
        0x06, 0x02, 0x10, 0x80, 0x41, 0x00, 0x00, 0x00, 0x12, 0x00, 0x00, 0x00,
        0x02, 0x40, 0x00, 0x00, 0xbb, 0x7e, 0xf0, 0x7e, 0x00, 0x00, 0x00, 0x00,
        0xbb, 0x7e, 0xf0, 0x7e, 0x00, 0x00, 0x00, 0x00, 0x38, 0x20, 0x00, 0x08,
        0x22, 0x00, 0x10, 0x00, 0x0d, 0x00, 0x00, 0x00, 0x1a, 0x00, 0x10, 0x80,
        0x81, 0x00, 0x00, 0x00, 0x11, 0x00, 0x00, 0x00, 0x0a, 0x00, 0x10, 0x00,
        0x12, 0x00, 0x00, 0x00, 0x38, 0x00, 0x00, 0x07, 0x22, 0x00, 0x10, 0x00,
        0x0d, 0x00, 0x00, 0x00, 0x1a, 0x00, 0x10, 0x00, 0x0d, 0x00, 0x00, 0x00,
        0x1a, 0x00, 0x10, 0x00, 0x0d, 0x00, 0x00, 0x00, 0x00, 0x00, 0x00, 0x08,
        0x92, 0x00, 0x10, 0x00, 0x12, 0x00, 0x00, 0x00, 0xa6, 0x0a, 0x10, 0x80,
        0x41, 0x00, 0x00, 0x00, 0x03, 0x00, 0x00, 0x00, 0x06, 0x08, 0x10, 0x00,
        0x0d, 0x00, 0x00, 0x00, 0x34, 0x00, 0x00, 0x09, 0x42, 0x00, 0x10, 0x00,
        0x03, 0x00, 0x00, 0x00, 0x0a, 0x00, 0x10, 0x80, 0x81, 0x00, 0x00, 0x00,
        0x12, 0x00, 0x00, 0x00, 0x1a, 0x00, 0x10, 0x80, 0x81, 0x00, 0x00, 0x00,
        0x12, 0x00, 0x00, 0x00, 0x1e, 0x00, 0x00, 0x08, 0x42, 0x00, 0x10, 0x00,
        0x03, 0x00, 0x00, 0x00, 0x2a, 0x00, 0x10, 0x80, 0x41, 0x00, 0x00, 0x00,
        0x03, 0x00, 0x00, 0x00, 0x01, 0x40, 0x00, 0x00, 0xbb, 0x7e, 0xf0, 0x7e,
        0x38, 0x20, 0x00, 0x08, 0x42, 0x00, 0x10, 0x00, 0x03, 0x00, 0x00, 0x00,
        0x2a, 0x00, 0x10, 0x00, 0x03, 0x00, 0x00, 0x00, 0x3a, 0x00, 0x10, 0x80,
        0x81, 0x00, 0x00, 0x00, 0x12, 0x00, 0x00, 0x00, 0x38, 0x00, 0x00, 0x07,
        0x42, 0x00, 0x10, 0x00, 0x03, 0x00, 0x00, 0x00, 0x2a, 0x00, 0x10, 0x00,
        0x03, 0x00, 0x00, 0x00, 0x2a, 0x00, 0x10, 0x00, 0x03, 0x00, 0x00, 0x00,
        0x38, 0x00, 0x00, 0x07, 0x42, 0x00, 0x10, 0x00, 0x03, 0x00, 0x00, 0x00,
        0x2a, 0x00, 0x10, 0x00, 0x0f, 0x00, 0x00, 0x00, 0x2a, 0x00, 0x10, 0x00,
        0x03, 0x00, 0x00, 0x00, 0x32, 0x00, 0x00, 0x09, 0x42, 0x00, 0x10, 0x00,
        0x03, 0x00, 0x00, 0x00, 0x1a, 0x00, 0x10, 0x00, 0x0d, 0x00, 0x00, 0x00,
        0x2a, 0x00, 0x10, 0x00, 0x0f, 0x00, 0x00, 0x00, 0x2a, 0x00, 0x10, 0x00,
        0x03, 0x00, 0x00, 0x00, 0x38, 0x00, 0x00, 0x07, 0x32, 0x00, 0x10, 0x00,
        0x10, 0x00, 0x00, 0x00, 0x46, 0x00, 0x10, 0x00, 0x01, 0x00, 0x00, 0x00,
        0x16, 0x05, 0x10, 0x00, 0x10, 0x00, 0x00, 0x00, 0x00, 0x00, 0x00, 0x08,
        0x72, 0x00, 0x10, 0x00, 0x13, 0x00, 0x00, 0x00, 0xf6, 0x0c, 0x10, 0x80,
        0x41, 0x00, 0x00, 0x00, 0x0e, 0x00, 0x00, 0x00, 0x26, 0x09, 0x10, 0x00,
        0x0e, 0x00, 0x00, 0x00, 0x34, 0x00, 0x00, 0x09, 0x92, 0x00, 0x10, 0x00,
        0x11, 0x00, 0x00, 0x00, 0x06, 0x0c, 0x10, 0x80, 0x81, 0x00, 0x00, 0x00,
        0x11, 0x00, 0x00, 0x00, 0x06, 0x08, 0x10, 0x80, 0x81, 0x00, 0x00, 0x00,
        0x13, 0x00, 0x00, 0x00, 0x1e, 0x00, 0x00, 0x0b, 0x92, 0x00, 0x10, 0x00,
        0x11, 0x00, 0x00, 0x00, 0x06, 0x0c, 0x10, 0x80, 0x41, 0x00, 0x00, 0x00,
        0x11, 0x00, 0x00, 0x00, 0x02, 0x40, 0x00, 0x00, 0xbb, 0x7e, 0xf0, 0x7e,
        0x00, 0x00, 0x00, 0x00, 0x00, 0x00, 0x00, 0x00, 0xbb, 0x7e, 0xf0, 0x7e,
        0x38, 0x00, 0x00, 0x07, 0x22, 0x00, 0x10, 0x00, 0x0d, 0x00, 0x00, 0x00,
        0x0a, 0x00, 0x10, 0x00, 0x10, 0x00, 0x00, 0x00, 0x2a, 0x00, 0x10, 0x00,
        0x11, 0x00, 0x00, 0x00, 0x32, 0x00, 0x00, 0x09, 0x22, 0x00, 0x10, 0x00,
        0x0d, 0x00, 0x00, 0x00, 0x1a, 0x00, 0x10, 0x00, 0x11, 0x00, 0x00, 0x00,
        0x2a, 0x00, 0x10, 0x00, 0x0f, 0x00, 0x00, 0x00, 0x1a, 0x00, 0x10, 0x00,
        0x0d, 0x00, 0x00, 0x00, 0x38, 0x20, 0x00, 0x08, 0x42, 0x00, 0x10, 0x00,
        0x0e, 0x00, 0x00, 0x00, 0x0a, 0x00, 0x10, 0x00, 0x11, 0x00, 0x00, 0x00,
        0x2a, 0x00, 0x10, 0x80, 0x81, 0x00, 0x00, 0x00, 0x11, 0x00, 0x00, 0x00,
        0x38, 0x00, 0x00, 0x07, 0x42, 0x00, 0x10, 0x00, 0x0e, 0x00, 0x00, 0x00,
        0x2a, 0x00, 0x10, 0x00, 0x0e, 0x00, 0x00, 0x00, 0x2a, 0x00, 0x10, 0x00,
        0x0e, 0x00, 0x00, 0x00, 0x32, 0x00, 0x00, 0x09, 0x42, 0x00, 0x10, 0x00,
        0x03, 0x00, 0x00, 0x00, 0x2a, 0x00, 0x10, 0x00, 0x0e, 0x00, 0x00, 0x00,
        0x0a, 0x00, 0x10, 0x00, 0x10, 0x00, 0x00, 0x00, 0x2a, 0x00, 0x10, 0x00,
        0x03, 0x00, 0x00, 0x00, 0x00, 0x00, 0x00, 0x08, 0x32, 0x00, 0x10, 0x00,
        0x11, 0x00, 0x00, 0x00, 0xf6, 0x0f, 0x10, 0x80, 0x41, 0x00, 0x00, 0x00,
        0x03, 0x00, 0x00, 0x00, 0x36, 0x0f, 0x10, 0x00, 0x0e, 0x00, 0x00, 0x00,
        0x34, 0x00, 0x00, 0x09, 0x82, 0x00, 0x10, 0x00, 0x03, 0x00, 0x00, 0x00,
        0x0a, 0x00, 0x10, 0x80, 0x81, 0x00, 0x00, 0x00, 0x11, 0x00, 0x00, 0x00,
        0x1a, 0x00, 0x10, 0x80, 0x81, 0x00, 0x00, 0x00, 0x13, 0x00, 0x00, 0x00,
        0x1e, 0x00, 0x00, 0x08, 0x82, 0x00, 0x10, 0x00, 0x03, 0x00, 0x00, 0x00,
        0x3a, 0x00, 0x10, 0x80, 0x41, 0x00, 0x00, 0x00, 0x03, 0x00, 0x00, 0x00,
        0x01, 0x40, 0x00, 0x00, 0xbb, 0x7e, 0xf0, 0x7e, 0x38, 0x00, 0x00, 0x07,
        0x42, 0x00, 0x10, 0x00, 0x0e, 0x00, 0x00, 0x00, 0x0a, 0x00, 0x10, 0x00,
        0x10, 0x00, 0x00, 0x00, 0x1a, 0x00, 0x10, 0x00, 0x11, 0x00, 0x00, 0x00,
        0x32, 0x00, 0x00, 0x09, 0x42, 0x00, 0x10, 0x00, 0x0e, 0x00, 0x00, 0x00,
        0x3a, 0x00, 0x10, 0x00, 0x12, 0x00, 0x00, 0x00, 0x2a, 0x00, 0x10, 0x00,
        0x0f, 0x00, 0x00, 0x00, 0x2a, 0x00, 0x10, 0x00, 0x0e, 0x00, 0x00, 0x00,
        0x38, 0x20, 0x00, 0x08, 0x82, 0x00, 0x10, 0x00, 0x03, 0x00, 0x00, 0x00,
        0x3a, 0x00, 0x10, 0x00, 0x03, 0x00, 0x00, 0x00, 0x1a, 0x00, 0x10, 0x80,
        0x81, 0x00, 0x00, 0x00, 0x11, 0x00, 0x00, 0x00, 0x38, 0x00, 0x00, 0x07,
        0x82, 0x00, 0x10, 0x00, 0x03, 0x00, 0x00, 0x00, 0x3a, 0x00, 0x10, 0x00,
        0x03, 0x00, 0x00, 0x00, 0x3a, 0x00, 0x10, 0x00, 0x03, 0x00, 0x00, 0x00,
        0x32, 0x00, 0x00, 0x09, 0x42, 0x00, 0x10, 0x00, 0x03, 0x00, 0x00, 0x00,
        0x3a, 0x00, 0x10, 0x00, 0x03, 0x00, 0x00, 0x00, 0x0a, 0x00, 0x10, 0x00,
        0x10, 0x00, 0x00, 0x00, 0x2a, 0x00, 0x10, 0x00, 0x03, 0x00, 0x00, 0x00,
        0x00, 0x00, 0x00, 0x08, 0xc2, 0x00, 0x10, 0x00, 0x0f, 0x00, 0x00, 0x00,
        0xf6, 0x0b, 0x10, 0x80, 0x41, 0x00, 0x00, 0x00, 0x0d, 0x00, 0x00, 0x00,
        0x06, 0x04, 0x10, 0x00, 0x0e, 0x00, 0x00, 0x00, 0x32, 0x00, 0x00, 0x09,
        0x82, 0x00, 0x10, 0x00, 0x03, 0x00, 0x00, 0x00, 0x2a, 0x00, 0x10, 0x00,
        0x0f, 0x00, 0x00, 0x00, 0x1a, 0x00, 0x10, 0x00, 0x10, 0x00, 0x00, 0x00,
        0x1a, 0x00, 0x10, 0x00, 0x0d, 0x00, 0x00, 0x00, 0x38, 0x20, 0x00, 0x08,
        0x22, 0x00, 0x10, 0x00, 0x0d, 0x00, 0x00, 0x00, 0x2a, 0x00, 0x10, 0x00,
        0x12, 0x00, 0x00, 0x00, 0x2a, 0x00, 0x10, 0x80, 0x81, 0x00, 0x00, 0x00,
        0x0f, 0x00, 0x00, 0x00, 0x38, 0x00, 0x00, 0x07, 0x22, 0x00, 0x10, 0x00,
        0x0d, 0x00, 0x00, 0x00, 0x1a, 0x00, 0x10, 0x00, 0x0d, 0x00, 0x00, 0x00,
        0x1a, 0x00, 0x10, 0x00, 0x0d, 0x00, 0x00, 0x00, 0x32, 0x00, 0x00, 0x09,
        0x42, 0x00, 0x10, 0x00, 0x03, 0x00, 0x00, 0x00, 0x1a, 0x00, 0x10, 0x00,
        0x0d, 0x00, 0x00, 0x00, 0x1a, 0x00, 0x10, 0x00, 0x10, 0x00, 0x00, 0x00,
        0x2a, 0x00, 0x10, 0x00, 0x03, 0x00, 0x00, 0x00, 0x00, 0x00, 0x00, 0x08,
        0x32, 0x00, 0x10, 0x00, 0x0d, 0x00, 0x00, 0x00, 0x26, 0x0a, 0x10, 0x80,
        0x41, 0x00, 0x00, 0x00, 0x0d, 0x00, 0x00, 0x00, 0x56, 0x05, 0x10, 0x00,
        0x0f, 0x00, 0x00, 0x00, 0x34, 0x00, 0x00, 0x09, 0x12, 0x00, 0x10, 0x00,
        0x0d, 0x00, 0x00, 0x00, 0x1a, 0x00, 0x10, 0x80, 0x81, 0x00, 0x00, 0x00,
        0x12, 0x00, 0x00, 0x00, 0x0a, 0x00, 0x10, 0x80, 0x81, 0x00, 0x00, 0x00,
        0x0d, 0x00, 0x00, 0x00, 0x1e, 0x00, 0x00, 0x08, 0x12, 0x00, 0x10, 0x00,
        0x0d, 0x00, 0x00, 0x00, 0x0a, 0x00, 0x10, 0x80, 0x41, 0x00, 0x00, 0x00,
        0x0d, 0x00, 0x00, 0x00, 0x01, 0x40, 0x00, 0x00, 0xbb, 0x7e, 0xf0, 0x7e,
        0x32, 0x00, 0x00, 0x09, 0x42, 0x00, 0x10, 0x00, 0x0d, 0x00, 0x00, 0x00,
        0x1a, 0x00, 0x10, 0x00, 0x0d, 0x00, 0x00, 0x00, 0x1a, 0x00, 0x10, 0x00,
        0x10, 0x00, 0x00, 0x00, 0x2a, 0x00, 0x10, 0x00, 0x0e, 0x00, 0x00, 0x00,
        0x38, 0x20, 0x00, 0x08, 0x12, 0x00, 0x10, 0x00, 0x0d, 0x00, 0x00, 0x00,
        0x0a, 0x00, 0x10, 0x00, 0x0d, 0x00, 0x00, 0x00, 0x1a, 0x00, 0x10, 0x80,
        0x81, 0x00, 0x00, 0x00, 0x0d, 0x00, 0x00, 0x00, 0x38, 0x00, 0x00, 0x07,
        0x12, 0x00, 0x10, 0x00, 0x0d, 0x00, 0x00, 0x00, 0x0a, 0x00, 0x10, 0x00,
        0x0d, 0x00, 0x00, 0x00, 0x0a, 0x00, 0x10, 0x00, 0x0d, 0x00, 0x00, 0x00,
        0x32, 0x00, 0x00, 0x09, 0x42, 0x00, 0x10, 0x00, 0x03, 0x00, 0x00, 0x00,
        0x0a, 0x00, 0x10, 0x00, 0x0d, 0x00, 0x00, 0x00, 0x1a, 0x00, 0x10, 0x00,
        0x10, 0x00, 0x00, 0x00, 0x2a, 0x00, 0x10, 0x00, 0x03, 0x00, 0x00, 0x00,
        0x38, 0x00, 0x00, 0x07, 0x12, 0x00, 0x10, 0x00, 0x0d, 0x00, 0x00, 0x00,
        0x1a, 0x00, 0x10, 0x00, 0x01, 0x00, 0x00, 0x00, 0x0a, 0x00, 0x10, 0x00,
        0x01, 0x00, 0x00, 0x00, 0x32, 0x00, 0x00, 0x09, 0x22, 0x00, 0x10, 0x00,
        0x11, 0x00, 0x00, 0x00, 0x3a, 0x00, 0x10, 0x00, 0x0f, 0x00, 0x00, 0x00,
        0x0a, 0x00, 0x10, 0x00, 0x0d, 0x00, 0x00, 0x00, 0x3a, 0x00, 0x10, 0x00,
        0x03, 0x00, 0x00, 0x00, 0x38, 0x20, 0x00, 0x08, 0x82, 0x00, 0x10, 0x00,
        0x03, 0x00, 0x00, 0x00, 0x3a, 0x00, 0x10, 0x00, 0x11, 0x00, 0x00, 0x00,
        0x3a, 0x00, 0x10, 0x80, 0x81, 0x00, 0x00, 0x00, 0x0f, 0x00, 0x00, 0x00,
        0x38, 0x00, 0x00, 0x07, 0x82, 0x00, 0x10, 0x00, 0x03, 0x00, 0x00, 0x00,
        0x3a, 0x00, 0x10, 0x00, 0x03, 0x00, 0x00, 0x00, 0x3a, 0x00, 0x10, 0x00,
        0x03, 0x00, 0x00, 0x00, 0x32, 0x00, 0x00, 0x09, 0x42, 0x00, 0x10, 0x00,
        0x03, 0x00, 0x00, 0x00, 0x3a, 0x00, 0x10, 0x00, 0x03, 0x00, 0x00, 0x00,
        0x0a, 0x00, 0x10, 0x00, 0x0d, 0x00, 0x00, 0x00, 0x2a, 0x00, 0x10, 0x00,
        0x03, 0x00, 0x00, 0x00, 0x00, 0x00, 0x00, 0x08, 0xa2, 0x00, 0x10, 0x00,
        0x0d, 0x00, 0x00, 0x00, 0x06, 0x0c, 0x10, 0x80, 0x41, 0x00, 0x00, 0x00,
        0x0e, 0x00, 0x00, 0x00, 0x06, 0x00, 0x10, 0x00, 0x0f, 0x00, 0x00, 0x00,
        0x34, 0x00, 0x00, 0x09, 0x82, 0x00, 0x10, 0x00, 0x03, 0x00, 0x00, 0x00,
        0x1a, 0x00, 0x10, 0x80, 0x81, 0x00, 0x00, 0x00, 0x13, 0x00, 0x00, 0x00,
        0x1a, 0x00, 0x10, 0x80, 0x81, 0x00, 0x00, 0x00, 0x0d, 0x00, 0x00, 0x00,
        0x1e, 0x00, 0x00, 0x08, 0x82, 0x00, 0x10, 0x00, 0x03, 0x00, 0x00, 0x00,
        0x3a, 0x00, 0x10, 0x80, 0x41, 0x00, 0x00, 0x00, 0x03, 0x00, 0x00, 0x00,
        0x01, 0x40, 0x00, 0x00, 0xbb, 0x7e, 0xf0, 0x7e, 0x32, 0x00, 0x00, 0x09,
        0x42, 0x00, 0x10, 0x00, 0x11, 0x00, 0x00, 0x00, 0x3a, 0x00, 0x10, 0x00,
        0x0d, 0x00, 0x00, 0x00, 0x0a, 0x00, 0x10, 0x00, 0x0d, 0x00, 0x00, 0x00,
        0x2a, 0x00, 0x10, 0x00, 0x0d, 0x00, 0x00, 0x00, 0x38, 0x20, 0x00, 0x08,
        0x82, 0x00, 0x10, 0x00, 0x03, 0x00, 0x00, 0x00, 0x3a, 0x00, 0x10, 0x00,
        0x03, 0x00, 0x00, 0x00, 0x3a, 0x00, 0x10, 0x80, 0x81, 0x00, 0x00, 0x00,
        0x0d, 0x00, 0x00, 0x00, 0x38, 0x00, 0x00, 0x07, 0x82, 0x00, 0x10, 0x00,
        0x03, 0x00, 0x00, 0x00, 0x3a, 0x00, 0x10, 0x00, 0x03, 0x00, 0x00, 0x00,
        0x3a, 0x00, 0x10, 0x00, 0x03, 0x00, 0x00, 0x00, 0x32, 0x00, 0x00, 0x09,
        0x42, 0x00, 0x10, 0x00, 0x03, 0x00, 0x00, 0x00, 0x3a, 0x00, 0x10, 0x00,
        0x03, 0x00, 0x00, 0x00, 0x0a, 0x00, 0x10, 0x00, 0x0d, 0x00, 0x00, 0x00,
        0x2a, 0x00, 0x10, 0x00, 0x03, 0x00, 0x00, 0x00, 0x38, 0x00, 0x00, 0x07,
        0x32, 0x00, 0x10, 0x00, 0x0d, 0x00, 0x00, 0x00, 0x96, 0x05, 0x10, 0x00,
        0x11, 0x00, 0x00, 0x00, 0x96, 0x05, 0x10, 0x00, 0x11, 0x00, 0x00, 0x00,
        0x00, 0x00, 0x00, 0x07, 0x82, 0x00, 0x10, 0x00, 0x03, 0x00, 0x00, 0x00,
        0x1a, 0x00, 0x10, 0x00, 0x0d, 0x00, 0x00, 0x00, 0x0a, 0x00, 0x10, 0x00,
        0x0d, 0x00, 0x00, 0x00, 0x31, 0x00, 0x00, 0x07, 0x12, 0x00, 0x10, 0x00,
        0x0d, 0x00, 0x00, 0x00, 0x3a, 0x00, 0x10, 0x00, 0x03, 0x00, 0x00, 0x00,
        0x01, 0x40, 0x00, 0x00, 0x00, 0x00, 0x00, 0x38, 0x55, 0x00, 0x00, 0x07,
        0x82, 0x00, 0x10, 0x00, 0x03, 0x00, 0x00, 0x00, 0x3a, 0x00, 0x10, 0x00,
        0x03, 0x00, 0x00, 0x00, 0x01, 0x40, 0x00, 0x00, 0x01, 0x00, 0x00, 0x00,
        0x1e, 0x00, 0x00, 0x08, 0x82, 0x00, 0x10, 0x00, 0x03, 0x00, 0x00, 0x00,
        0x3a, 0x00, 0x10, 0x80, 0x41, 0x00, 0x00, 0x00, 0x03, 0x00, 0x00, 0x00,
        0x01, 0x40, 0x00, 0x00, 0x74, 0x7d, 0x34, 0x5f, 0x37, 0x00, 0x00, 0x09,
        0x82, 0x00, 0x10, 0x00, 0x03, 0x00, 0x00, 0x00, 0x0a, 0x00, 0x10, 0x00,
        0x0d, 0x00, 0x00, 0x00, 0x01, 0x40, 0x00, 0x00, 0x00, 0x00, 0x80, 0x3f,
        0x3a, 0x00, 0x10, 0x00, 0x03, 0x00, 0x00, 0x00, 0x37, 0x00, 0x00, 0x09,
        0x12, 0x00, 0x10, 0x00, 0x11, 0x00, 0x00, 0x00, 0x0a, 0x00, 0x10, 0x00,
        0x0d, 0x00, 0x00, 0x00, 0x01, 0x40, 0x00, 0x00, 0x00, 0x00, 0x80, 0x3f,
        0x1a, 0x00, 0x10, 0x00, 0x11, 0x00, 0x00, 0x00, 0x38, 0x00, 0x00, 0x07,
        0x32, 0x00, 0x10, 0x00, 0x0d, 0x00, 0x00, 0x00, 0xf6, 0x0f, 0x10, 0x00,
        0x03, 0x00, 0x00, 0x00, 0x86, 0x00, 0x10, 0x00, 0x11, 0x00, 0x00, 0x00,
        0x38, 0x00, 0x00, 0x07, 0x42, 0x00, 0x10, 0x00, 0x03, 0x00, 0x00, 0x00,
        0x2a, 0x00, 0x10, 0x00, 0x03, 0x00, 0x00, 0x00, 0x01, 0x40, 0x00, 0x00,
        0x00, 0x00, 0x00, 0x3f, 0x38, 0x00, 0x00, 0x07, 0x42, 0x00, 0x10, 0x00,
        0x03, 0x00, 0x00, 0x00, 0x2a, 0x00, 0x10, 0x00, 0x03, 0x00, 0x00, 0x00,
        0x2a, 0x00, 0x10, 0x00, 0x03, 0x00, 0x00, 0x00, 0x0f, 0x00, 0x00, 0x07,
        0x82, 0x00, 0x10, 0x00, 0x03, 0x00, 0x00, 0x00, 0x46, 0x00, 0x10, 0x00,
        0x0d, 0x00, 0x00, 0x00, 0x46, 0x00, 0x10, 0x00, 0x0d, 0x00, 0x00, 0x00,
        0x34, 0x00, 0x00, 0x09, 0x42, 0x00, 0x10, 0x00, 0x0d, 0x00, 0x00, 0x00,
        0x1a, 0x00, 0x10, 0x80, 0x81, 0x00, 0x00, 0x00, 0x0d, 0x00, 0x00, 0x00,
        0x0a, 0x00, 0x10, 0x80, 0x81, 0x00, 0x00, 0x00, 0x0d, 0x00, 0x00, 0x00,
        0x1e, 0x00, 0x00, 0x08, 0x42, 0x00, 0x10, 0x00, 0x0d, 0x00, 0x00, 0x00,
        0x2a, 0x00, 0x10, 0x80, 0x41, 0x00, 0x00, 0x00, 0x0d, 0x00, 0x00, 0x00,
        0x01, 0x40, 0x00, 0x00, 0xbb, 0x7e, 0xf0, 0x7e, 0x32, 0x00, 0x00, 0x09,
        0x82, 0x00, 0x10, 0x00, 0x03, 0x00, 0x00, 0x00, 0x3a, 0x00, 0x10, 0x00,
        0x03, 0x00, 0x00, 0x00, 0x2a, 0x00, 0x10, 0x00, 0x0d, 0x00, 0x00, 0x00,
        0x01, 0x40, 0x00, 0x00, 0x00, 0x00, 0x80, 0xbf, 0x32, 0x00, 0x00, 0x09,
        0x12, 0x00, 0x10, 0x00, 0x0e, 0x00, 0x00, 0x00, 0x3a, 0x00, 0x10, 0x00,
        0x03, 0x00, 0x00, 0x00, 0x2a, 0x00, 0x10, 0x00, 0x03, 0x00, 0x00, 0x00,
        0x01, 0x40, 0x00, 0x00, 0x00, 0x00, 0x80, 0x3f, 0x32, 0x00, 0x00, 0x0f,
        0x62, 0x00, 0x10, 0x00, 0x0e, 0x00, 0x00, 0x00, 0xa6, 0x0a, 0x10, 0x00,
        0x03, 0x00, 0x00, 0x00, 0x02, 0x40, 0x00, 0x00, 0x00, 0x00, 0x00, 0x00,
        0x00, 0x00, 0x00, 0xbf, 0xe1, 0x7a, 0x94, 0xbe, 0x00, 0x00, 0x00, 0x00,
        0x02, 0x40, 0x00, 0x00, 0x00, 0x00, 0x00, 0x00, 0x00, 0x00, 0x80, 0x3f,
        0x00, 0x00, 0x00, 0x3f, 0x00, 0x00, 0x00, 0x00, 0x1e, 0x00, 0x00, 0x08,
        0x42, 0x00, 0x10, 0x00, 0x03, 0x00, 0x00, 0x00, 0x2a, 0x00, 0x10, 0x80,
        0x41, 0x00, 0x00, 0x00, 0x0e, 0x00, 0x00, 0x00, 0x01, 0x40, 0x00, 0x00,
        0xbb, 0x7e, 0xf0, 0x7e, 0x36, 0x00, 0x00, 0x05, 0x12, 0x00, 0x10, 0x00,
        0x0f, 0x00, 0x00, 0x00, 0x3a, 0x00, 0x10, 0x00, 0x09, 0x00, 0x00, 0x00,
        0x36, 0x00, 0x00, 0x05, 0x22, 0x00, 0x10, 0x00, 0x0f, 0x00, 0x00, 0x00,
        0x3a, 0x00, 0x10, 0x00, 0x0a, 0x00, 0x00, 0x00, 0x36, 0x00, 0x00, 0x05,
        0x42, 0x00, 0x10, 0x00, 0x0f, 0x00, 0x00, 0x00, 0x3a, 0x00, 0x10, 0x00,
        0x02, 0x00, 0x00, 0x00, 0x36, 0x00, 0x00, 0x05, 0x12, 0x00, 0x10, 0x00,
        0x11, 0x00, 0x00, 0x00, 0x1a, 0x00, 0x10, 0x00, 0x06, 0x00, 0x00, 0x00,
        0x36, 0x00, 0x00, 0x05, 0x22, 0x00, 0x10, 0x00, 0x11, 0x00, 0x00, 0x00,
        0x1a, 0x00, 0x10, 0x00, 0x07, 0x00, 0x00, 0x00, 0x36, 0x00, 0x00, 0x05,
        0x42, 0x00, 0x10, 0x00, 0x11, 0x00, 0x00, 0x00, 0x0a, 0x00, 0x10, 0x00,
        0x08, 0x00, 0x00, 0x00, 0x33, 0x00, 0x00, 0x07, 0x72, 0x00, 0x10, 0x00,
        0x12, 0x00, 0x00, 0x00, 0x46, 0x02, 0x10, 0x00, 0x0f, 0x00, 0x00, 0x00,
        0x46, 0x02, 0x10, 0x00, 0x11, 0x00, 0x00, 0x00, 0x36, 0x00, 0x00, 0x05,
        0x12, 0x00, 0x10, 0x00, 0x13, 0x00, 0x00, 0x00, 0x2a, 0x00, 0x10, 0x00,
        0x06, 0x00, 0x00, 0x00, 0x36, 0x00, 0x00, 0x05, 0x22, 0x00, 0x10, 0x00,
        0x13, 0x00, 0x00, 0x00, 0x2a, 0x00, 0x10, 0x00, 0x07, 0x00, 0x00, 0x00,
        0x36, 0x00, 0x00, 0x05, 0x42, 0x00, 0x10, 0x00, 0x13, 0x00, 0x00, 0x00,
        0x1a, 0x00, 0x10, 0x00, 0x08, 0x00, 0x00, 0x00, 0x33, 0x00, 0x00, 0x07,
        0x72, 0x00, 0x10, 0x00, 0x12, 0x00, 0x00, 0x00, 0x46, 0x02, 0x10, 0x00,
        0x12, 0x00, 0x00, 0x00, 0x46, 0x02, 0x10, 0x00, 0x13, 0x00, 0x00, 0x00,
        0x36, 0x00, 0x00, 0x05, 0x12, 0x00, 0x10, 0x00, 0x14, 0x00, 0x00, 0x00,
        0x0a, 0x00, 0x10, 0x00, 0x09, 0x00, 0x00, 0x00, 0x36, 0x00, 0x00, 0x05,
        0x22, 0x00, 0x10, 0x00, 0x14, 0x00, 0x00, 0x00, 0x0a, 0x00, 0x10, 0x00,
        0x0a, 0x00, 0x00, 0x00, 0x36, 0x00, 0x00, 0x05, 0x42, 0x00, 0x10, 0x00,
        0x14, 0x00, 0x00, 0x00, 0x0a, 0x00, 0x10, 0x00, 0x02, 0x00, 0x00, 0x00,
        0x33, 0x00, 0x00, 0x07, 0x72, 0x00, 0x10, 0x00, 0x12, 0x00, 0x00, 0x00,
        0x46, 0x02, 0x10, 0x00, 0x12, 0x00, 0x00, 0x00, 0x46, 0x02, 0x10, 0x00,
        0x14, 0x00, 0x00, 0x00, 0x34, 0x00, 0x00, 0x07, 0x72, 0x00, 0x10, 0x00,
        0x15, 0x00, 0x00, 0x00, 0x46, 0x02, 0x10, 0x00, 0x0f, 0x00, 0x00, 0x00,
        0x46, 0x02, 0x10, 0x00, 0x11, 0x00, 0x00, 0x00, 0x34, 0x00, 0x00, 0x07,
        0x72, 0x00, 0x10, 0x00, 0x15, 0x00, 0x00, 0x00, 0x46, 0x02, 0x10, 0x00,
        0x13, 0x00, 0x00, 0x00, 0x46, 0x02, 0x10, 0x00, 0x15, 0x00, 0x00, 0x00,
        0x34, 0x00, 0x00, 0x07, 0x72, 0x00, 0x10, 0x00, 0x15, 0x00, 0x00, 0x00,
        0x46, 0x02, 0x10, 0x00, 0x14, 0x00, 0x00, 0x00, 0x46, 0x02, 0x10, 0x00,
        0x15, 0x00, 0x00, 0x00, 0x0f, 0x00, 0x00, 0x07, 0x12, 0x00, 0x10, 0x00,
        0x10, 0x00, 0x00, 0x00, 0xe6, 0x0a, 0x10, 0x00, 0x10, 0x00, 0x00, 0x00,
        0x46, 0x00, 0x10, 0x00, 0x0d, 0x00, 0x00, 0x00, 0x38, 0x00, 0x00, 0x07,
        0x82, 0x00, 0x10, 0x00, 0x02, 0x00, 0x00, 0x00, 0x0a, 0x00, 0x10, 0x00,
        0x0d, 0x00, 0x00, 0x00, 0x3a, 0x00, 0x10, 0x00, 0x10, 0x00, 0x00, 0x00,
        0x32, 0x00, 0x00, 0x0a, 0x22, 0x00, 0x10, 0x00, 0x10, 0x00, 0x00, 0x00,
        0x2a, 0x00, 0x10, 0x00, 0x10, 0x00, 0x00, 0x00, 0x1a, 0x00, 0x10, 0x80,
        0x41, 0x00, 0x00, 0x00, 0x0d, 0x00, 0x00, 0x00, 0x3a, 0x00, 0x10, 0x00,
        0x02, 0x00, 0x00, 0x00, 0x38, 0x00, 0x00, 0x07, 0x62, 0x00, 0x10, 0x00,
        0x06, 0x00, 0x00, 0x00, 0x06, 0x01, 0x10, 0x00, 0x0e, 0x00, 0x00, 0x00,
        0x06, 0x01, 0x10, 0x00, 0x10, 0x00, 0x00, 0x00, 0x0f, 0x00, 0x00, 0x07,
        0x82, 0x00, 0x10, 0x00, 0x02, 0x00, 0x00, 0x00, 0x96, 0x05, 0x10, 0x00,
        0x06, 0x00, 0x00, 0x00, 0x96, 0x05, 0x10, 0x00, 0x06, 0x00, 0x00, 0x00,
        0x33, 0x00, 0x00, 0x07, 0x82, 0x00, 0x10, 0x00, 0x02, 0x00, 0x00, 0x00,
        0x2a, 0x00, 0x10, 0x00, 0x03, 0x00, 0x00, 0x00, 0x3a, 0x00, 0x10, 0x00,
        0x02, 0x00, 0x00, 0x00, 0x32, 0x00, 0x00, 0x09, 0x82, 0x00, 0x10, 0x00,
        0x03, 0x00, 0x00, 0x00, 0x3a, 0x00, 0x10, 0x00, 0x02, 0x00, 0x00, 0x00,
        0x01, 0x40, 0x00, 0x00, 0xcd, 0xcc, 0xcc, 0x3e, 0x01, 0x40, 0x00, 0x00,
        0x00, 0x00, 0x80, 0xbf, 0x32, 0x00, 0x00, 0x09, 0x82, 0x00, 0x10, 0x00,
        0x02, 0x00, 0x00, 0x00, 0x2a, 0x00, 0x10, 0x00, 0x0e, 0x00, 0x00, 0x00,
        0x3a, 0x00, 0x10, 0x00, 0x02, 0x00, 0x00, 0x00, 0x01, 0x40, 0x00, 0x00,
        0x00, 0x00, 0x80, 0xbf, 0x38, 0x00, 0x00, 0x07, 0x82, 0x00, 0x10, 0x00,
        0x03, 0x00, 0x00, 0x00, 0x3a, 0x00, 0x10, 0x00, 0x03, 0x00, 0x00, 0x00,
        0x3a, 0x00, 0x10, 0x00, 0x03, 0x00, 0x00, 0x00, 0x38, 0x00, 0x00, 0x07,
        0x82, 0x00, 0x10, 0x00, 0x02, 0x00, 0x00, 0x00, 0x3a, 0x00, 0x10, 0x00,
        0x02, 0x00, 0x00, 0x00, 0x3a, 0x00, 0x10, 0x00, 0x02, 0x00, 0x00, 0x00,
        0x32, 0x00, 0x00, 0x09, 0x82, 0x00, 0x10, 0x00, 0x03, 0x00, 0x00, 0x00,
        0x3a, 0x00, 0x10, 0x00, 0x03, 0x00, 0x00, 0x00, 0x01, 0x40, 0x00, 0x00,
        0x00, 0x00, 0xc8, 0x3f, 0x01, 0x40, 0x00, 0x00, 0x00, 0x00, 0x10, 0xbf,
        0x38, 0x00, 0x00, 0x07, 0x22, 0x00, 0x10, 0x00, 0x06, 0x00, 0x00, 0x00,
        0x3a, 0x00, 0x10, 0x00, 0x02, 0x00, 0x00, 0x00, 0x3a, 0x00, 0x10, 0x00,
        0x03, 0x00, 0x00, 0x00, 0x36, 0x00, 0x00, 0x05, 0x42, 0x00, 0x10, 0x00,
        0x04, 0x00, 0x00, 0x00, 0x0a, 0x00, 0x10, 0x00, 0x05, 0x00, 0x00, 0x00,
        0x36, 0x00, 0x00, 0x05, 0x82, 0x00, 0x10, 0x00, 0x04, 0x00, 0x00, 0x00,
        0x2a, 0x00, 0x10, 0x00, 0x01, 0x00, 0x00, 0x00, 0x00, 0x00, 0x00, 0x0b,
        0xf2, 0x00, 0x10, 0x00, 0x10, 0x00, 0x00, 0x00, 0x46, 0x04, 0x10, 0x80,
        0x41, 0x00, 0x00, 0x00, 0x01, 0x00, 0x00, 0x00, 0x02, 0x40, 0x00, 0x00,
        0x00, 0x00, 0x80, 0x3f, 0x00, 0x00, 0x80, 0xbf, 0x00, 0x00, 0x80, 0xbf,
        0x00, 0x00, 0x80, 0x3f, 0x0f, 0x00, 0x00, 0x07, 0x22, 0x00, 0x10, 0x00,
        0x16, 0x00, 0x00, 0x00, 0x46, 0x00, 0x10, 0x00, 0x10, 0x00, 0x00, 0x00,
        0x46, 0x00, 0x10, 0x00, 0x0d, 0x00, 0x00, 0x00, 0x38, 0x00, 0x00, 0x07,
        0x62, 0x00, 0x10, 0x00, 0x07, 0x00, 0x00, 0x00, 0x06, 0x00, 0x10, 0x00,
        0x0d, 0x00, 0x00, 0x00, 0x56, 0x07, 0x10, 0x00, 0x10, 0x00, 0x00, 0x00,
        0x32, 0x00, 0x00, 0x0a, 0xc2, 0x00, 0x10, 0x00, 0x16, 0x00, 0x00, 0x00,
        0x06, 0x08, 0x10, 0x00, 0x10, 0x00, 0x00, 0x00, 0x56, 0x05, 0x10, 0x80,
        0x41, 0x00, 0x00, 0x00, 0x0d, 0x00, 0x00, 0x00, 0x56, 0x09, 0x10, 0x00,
        0x07, 0x00, 0x00, 0x00, 0x38, 0x00, 0x00, 0x07, 0x62, 0x00, 0x10, 0x00,
        0x07, 0x00, 0x00, 0x00, 0x06, 0x01, 0x10, 0x00, 0x0e, 0x00, 0x00, 0x00,
        0x56, 0x06, 0x10, 0x00, 0x16, 0x00, 0x00, 0x00, 0x0f, 0x00, 0x00, 0x07,
        0x42, 0x00, 0x10, 0x00, 0x01, 0x00, 0x00, 0x00, 0x96, 0x05, 0x10, 0x00,
        0x07, 0x00, 0x00, 0x00, 0x96, 0x05, 0x10, 0x00, 0x07, 0x00, 0x00, 0x00,
        0x33, 0x00, 0x00, 0x07, 0x42, 0x00, 0x10, 0x00, 0x01, 0x00, 0x00, 0x00,
        0x2a, 0x00, 0x10, 0x00, 0x03, 0x00, 0x00, 0x00, 0x2a, 0x00, 0x10, 0x00,
        0x01, 0x00, 0x00, 0x00, 0x32, 0x00, 0x00, 0x09, 0x12, 0x00, 0x10, 0x00,
        0x05, 0x00, 0x00, 0x00, 0x2a, 0x00, 0x10, 0x00, 0x01, 0x00, 0x00, 0x00,
        0x01, 0x40, 0x00, 0x00, 0xcd, 0xcc, 0xcc, 0x3e, 0x01, 0x40, 0x00, 0x00,
        0x00, 0x00, 0x80, 0xbf, 0x32, 0x00, 0x00, 0x09, 0x42, 0x00, 0x10, 0x00,
        0x01, 0x00, 0x00, 0x00, 0x2a, 0x00, 0x10, 0x00, 0x0e, 0x00, 0x00, 0x00,
        0x2a, 0x00, 0x10, 0x00, 0x01, 0x00, 0x00, 0x00, 0x01, 0x40, 0x00, 0x00,
        0x00, 0x00, 0x80, 0xbf, 0x38, 0x00, 0x00, 0x07, 0x12, 0x00, 0x10, 0x00,
        0x05, 0x00, 0x00, 0x00, 0x0a, 0x00, 0x10, 0x00, 0x05, 0x00, 0x00, 0x00,
        0x0a, 0x00, 0x10, 0x00, 0x05, 0x00, 0x00, 0x00, 0x38, 0x00, 0x00, 0x07,
        0x42, 0x00, 0x10, 0x00, 0x01, 0x00, 0x00, 0x00, 0x2a, 0x00, 0x10, 0x00,
        0x01, 0x00, 0x00, 0x00, 0x2a, 0x00, 0x10, 0x00, 0x01, 0x00, 0x00, 0x00,
        0x32, 0x00, 0x00, 0x09, 0x12, 0x00, 0x10, 0x00, 0x05, 0x00, 0x00, 0x00,
        0x0a, 0x00, 0x10, 0x00, 0x05, 0x00, 0x00, 0x00, 0x01, 0x40, 0x00, 0x00,
        0x00, 0x00, 0xc8, 0x3f, 0x01, 0x40, 0x00, 0x00, 0x00, 0x00, 0x10, 0xbf,
        0x38, 0x00, 0x00, 0x07, 0x42, 0x00, 0x10, 0x00, 0x01, 0x00, 0x00, 0x00,
        0x2a, 0x00, 0x10, 0x00, 0x01, 0x00, 0x00, 0x00, 0x0a, 0x00, 0x10, 0x00,
        0x05, 0x00, 0x00, 0x00, 0x36, 0x00, 0x00, 0x05, 0x42, 0x00, 0x10, 0x00,
        0x05, 0x00, 0x00, 0x00, 0x1a, 0x00, 0x10, 0x00, 0x04, 0x00, 0x00, 0x00,
        0x36, 0x00, 0x00, 0x05, 0x82, 0x00, 0x10, 0x00, 0x05, 0x00, 0x00, 0x00,
        0x3a, 0x00, 0x10, 0x00, 0x01, 0x00, 0x00, 0x00, 0x38, 0x00, 0x00, 0x07,
        0x72, 0x00, 0x10, 0x00, 0x05, 0x00, 0x00, 0x00, 0xa6, 0x0a, 0x10, 0x00,
        0x01, 0x00, 0x00, 0x00, 0x66, 0x0b, 0x10, 0x00, 0x05, 0x00, 0x00, 0x00,
        0x32, 0x00, 0x00, 0x09, 0x72, 0x00, 0x10, 0x00, 0x04, 0x00, 0x00, 0x00,
        0x86, 0x03, 0x10, 0x00, 0x04, 0x00, 0x00, 0x00, 0x56, 0x05, 0x10, 0x00,
        0x06, 0x00, 0x00, 0x00, 0x46, 0x02, 0x10, 0x00, 0x05, 0x00, 0x00, 0x00,
        0x32, 0x00, 0x00, 0x09, 0x42, 0x00, 0x10, 0x00, 0x01, 0x00, 0x00, 0x00,
        0x3a, 0x00, 0x10, 0x00, 0x03, 0x00, 0x00, 0x00, 0x3a, 0x00, 0x10, 0x00,
        0x02, 0x00, 0x00, 0x00, 0x2a, 0x00, 0x10, 0x00, 0x01, 0x00, 0x00, 0x00,
        0x0f, 0x00, 0x00, 0x07, 0x12, 0x00, 0x10, 0x00, 0x16, 0x00, 0x00, 0x00,
        0xe6, 0x0a, 0x10, 0x00, 0x10, 0x00, 0x00, 0x00, 0x46, 0x00, 0x10, 0x00,
        0x0d, 0x00, 0x00, 0x00, 0x38, 0x00, 0x00, 0x07, 0x32, 0x00, 0x10, 0x00,
        0x05, 0x00, 0x00, 0x00, 0x46, 0x00, 0x10, 0x00, 0x0e, 0x00, 0x00, 0x00,
        0xc6, 0x00, 0x10, 0x00, 0x16, 0x00, 0x00, 0x00, 0x0f, 0x00, 0x00, 0x07,
        0x82, 0x00, 0x10, 0x00, 0x01, 0x00, 0x00, 0x00, 0x46, 0x00, 0x10, 0x00,
        0x05, 0x00, 0x00, 0x00, 0x46, 0x00, 0x10, 0x00, 0x05, 0x00, 0x00, 0x00,
        0x33, 0x00, 0x00, 0x07, 0x82, 0x00, 0x10, 0x00, 0x01, 0x00, 0x00, 0x00,
        0x2a, 0x00, 0x10, 0x00, 0x03, 0x00, 0x00, 0x00, 0x3a, 0x00, 0x10, 0x00,
        0x01, 0x00, 0x00, 0x00, 0x32, 0x00, 0x00, 0x09, 0x82, 0x00, 0x10, 0x00,
        0x02, 0x00, 0x00, 0x00, 0x3a, 0x00, 0x10, 0x00, 0x01, 0x00, 0x00, 0x00,
        0x01, 0x40, 0x00, 0x00, 0xcd, 0xcc, 0xcc, 0x3e, 0x01, 0x40, 0x00, 0x00,
        0x00, 0x00, 0x80, 0xbf, 0x32, 0x00, 0x00, 0x09, 0x82, 0x00, 0x10, 0x00,
        0x01, 0x00, 0x00, 0x00, 0x2a, 0x00, 0x10, 0x00, 0x0e, 0x00, 0x00, 0x00,
        0x3a, 0x00, 0x10, 0x00, 0x01, 0x00, 0x00, 0x00, 0x01, 0x40, 0x00, 0x00,
        0x00, 0x00, 0x80, 0xbf, 0x38, 0x00, 0x00, 0x07, 0x82, 0x00, 0x10, 0x00,
        0x02, 0x00, 0x00, 0x00, 0x3a, 0x00, 0x10, 0x00, 0x02, 0x00, 0x00, 0x00,
        0x3a, 0x00, 0x10, 0x00, 0x02, 0x00, 0x00, 0x00, 0x38, 0x00, 0x00, 0x07,
        0x82, 0x00, 0x10, 0x00, 0x01, 0x00, 0x00, 0x00, 0x3a, 0x00, 0x10, 0x00,
        0x01, 0x00, 0x00, 0x00, 0x3a, 0x00, 0x10, 0x00, 0x01, 0x00, 0x00, 0x00,
        0x32, 0x00, 0x00, 0x09, 0x82, 0x00, 0x10, 0x00, 0x02, 0x00, 0x00, 0x00,
        0x3a, 0x00, 0x10, 0x00, 0x02, 0x00, 0x00, 0x00, 0x01, 0x40, 0x00, 0x00,
        0x00, 0x00, 0xc8, 0x3f, 0x01, 0x40, 0x00, 0x00, 0x00, 0x00, 0x10, 0xbf,
        0x38, 0x00, 0x00, 0x07, 0x82, 0x00, 0x10, 0x00, 0x03, 0x00, 0x00, 0x00,
        0x3a, 0x00, 0x10, 0x00, 0x01, 0x00, 0x00, 0x00, 0x3a, 0x00, 0x10, 0x00,
        0x02, 0x00, 0x00, 0x00, 0x36, 0x00, 0x00, 0x05, 0x12, 0x00, 0x10, 0x00,
        0x08, 0x00, 0x00, 0x00, 0x0a, 0x00, 0x10, 0x00, 0x06, 0x00, 0x00, 0x00,
        0x36, 0x00, 0x00, 0x05, 0x22, 0x00, 0x10, 0x00, 0x08, 0x00, 0x00, 0x00,
        0x0a, 0x00, 0x10, 0x00, 0x07, 0x00, 0x00, 0x00, 0x32, 0x00, 0x00, 0x09,
        0x72, 0x00, 0x10, 0x00, 0x04, 0x00, 0x00, 0x00, 0x46, 0x02, 0x10, 0x00,
        0x08, 0x00, 0x00, 0x00, 0xf6, 0x0f, 0x10, 0x00, 0x03, 0x00, 0x00, 0x00,
        0x46, 0x02, 0x10, 0x00, 0x04, 0x00, 0x00, 0x00, 0x32, 0x00, 0x00, 0x09,
        0x42, 0x00, 0x10, 0x00, 0x01, 0x00, 0x00, 0x00, 0x3a, 0x00, 0x10, 0x00,
        0x02, 0x00, 0x00, 0x00, 0x3a, 0x00, 0x10, 0x00, 0x01, 0x00, 0x00, 0x00,
        0x2a, 0x00, 0x10, 0x00, 0x01, 0x00, 0x00, 0x00, 0x00, 0x00, 0x00, 0x0b,
        0xf2, 0x00, 0x10, 0x00, 0x05, 0x00, 0x00, 0x00, 0x46, 0x04, 0x10, 0x80,
        0x41, 0x00, 0x00, 0x00, 0x01, 0x00, 0x00, 0x00, 0x02, 0x40, 0x00, 0x00,
        0x00, 0x00, 0x00, 0x00, 0x00, 0x00, 0x80, 0x3f, 0x00, 0x00, 0x80, 0xbf,
        0x00, 0x00, 0x00, 0x00, 0x0f, 0x00, 0x00, 0x07, 0x22, 0x00, 0x10, 0x00,
        0x10, 0x00, 0x00, 0x00, 0x46, 0x00, 0x10, 0x00, 0x05, 0x00, 0x00, 0x00,
        0x46, 0x00, 0x10, 0x00, 0x0d, 0x00, 0x00, 0x00, 0x38, 0x00, 0x00, 0x07,
        0x32, 0x00, 0x10, 0x00, 0x06, 0x00, 0x00, 0x00, 0x06, 0x00, 0x10, 0x00,
        0x0d, 0x00, 0x00, 0x00, 0xd6, 0x05, 0x10, 0x00, 0x05, 0x00, 0x00, 0x00,
        0x32, 0x00, 0x00, 0x0a, 0xc2, 0x00, 0x10, 0x00, 0x10, 0x00, 0x00, 0x00,
        0x06, 0x08, 0x10, 0x00, 0x05, 0x00, 0x00, 0x00, 0x56, 0x05, 0x10, 0x80,
        0x41, 0x00, 0x00, 0x00, 0x0d, 0x00, 0x00, 0x00, 0x06, 0x04, 0x10, 0x00,
        0x06, 0x00, 0x00, 0x00, 0x38, 0x00, 0x00, 0x07, 0x32, 0x00, 0x10, 0x00,
        0x05, 0x00, 0x00, 0x00, 0x46, 0x00, 0x10, 0x00, 0x0e, 0x00, 0x00, 0x00,
        0x96, 0x05, 0x10, 0x00, 0x10, 0x00, 0x00, 0x00, 0x0f, 0x00, 0x00, 0x07,
        0x82, 0x00, 0x10, 0x00, 0x01, 0x00, 0x00, 0x00, 0x46, 0x00, 0x10, 0x00,
        0x05, 0x00, 0x00, 0x00, 0x46, 0x00, 0x10, 0x00, 0x05, 0x00, 0x00, 0x00,
        0x33, 0x00, 0x00, 0x07, 0x82, 0x00, 0x10, 0x00, 0x01, 0x00, 0x00, 0x00,
        0x2a, 0x00, 0x10, 0x00, 0x03, 0x00, 0x00, 0x00, 0x3a, 0x00, 0x10, 0x00,
        0x01, 0x00, 0x00, 0x00, 0x32, 0x00, 0x00, 0x09, 0x82, 0x00, 0x10, 0x00,
        0x02, 0x00, 0x00, 0x00, 0x3a, 0x00, 0x10, 0x00, 0x01, 0x00, 0x00, 0x00,
        0x01, 0x40, 0x00, 0x00, 0xcd, 0xcc, 0xcc, 0x3e, 0x01, 0x40, 0x00, 0x00,
        0x00, 0x00, 0x80, 0xbf, 0x32, 0x00, 0x00, 0x09, 0x82, 0x00, 0x10, 0x00,
        0x01, 0x00, 0x00, 0x00, 0x2a, 0x00, 0x10, 0x00, 0x0e, 0x00, 0x00, 0x00,
        0x3a, 0x00, 0x10, 0x00, 0x01, 0x00, 0x00, 0x00, 0x01, 0x40, 0x00, 0x00,
        0x00, 0x00, 0x80, 0xbf, 0x38, 0x00, 0x00, 0x07, 0x82, 0x00, 0x10, 0x00,
        0x02, 0x00, 0x00, 0x00, 0x3a, 0x00, 0x10, 0x00, 0x02, 0x00, 0x00, 0x00,
        0x3a, 0x00, 0x10, 0x00, 0x02, 0x00, 0x00, 0x00, 0x38, 0x00, 0x00, 0x07,
        0x82, 0x00, 0x10, 0x00, 0x01, 0x00, 0x00, 0x00, 0x3a, 0x00, 0x10, 0x00,
        0x01, 0x00, 0x00, 0x00, 0x3a, 0x00, 0x10, 0x00, 0x01, 0x00, 0x00, 0x00,
        0x32, 0x00, 0x00, 0x09, 0x82, 0x00, 0x10, 0x00, 0x02, 0x00, 0x00, 0x00,
        0x3a, 0x00, 0x10, 0x00, 0x02, 0x00, 0x00, 0x00, 0x01, 0x40, 0x00, 0x00,
        0x00, 0x00, 0xc8, 0x3f, 0x01, 0x40, 0x00, 0x00, 0x00, 0x00, 0x10, 0xbf,
        0x38, 0x00, 0x00, 0x07, 0x82, 0x00, 0x10, 0x00, 0x03, 0x00, 0x00, 0x00,
        0x3a, 0x00, 0x10, 0x00, 0x01, 0x00, 0x00, 0x00, 0x3a, 0x00, 0x10, 0x00,
        0x02, 0x00, 0x00, 0x00, 0x32, 0x00, 0x00, 0x09, 0x72, 0x00, 0x10, 0x00,
        0x04, 0x00, 0x00, 0x00, 0x46, 0x02, 0x10, 0x00, 0x11, 0x00, 0x00, 0x00,
        0xf6, 0x0f, 0x10, 0x00, 0x03, 0x00, 0x00, 0x00, 0x46, 0x02, 0x10, 0x00,
        0x04, 0x00, 0x00, 0x00, 0x32, 0x00, 0x00, 0x09, 0x42, 0x00, 0x10, 0x00,
        0x01, 0x00, 0x00, 0x00, 0x3a, 0x00, 0x10, 0x00, 0x02, 0x00, 0x00, 0x00,
        0x3a, 0x00, 0x10, 0x00, 0x01, 0x00, 0x00, 0x00, 0x2a, 0x00, 0x10, 0x00,
        0x01, 0x00, 0x00, 0x00, 0x0f, 0x00, 0x00, 0x08, 0x12, 0x00, 0x10, 0x00,
        0x05, 0x00, 0x00, 0x00, 0x46, 0x00, 0x10, 0x80, 0x41, 0x00, 0x00, 0x00,
        0x01, 0x00, 0x00, 0x00, 0x46, 0x00, 0x10, 0x00, 0x0d, 0x00, 0x00, 0x00,
        0x38, 0x00, 0x00, 0x08, 0x82, 0x00, 0x10, 0x00, 0x01, 0x00, 0x00, 0x00,
        0x1a, 0x00, 0x10, 0x80, 0x41, 0x00, 0x00, 0x00, 0x01, 0x00, 0x00, 0x00,
        0x0a, 0x00, 0x10, 0x00, 0x0d, 0x00, 0x00, 0x00, 0x32, 0x00, 0x00, 0x09,
        0x22, 0x00, 0x10, 0x00, 0x05, 0x00, 0x00, 0x00, 0x0a, 0x00, 0x10, 0x00,
        0x01, 0x00, 0x00, 0x00, 0x1a, 0x00, 0x10, 0x00, 0x0d, 0x00, 0x00, 0x00,
        0x3a, 0x00, 0x10, 0x00, 0x01, 0x00, 0x00, 0x00, 0x38, 0x00, 0x00, 0x07,
        0x32, 0x00, 0x10, 0x00, 0x05, 0x00, 0x00, 0x00, 0x46, 0x00, 0x10, 0x00,
        0x0e, 0x00, 0x00, 0x00, 0x46, 0x00, 0x10, 0x00, 0x05, 0x00, 0x00, 0x00,
        0x0f, 0x00, 0x00, 0x07, 0x82, 0x00, 0x10, 0x00, 0x01, 0x00, 0x00, 0x00,
        0x46, 0x00, 0x10, 0x00, 0x05, 0x00, 0x00, 0x00, 0x46, 0x00, 0x10, 0x00,
        0x05, 0x00, 0x00, 0x00, 0x33, 0x00, 0x00, 0x07, 0x82, 0x00, 0x10, 0x00,
        0x01, 0x00, 0x00, 0x00, 0x2a, 0x00, 0x10, 0x00, 0x03, 0x00, 0x00, 0x00,
        0x3a, 0x00, 0x10, 0x00, 0x01, 0x00, 0x00, 0x00, 0x32, 0x00, 0x00, 0x09,
        0x82, 0x00, 0x10, 0x00, 0x02, 0x00, 0x00, 0x00, 0x3a, 0x00, 0x10, 0x00,
        0x01, 0x00, 0x00, 0x00, 0x01, 0x40, 0x00, 0x00, 0xcd, 0xcc, 0xcc, 0x3e,
        0x01, 0x40, 0x00, 0x00, 0x00, 0x00, 0x80, 0xbf, 0x32, 0x00, 0x00, 0x09,
        0x82, 0x00, 0x10, 0x00, 0x01, 0x00, 0x00, 0x00, 0x2a, 0x00, 0x10, 0x00,
        0x0e, 0x00, 0x00, 0x00, 0x3a, 0x00, 0x10, 0x00, 0x01, 0x00, 0x00, 0x00,
        0x01, 0x40, 0x00, 0x00, 0x00, 0x00, 0x80, 0xbf, 0x38, 0x00, 0x00, 0x07,
        0x82, 0x00, 0x10, 0x00, 0x02, 0x00, 0x00, 0x00, 0x3a, 0x00, 0x10, 0x00,
        0x02, 0x00, 0x00, 0x00, 0x3a, 0x00, 0x10, 0x00, 0x02, 0x00, 0x00, 0x00,
        0x38, 0x00, 0x00, 0x07, 0x82, 0x00, 0x10, 0x00, 0x01, 0x00, 0x00, 0x00,
        0x3a, 0x00, 0x10, 0x00, 0x01, 0x00, 0x00, 0x00, 0x3a, 0x00, 0x10, 0x00,
        0x01, 0x00, 0x00, 0x00, 0x32, 0x00, 0x00, 0x09, 0x82, 0x00, 0x10, 0x00,
        0x02, 0x00, 0x00, 0x00, 0x3a, 0x00, 0x10, 0x00, 0x02, 0x00, 0x00, 0x00,
        0x01, 0x40, 0x00, 0x00, 0x00, 0x00, 0xc8, 0x3f, 0x01, 0x40, 0x00, 0x00,
        0x00, 0x00, 0x10, 0xbf, 0x38, 0x00, 0x00, 0x07, 0x82, 0x00, 0x10, 0x00,
        0x03, 0x00, 0x00, 0x00, 0x3a, 0x00, 0x10, 0x00, 0x01, 0x00, 0x00, 0x00,
        0x3a, 0x00, 0x10, 0x00, 0x02, 0x00, 0x00, 0x00, 0x32, 0x00, 0x00, 0x09,
        0x72, 0x00, 0x10, 0x00, 0x04, 0x00, 0x00, 0x00, 0x46, 0x02, 0x10, 0x00,
        0x13, 0x00, 0x00, 0x00, 0xf6, 0x0f, 0x10, 0x00, 0x03, 0x00, 0x00, 0x00,
        0x46, 0x02, 0x10, 0x00, 0x04, 0x00, 0x00, 0x00, 0x32, 0x00, 0x00, 0x09,
        0x42, 0x00, 0x10, 0x00, 0x01, 0x00, 0x00, 0x00, 0x3a, 0x00, 0x10, 0x00,
        0x02, 0x00, 0x00, 0x00, 0x3a, 0x00, 0x10, 0x00, 0x01, 0x00, 0x00, 0x00,
        0x2a, 0x00, 0x10, 0x00, 0x01, 0x00, 0x00, 0x00, 0x0f, 0x00, 0x00, 0x07,
        0x12, 0x00, 0x10, 0x00, 0x10, 0x00, 0x00, 0x00, 0xe6, 0x0a, 0x10, 0x00,
        0x05, 0x00, 0x00, 0x00, 0x46, 0x00, 0x10, 0x00, 0x0d, 0x00, 0x00, 0x00,
        0x38, 0x00, 0x00, 0x07, 0x32, 0x00, 0x10, 0x00, 0x05, 0x00, 0x00, 0x00,
        0x46, 0x00, 0x10, 0x00, 0x0e, 0x00, 0x00, 0x00, 0xc6, 0x00, 0x10, 0x00,
        0x10, 0x00, 0x00, 0x00, 0x0f, 0x00, 0x00, 0x07, 0x82, 0x00, 0x10, 0x00,
        0x01, 0x00, 0x00, 0x00, 0x46, 0x00, 0x10, 0x00, 0x05, 0x00, 0x00, 0x00,
        0x46, 0x00, 0x10, 0x00, 0x05, 0x00, 0x00, 0x00, 0x33, 0x00, 0x00, 0x07,
        0x82, 0x00, 0x10, 0x00, 0x01, 0x00, 0x00, 0x00, 0x2a, 0x00, 0x10, 0x00,
        0x03, 0x00, 0x00, 0x00, 0x3a, 0x00, 0x10, 0x00, 0x01, 0x00, 0x00, 0x00,
        0x32, 0x00, 0x00, 0x09, 0x82, 0x00, 0x10, 0x00, 0x02, 0x00, 0x00, 0x00,
        0x3a, 0x00, 0x10, 0x00, 0x01, 0x00, 0x00, 0x00, 0x01, 0x40, 0x00, 0x00,
        0xcd, 0xcc, 0xcc, 0x3e, 0x01, 0x40, 0x00, 0x00, 0x00, 0x00, 0x80, 0xbf,
        0x32, 0x00, 0x00, 0x09, 0x82, 0x00, 0x10, 0x00, 0x01, 0x00, 0x00, 0x00,
        0x2a, 0x00, 0x10, 0x00, 0x0e, 0x00, 0x00, 0x00, 0x3a, 0x00, 0x10, 0x00,
        0x01, 0x00, 0x00, 0x00, 0x01, 0x40, 0x00, 0x00, 0x00, 0x00, 0x80, 0xbf,
        0x38, 0x00, 0x00, 0x07, 0x82, 0x00, 0x10, 0x00, 0x02, 0x00, 0x00, 0x00,
        0x3a, 0x00, 0x10, 0x00, 0x02, 0x00, 0x00, 0x00, 0x3a, 0x00, 0x10, 0x00,
        0x02, 0x00, 0x00, 0x00, 0x38, 0x00, 0x00, 0x07, 0x82, 0x00, 0x10, 0x00,
        0x01, 0x00, 0x00, 0x00, 0x3a, 0x00, 0x10, 0x00, 0x01, 0x00, 0x00, 0x00,
        0x3a, 0x00, 0x10, 0x00, 0x01, 0x00, 0x00, 0x00, 0x32, 0x00, 0x00, 0x09,
        0x82, 0x00, 0x10, 0x00, 0x02, 0x00, 0x00, 0x00, 0x3a, 0x00, 0x10, 0x00,
        0x02, 0x00, 0x00, 0x00, 0x01, 0x40, 0x00, 0x00, 0x00, 0x00, 0xc8, 0x3f,
        0x01, 0x40, 0x00, 0x00, 0x00, 0x00, 0x10, 0xbf, 0x38, 0x00, 0x00, 0x07,
        0x82, 0x00, 0x10, 0x00, 0x03, 0x00, 0x00, 0x00, 0x3a, 0x00, 0x10, 0x00,
        0x01, 0x00, 0x00, 0x00, 0x3a, 0x00, 0x10, 0x00, 0x02, 0x00, 0x00, 0x00,
        0x36, 0x00, 0x00, 0x05, 0x42, 0x00, 0x10, 0x00, 0x08, 0x00, 0x00, 0x00,
        0x3a, 0x00, 0x10, 0x00, 0x06, 0x00, 0x00, 0x00, 0x36, 0x00, 0x00, 0x05,
        0x12, 0x00, 0x10, 0x00, 0x08, 0x00, 0x00, 0x00, 0x3a, 0x00, 0x10, 0x00,
        0x07, 0x00, 0x00, 0x00, 0x32, 0x00, 0x00, 0x09, 0x72, 0x00, 0x10, 0x00,
        0x04, 0x00, 0x00, 0x00, 0x26, 0x0b, 0x10, 0x00, 0x08, 0x00, 0x00, 0x00,
        0xf6, 0x0f, 0x10, 0x00, 0x03, 0x00, 0x00, 0x00, 0x46, 0x02, 0x10, 0x00,
        0x04, 0x00, 0x00, 0x00, 0x32, 0x00, 0x00, 0x09, 0x42, 0x00, 0x10, 0x00,
        0x01, 0x00, 0x00, 0x00, 0x3a, 0x00, 0x10, 0x00, 0x02, 0x00, 0x00, 0x00,
        0x3a, 0x00, 0x10, 0x00, 0x01, 0x00, 0x00, 0x00, 0x2a, 0x00, 0x10, 0x00,
        0x01, 0x00, 0x00, 0x00, 0x00, 0x00, 0x00, 0x0b, 0xf2, 0x00, 0x10, 0x00,
        0x05, 0x00, 0x00, 0x00, 0x46, 0x04, 0x10, 0x80, 0x41, 0x00, 0x00, 0x00,
        0x01, 0x00, 0x00, 0x00, 0x02, 0x40, 0x00, 0x00, 0x00, 0x00, 0x80, 0x3f,
        0x00, 0x00, 0x80, 0x3f, 0x00, 0x00, 0x00, 0x40, 0x00, 0x00, 0x80, 0x3f,
        0x0f, 0x00, 0x00, 0x07, 0x22, 0x00, 0x10, 0x00, 0x06, 0x00, 0x00, 0x00,
        0x46, 0x00, 0x10, 0x00, 0x05, 0x00, 0x00, 0x00, 0x46, 0x00, 0x10, 0x00,
        0x0d, 0x00, 0x00, 0x00, 0x38, 0x00, 0x00, 0x07, 0x32, 0x00, 0x10, 0x00,
        0x07, 0x00, 0x00, 0x00, 0x06, 0x00, 0x10, 0x00, 0x0d, 0x00, 0x00, 0x00,
        0xd6, 0x05, 0x10, 0x00, 0x05, 0x00, 0x00, 0x00, 0x32, 0x00, 0x00, 0x0a,
        0xc2, 0x00, 0x10, 0x00, 0x06, 0x00, 0x00, 0x00, 0x06, 0x08, 0x10, 0x00,
        0x05, 0x00, 0x00, 0x00, 0x56, 0x05, 0x10, 0x80, 0x41, 0x00, 0x00, 0x00,
        0x0d, 0x00, 0x00, 0x00, 0x06, 0x04, 0x10, 0x00, 0x07, 0x00, 0x00, 0x00,
        0x38, 0x00, 0x00, 0x07, 0x32, 0x00, 0x10, 0x00, 0x05, 0x00, 0x00, 0x00,
        0x46, 0x00, 0x10, 0x00, 0x0e, 0x00, 0x00, 0x00, 0x96, 0x05, 0x10, 0x00,
        0x06, 0x00, 0x00, 0x00, 0x0f, 0x00, 0x00, 0x07, 0x82, 0x00, 0x10, 0x00,
        0x01, 0x00, 0x00, 0x00, 0x46, 0x00, 0x10, 0x00, 0x05, 0x00, 0x00, 0x00,
        0x46, 0x00, 0x10, 0x00, 0x05, 0x00, 0x00, 0x00, 0x33, 0x00, 0x00, 0x07,
        0x82, 0x00, 0x10, 0x00, 0x01, 0x00, 0x00, 0x00, 0x2a, 0x00, 0x10, 0x00,
        0x03, 0x00, 0x00, 0x00, 0x3a, 0x00, 0x10, 0x00, 0x01, 0x00, 0x00, 0x00,
        0x32, 0x00, 0x00, 0x09, 0x82, 0x00, 0x10, 0x00, 0x02, 0x00, 0x00, 0x00,
        0x3a, 0x00, 0x10, 0x00, 0x01, 0x00, 0x00, 0x00, 0x01, 0x40, 0x00, 0x00,
        0xcd, 0xcc, 0xcc, 0x3e, 0x01, 0x40, 0x00, 0x00, 0x00, 0x00, 0x80, 0xbf,
        0x32, 0x00, 0x00, 0x09, 0x82, 0x00, 0x10, 0x00, 0x01, 0x00, 0x00, 0x00,
        0x2a, 0x00, 0x10, 0x00, 0x0e, 0x00, 0x00, 0x00, 0x3a, 0x00, 0x10, 0x00,
        0x01, 0x00, 0x00, 0x00, 0x01, 0x40, 0x00, 0x00, 0x00, 0x00, 0x80, 0xbf,
        0x38, 0x00, 0x00, 0x07, 0x82, 0x00, 0x10, 0x00, 0x02, 0x00, 0x00, 0x00,
        0x3a, 0x00, 0x10, 0x00, 0x02, 0x00, 0x00, 0x00, 0x3a, 0x00, 0x10, 0x00,
        0x02, 0x00, 0x00, 0x00, 0x38, 0x00, 0x00, 0x07, 0x82, 0x00, 0x10, 0x00,
        0x01, 0x00, 0x00, 0x00, 0x3a, 0x00, 0x10, 0x00, 0x01, 0x00, 0x00, 0x00,
        0x3a, 0x00, 0x10, 0x00, 0x01, 0x00, 0x00, 0x00, 0x32, 0x00, 0x00, 0x09,
        0x82, 0x00, 0x10, 0x00, 0x02, 0x00, 0x00, 0x00, 0x3a, 0x00, 0x10, 0x00,
        0x02, 0x00, 0x00, 0x00, 0x01, 0x40, 0x00, 0x00, 0x00, 0x00, 0xc8, 0x3f,
        0x01, 0x40, 0x00, 0x00, 0x00, 0x00, 0x10, 0xbf, 0x38, 0x00, 0x00, 0x07,
        0x82, 0x00, 0x10, 0x00, 0x03, 0x00, 0x00, 0x00, 0x3a, 0x00, 0x10, 0x00,
        0x01, 0x00, 0x00, 0x00, 0x3a, 0x00, 0x10, 0x00, 0x02, 0x00, 0x00, 0x00,
        0x32, 0x00, 0x00, 0x09, 0x72, 0x00, 0x10, 0x00, 0x04, 0x00, 0x00, 0x00,
        0x46, 0x02, 0x10, 0x00, 0x14, 0x00, 0x00, 0x00, 0xf6, 0x0f, 0x10, 0x00,
        0x03, 0x00, 0x00, 0x00, 0x46, 0x02, 0x10, 0x00, 0x04, 0x00, 0x00, 0x00,
        0x32, 0x00, 0x00, 0x09, 0x42, 0x00, 0x10, 0x00, 0x01, 0x00, 0x00, 0x00,
        0x3a, 0x00, 0x10, 0x00, 0x02, 0x00, 0x00, 0x00, 0x3a, 0x00, 0x10, 0x00,
        0x01, 0x00, 0x00, 0x00, 0x2a, 0x00, 0x10, 0x00, 0x01, 0x00, 0x00, 0x00,
        0x0f, 0x00, 0x00, 0x07, 0x12, 0x00, 0x10, 0x00, 0x06, 0x00, 0x00, 0x00,
        0xe6, 0x0a, 0x10, 0x00, 0x05, 0x00, 0x00, 0x00, 0x46, 0x00, 0x10, 0x00,
        0x0d, 0x00, 0x00, 0x00, 0x38, 0x00, 0x00, 0x07, 0x32, 0x00, 0x10, 0x00,
        0x05, 0x00, 0x00, 0x00, 0x46, 0x00, 0x10, 0x00, 0x0e, 0x00, 0x00, 0x00,
        0xc6, 0x00, 0x10, 0x00, 0x06, 0x00, 0x00, 0x00, 0x0f, 0x00, 0x00, 0x07,
        0x82, 0x00, 0x10, 0x00, 0x01, 0x00, 0x00, 0x00, 0x46, 0x00, 0x10, 0x00,
        0x05, 0x00, 0x00, 0x00, 0x46, 0x00, 0x10, 0x00, 0x05, 0x00, 0x00, 0x00,
        0x33, 0x00, 0x00, 0x07, 0x82, 0x00, 0x10, 0x00, 0x01, 0x00, 0x00, 0x00,
        0x2a, 0x00, 0x10, 0x00, 0x03, 0x00, 0x00, 0x00, 0x3a, 0x00, 0x10, 0x00,
        0x01, 0x00, 0x00, 0x00, 0x32, 0x00, 0x00, 0x09, 0x82, 0x00, 0x10, 0x00,
        0x02, 0x00, 0x00, 0x00, 0x3a, 0x00, 0x10, 0x00, 0x01, 0x00, 0x00, 0x00,
        0x01, 0x40, 0x00, 0x00, 0xcd, 0xcc, 0xcc, 0x3e, 0x01, 0x40, 0x00, 0x00,
        0x00, 0x00, 0x80, 0xbf, 0x32, 0x00, 0x00, 0x09, 0x82, 0x00, 0x10, 0x00,
        0x01, 0x00, 0x00, 0x00, 0x2a, 0x00, 0x10, 0x00, 0x0e, 0x00, 0x00, 0x00,
        0x3a, 0x00, 0x10, 0x00, 0x01, 0x00, 0x00, 0x00, 0x01, 0x40, 0x00, 0x00,
        0x00, 0x00, 0x80, 0xbf, 0x38, 0x00, 0x00, 0x07, 0x82, 0x00, 0x10, 0x00,
        0x02, 0x00, 0x00, 0x00, 0x3a, 0x00, 0x10, 0x00, 0x02, 0x00, 0x00, 0x00,
        0x3a, 0x00, 0x10, 0x00, 0x02, 0x00, 0x00, 0x00, 0x38, 0x00, 0x00, 0x07,
        0x82, 0x00, 0x10, 0x00, 0x01, 0x00, 0x00, 0x00, 0x3a, 0x00, 0x10, 0x00,
        0x01, 0x00, 0x00, 0x00, 0x3a, 0x00, 0x10, 0x00, 0x01, 0x00, 0x00, 0x00,
        0x32, 0x00, 0x00, 0x09, 0x82, 0x00, 0x10, 0x00, 0x02, 0x00, 0x00, 0x00,
        0x3a, 0x00, 0x10, 0x00, 0x02, 0x00, 0x00, 0x00, 0x01, 0x40, 0x00, 0x00,
        0x00, 0x00, 0xc8, 0x3f, 0x01, 0x40, 0x00, 0x00, 0x00, 0x00, 0x10, 0xbf,
        0x38, 0x00, 0x00, 0x07, 0x82, 0x00, 0x10, 0x00, 0x03, 0x00, 0x00, 0x00,
        0x3a, 0x00, 0x10, 0x00, 0x01, 0x00, 0x00, 0x00, 0x3a, 0x00, 0x10, 0x00,
        0x02, 0x00, 0x00, 0x00, 0x36, 0x00, 0x00, 0x05, 0x12, 0x00, 0x10, 0x00,
        0x05, 0x00, 0x00, 0x00, 0x1a, 0x00, 0x10, 0x00, 0x09, 0x00, 0x00, 0x00,
        0x36, 0x00, 0x00, 0x05, 0x22, 0x00, 0x10, 0x00, 0x05, 0x00, 0x00, 0x00,
        0x1a, 0x00, 0x10, 0x00, 0x0a, 0x00, 0x00, 0x00, 0x36, 0x00, 0x00, 0x05,
        0x42, 0x00, 0x10, 0x00, 0x05, 0x00, 0x00, 0x00, 0x1a, 0x00, 0x10, 0x00,
        0x02, 0x00, 0x00, 0x00, 0x32, 0x00, 0x00, 0x09, 0x72, 0x00, 0x10, 0x00,
        0x04, 0x00, 0x00, 0x00, 0x46, 0x02, 0x10, 0x00, 0x05, 0x00, 0x00, 0x00,
        0xf6, 0x0f, 0x10, 0x00, 0x03, 0x00, 0x00, 0x00, 0x46, 0x02, 0x10, 0x00,
        0x04, 0x00, 0x00, 0x00, 0x32, 0x00, 0x00, 0x09, 0x42, 0x00, 0x10, 0x00,
        0x01, 0x00, 0x00, 0x00, 0x3a, 0x00, 0x10, 0x00, 0x02, 0x00, 0x00, 0x00,
        0x3a, 0x00, 0x10, 0x00, 0x01, 0x00, 0x00, 0x00, 0x2a, 0x00, 0x10, 0x00,
        0x01, 0x00, 0x00, 0x00, 0x00, 0x00, 0x00, 0x0b, 0xf2, 0x00, 0x10, 0x00,
        0x05, 0x00, 0x00, 0x00, 0x46, 0x04, 0x10, 0x80, 0x41, 0x00, 0x00, 0x00,
        0x01, 0x00, 0x00, 0x00, 0x02, 0x40, 0x00, 0x00, 0x00, 0x00, 0x00, 0x40,
        0x00, 0x00, 0x00, 0x00, 0x00, 0x00, 0x80, 0x3f, 0x00, 0x00, 0x00, 0x00,
        0x0f, 0x00, 0x00, 0x07, 0x22, 0x00, 0x10, 0x00, 0x06, 0x00, 0x00, 0x00,
        0x46, 0x00, 0x10, 0x00, 0x05, 0x00, 0x00, 0x00, 0x46, 0x00, 0x10, 0x00,
        0x0d, 0x00, 0x00, 0x00, 0x38, 0x00, 0x00, 0x07, 0x32, 0x00, 0x10, 0x00,
        0x07, 0x00, 0x00, 0x00, 0x06, 0x00, 0x10, 0x00, 0x0d, 0x00, 0x00, 0x00,
        0xd6, 0x05, 0x10, 0x00, 0x05, 0x00, 0x00, 0x00, 0x32, 0x00, 0x00, 0x0a,
        0xc2, 0x00, 0x10, 0x00, 0x06, 0x00, 0x00, 0x00, 0x06, 0x08, 0x10, 0x00,
        0x05, 0x00, 0x00, 0x00, 0x56, 0x05, 0x10, 0x80, 0x41, 0x00, 0x00, 0x00,
        0x0d, 0x00, 0x00, 0x00, 0x06, 0x04, 0x10, 0x00, 0x07, 0x00, 0x00, 0x00,
        0x38, 0x00, 0x00, 0x07, 0x32, 0x00, 0x10, 0x00, 0x05, 0x00, 0x00, 0x00,
        0x46, 0x00, 0x10, 0x00, 0x0e, 0x00, 0x00, 0x00, 0x96, 0x05, 0x10, 0x00,
        0x06, 0x00, 0x00, 0x00, 0x0f, 0x00, 0x00, 0x07, 0x82, 0x00, 0x10, 0x00,
        0x01, 0x00, 0x00, 0x00, 0x46, 0x00, 0x10, 0x00, 0x05, 0x00, 0x00, 0x00,
        0x46, 0x00, 0x10, 0x00, 0x05, 0x00, 0x00, 0x00, 0x33, 0x00, 0x00, 0x07,
        0x82, 0x00, 0x10, 0x00, 0x01, 0x00, 0x00, 0x00, 0x2a, 0x00, 0x10, 0x00,
        0x03, 0x00, 0x00, 0x00, 0x3a, 0x00, 0x10, 0x00, 0x01, 0x00, 0x00, 0x00,
        0x32, 0x00, 0x00, 0x09, 0x82, 0x00, 0x10, 0x00, 0x02, 0x00, 0x00, 0x00,
        0x3a, 0x00, 0x10, 0x00, 0x01, 0x00, 0x00, 0x00, 0x01, 0x40, 0x00, 0x00,
        0xcd, 0xcc, 0xcc, 0x3e, 0x01, 0x40, 0x00, 0x00, 0x00, 0x00, 0x80, 0xbf,
        0x32, 0x00, 0x00, 0x09, 0x82, 0x00, 0x10, 0x00, 0x01, 0x00, 0x00, 0x00,
        0x2a, 0x00, 0x10, 0x00, 0x0e, 0x00, 0x00, 0x00, 0x3a, 0x00, 0x10, 0x00,
        0x01, 0x00, 0x00, 0x00, 0x01, 0x40, 0x00, 0x00, 0x00, 0x00, 0x80, 0xbf,
        0x38, 0x00, 0x00, 0x07, 0x82, 0x00, 0x10, 0x00, 0x02, 0x00, 0x00, 0x00,
        0x3a, 0x00, 0x10, 0x00, 0x02, 0x00, 0x00, 0x00, 0x3a, 0x00, 0x10, 0x00,
        0x02, 0x00, 0x00, 0x00, 0x38, 0x00, 0x00, 0x07, 0x82, 0x00, 0x10, 0x00,
        0x01, 0x00, 0x00, 0x00, 0x3a, 0x00, 0x10, 0x00, 0x01, 0x00, 0x00, 0x00,
        0x3a, 0x00, 0x10, 0x00, 0x01, 0x00, 0x00, 0x00, 0x32, 0x00, 0x00, 0x09,
        0x82, 0x00, 0x10, 0x00, 0x02, 0x00, 0x00, 0x00, 0x3a, 0x00, 0x10, 0x00,
        0x02, 0x00, 0x00, 0x00, 0x01, 0x40, 0x00, 0x00, 0x00, 0x00, 0xc8, 0x3f,
        0x01, 0x40, 0x00, 0x00, 0x00, 0x00, 0x10, 0xbf, 0x38, 0x00, 0x00, 0x07,
        0x82, 0x00, 0x10, 0x00, 0x03, 0x00, 0x00, 0x00, 0x3a, 0x00, 0x10, 0x00,
        0x01, 0x00, 0x00, 0x00, 0x3a, 0x00, 0x10, 0x00, 0x02, 0x00, 0x00, 0x00,
        0x36, 0x00, 0x00, 0x05, 0x12, 0x00, 0x10, 0x00, 0x02, 0x00, 0x00, 0x00,
        0x2a, 0x00, 0x10, 0x00, 0x09, 0x00, 0x00, 0x00, 0x36, 0x00, 0x00, 0x05,
        0x22, 0x00, 0x10, 0x00, 0x02, 0x00, 0x00, 0x00, 0x2a, 0x00, 0x10, 0x00,
        0x0a, 0x00, 0x00, 0x00, 0x32, 0x00, 0x00, 0x09, 0x72, 0x00, 0x10, 0x00,
        0x02, 0x00, 0x00, 0x00, 0x46, 0x02, 0x10, 0x00, 0x02, 0x00, 0x00, 0x00,
        0xf6, 0x0f, 0x10, 0x00, 0x03, 0x00, 0x00, 0x00, 0x46, 0x02, 0x10, 0x00,
        0x04, 0x00, 0x00, 0x00, 0x32, 0x00, 0x00, 0x09, 0x42, 0x00, 0x10, 0x00,
        0x01, 0x00, 0x00, 0x00, 0x3a, 0x00, 0x10, 0x00, 0x02, 0x00, 0x00, 0x00,
        0x3a, 0x00, 0x10, 0x00, 0x01, 0x00, 0x00, 0x00, 0x2a, 0x00, 0x10, 0x00,
        0x01, 0x00, 0x00, 0x00, 0x0f, 0x00, 0x00, 0x07, 0x12, 0x00, 0x10, 0x00,
        0x06, 0x00, 0x00, 0x00, 0xe6, 0x0a, 0x10, 0x00, 0x05, 0x00, 0x00, 0x00,
        0x46, 0x00, 0x10, 0x00, 0x0d, 0x00, 0x00, 0x00, 0x38, 0x00, 0x00, 0x07,
        0x32, 0x00, 0x10, 0x00, 0x04, 0x00, 0x00, 0x00, 0x46, 0x00, 0x10, 0x00,
        0x0e, 0x00, 0x00, 0x00, 0xc6, 0x00, 0x10, 0x00, 0x06, 0x00, 0x00, 0x00,
        0x0f, 0x00, 0x00, 0x07, 0x82, 0x00, 0x10, 0x00, 0x01, 0x00, 0x00, 0x00,
        0x46, 0x00, 0x10, 0x00, 0x04, 0x00, 0x00, 0x00, 0x46, 0x00, 0x10, 0x00,
        0x04, 0x00, 0x00, 0x00, 0x33, 0x00, 0x00, 0x07, 0x82, 0x00, 0x10, 0x00,
        0x01, 0x00, 0x00, 0x00, 0x2a, 0x00, 0x10, 0x00, 0x03, 0x00, 0x00, 0x00,
        0x3a, 0x00, 0x10, 0x00, 0x01, 0x00, 0x00, 0x00, 0x32, 0x00, 0x00, 0x09,
        0x82, 0x00, 0x10, 0x00, 0x02, 0x00, 0x00, 0x00, 0x3a, 0x00, 0x10, 0x00,
        0x01, 0x00, 0x00, 0x00, 0x01, 0x40, 0x00, 0x00, 0xcd, 0xcc, 0xcc, 0x3e,
        0x01, 0x40, 0x00, 0x00, 0x00, 0x00, 0x80, 0xbf, 0x32, 0x00, 0x00, 0x09,
        0x82, 0x00, 0x10, 0x00, 0x01, 0x00, 0x00, 0x00, 0x2a, 0x00, 0x10, 0x00,
        0x0e, 0x00, 0x00, 0x00, 0x3a, 0x00, 0x10, 0x00, 0x01, 0x00, 0x00, 0x00,
        0x01, 0x40, 0x00, 0x00, 0x00, 0x00, 0x80, 0xbf, 0x38, 0x00, 0x00, 0x07,
        0x82, 0x00, 0x10, 0x00, 0x02, 0x00, 0x00, 0x00, 0x3a, 0x00, 0x10, 0x00,
        0x02, 0x00, 0x00, 0x00, 0x3a, 0x00, 0x10, 0x00, 0x02, 0x00, 0x00, 0x00,
        0x38, 0x00, 0x00, 0x07, 0x82, 0x00, 0x10, 0x00, 0x01, 0x00, 0x00, 0x00,
        0x3a, 0x00, 0x10, 0x00, 0x01, 0x00, 0x00, 0x00, 0x3a, 0x00, 0x10, 0x00,
        0x01, 0x00, 0x00, 0x00, 0x32, 0x00, 0x00, 0x09, 0x82, 0x00, 0x10, 0x00,
        0x02, 0x00, 0x00, 0x00, 0x3a, 0x00, 0x10, 0x00, 0x02, 0x00, 0x00, 0x00,
        0x01, 0x40, 0x00, 0x00, 0x00, 0x00, 0xc8, 0x3f, 0x01, 0x40, 0x00, 0x00,
        0x00, 0x00, 0x10, 0xbf, 0x38, 0x00, 0x00, 0x07, 0x82, 0x00, 0x10, 0x00,
        0x03, 0x00, 0x00, 0x00, 0x3a, 0x00, 0x10, 0x00, 0x01, 0x00, 0x00, 0x00,
        0x3a, 0x00, 0x10, 0x00, 0x02, 0x00, 0x00, 0x00, 0x32, 0x00, 0x00, 0x09,
        0x72, 0x00, 0x10, 0x00, 0x02, 0x00, 0x00, 0x00, 0x46, 0x02, 0x10, 0x00,
        0x0f, 0x00, 0x00, 0x00, 0xf6, 0x0f, 0x10, 0x00, 0x03, 0x00, 0x00, 0x00,
        0x46, 0x02, 0x10, 0x00, 0x02, 0x00, 0x00, 0x00, 0x32, 0x00, 0x00, 0x09,
        0x42, 0x00, 0x10, 0x00, 0x01, 0x00, 0x00, 0x00, 0x3a, 0x00, 0x10, 0x00,
        0x02, 0x00, 0x00, 0x00, 0x3a, 0x00, 0x10, 0x00, 0x01, 0x00, 0x00, 0x00,
        0x2a, 0x00, 0x10, 0x00, 0x01, 0x00, 0x00, 0x00, 0x00, 0x00, 0x00, 0x0b,
        0xf2, 0x00, 0x10, 0x00, 0x04, 0x00, 0x00, 0x00, 0x46, 0x04, 0x10, 0x80,
        0x41, 0x00, 0x00, 0x00, 0x01, 0x00, 0x00, 0x00, 0x02, 0x40, 0x00, 0x00,
        0x00, 0x00, 0x80, 0x3f, 0x00, 0x00, 0x00, 0x40, 0x00, 0x00, 0x00, 0x00,
        0x00, 0x00, 0x00, 0x40, 0x0f, 0x00, 0x00, 0x07, 0x22, 0x00, 0x10, 0x00,
        0x05, 0x00, 0x00, 0x00, 0x46, 0x00, 0x10, 0x00, 0x04, 0x00, 0x00, 0x00,
        0x46, 0x00, 0x10, 0x00, 0x0d, 0x00, 0x00, 0x00, 0x38, 0x00, 0x00, 0x07,
        0x32, 0x00, 0x10, 0x00, 0x01, 0x00, 0x00, 0x00, 0x06, 0x00, 0x10, 0x00,
        0x0d, 0x00, 0x00, 0x00, 0xd6, 0x05, 0x10, 0x00, 0x04, 0x00, 0x00, 0x00,
        0x32, 0x00, 0x00, 0x0a, 0xc2, 0x00, 0x10, 0x00, 0x05, 0x00, 0x00, 0x00,
        0x06, 0x08, 0x10, 0x00, 0x04, 0x00, 0x00, 0x00, 0x56, 0x05, 0x10, 0x80,
        0x41, 0x00, 0x00, 0x00, 0x0d, 0x00, 0x00, 0x00, 0x06, 0x04, 0x10, 0x00,
        0x01, 0x00, 0x00, 0x00, 0x38, 0x00, 0x00, 0x07, 0x32, 0x00, 0x10, 0x00,
        0x01, 0x00, 0x00, 0x00, 0x46, 0x00, 0x10, 0x00, 0x0e, 0x00, 0x00, 0x00,
        0x96, 0x05, 0x10, 0x00, 0x05, 0x00, 0x00, 0x00, 0x0f, 0x00, 0x00, 0x07,
        0x12, 0x00, 0x10, 0x00, 0x01, 0x00, 0x00, 0x00, 0x46, 0x00, 0x10, 0x00,
        0x01, 0x00, 0x00, 0x00, 0x46, 0x00, 0x10, 0x00, 0x01, 0x00, 0x00, 0x00,
        0x33, 0x00, 0x00, 0x07, 0x12, 0x00, 0x10, 0x00, 0x01, 0x00, 0x00, 0x00,
        0x2a, 0x00, 0x10, 0x00, 0x03, 0x00, 0x00, 0x00, 0x0a, 0x00, 0x10, 0x00,
        0x01, 0x00, 0x00, 0x00, 0x32, 0x00, 0x00, 0x09, 0x22, 0x00, 0x10, 0x00,
        0x01, 0x00, 0x00, 0x00, 0x0a, 0x00, 0x10, 0x00, 0x01, 0x00, 0x00, 0x00,
        0x01, 0x40, 0x00, 0x00, 0xcd, 0xcc, 0xcc, 0x3e, 0x01, 0x40, 0x00, 0x00,
        0x00, 0x00, 0x80, 0xbf, 0x32, 0x00, 0x00, 0x09, 0x12, 0x00, 0x10, 0x00,
        0x01, 0x00, 0x00, 0x00, 0x2a, 0x00, 0x10, 0x00, 0x0e, 0x00, 0x00, 0x00,
        0x0a, 0x00, 0x10, 0x00, 0x01, 0x00, 0x00, 0x00, 0x01, 0x40, 0x00, 0x00,
        0x00, 0x00, 0x80, 0xbf, 0x38, 0x00, 0x00, 0x07, 0x32, 0x00, 0x10, 0x00,
        0x01, 0x00, 0x00, 0x00, 0x46, 0x00, 0x10, 0x00, 0x01, 0x00, 0x00, 0x00,
        0x46, 0x00, 0x10, 0x00, 0x01, 0x00, 0x00, 0x00, 0x32, 0x00, 0x00, 0x09,
        0x22, 0x00, 0x10, 0x00, 0x01, 0x00, 0x00, 0x00, 0x1a, 0x00, 0x10, 0x00,
        0x01, 0x00, 0x00, 0x00, 0x01, 0x40, 0x00, 0x00, 0x00, 0x00, 0xc8, 0x3f,
        0x01, 0x40, 0x00, 0x00, 0x00, 0x00, 0x10, 0xbf, 0x38, 0x00, 0x00, 0x07,
        0x82, 0x00, 0x10, 0x00, 0x01, 0x00, 0x00, 0x00, 0x0a, 0x00, 0x10, 0x00,
        0x01, 0x00, 0x00, 0x00, 0x1a, 0x00, 0x10, 0x00, 0x01, 0x00, 0x00, 0x00,
        0x36, 0x00, 0x00, 0x05, 0x42, 0x00, 0x10, 0x00, 0x0b, 0x00, 0x00, 0x00,
        0x0a, 0x00, 0x10, 0x00, 0x0c, 0x00, 0x00, 0x00, 0x36, 0x00, 0x00, 0x05,
        0x82, 0x00, 0x10, 0x00, 0x0b, 0x00, 0x00, 0x00, 0x0a, 0x00, 0x10, 0x00,
        0x03, 0x00, 0x00, 0x00, 0x32, 0x00, 0x00, 0x09, 0x72, 0x00, 0x10, 0x00,
        0x02, 0x00, 0x00, 0x00, 0x86, 0x03, 0x10, 0x00, 0x0b, 0x00, 0x00, 0x00,
        0xf6, 0x0f, 0x10, 0x00, 0x01, 0x00, 0x00, 0x00, 0x46, 0x02, 0x10, 0x00,
        0x02, 0x00, 0x00, 0x00, 0x32, 0x00, 0x00, 0x09, 0x12, 0x00, 0x10, 0x00,
        0x01, 0x00, 0x00, 0x00, 0x1a, 0x00, 0x10, 0x00, 0x01, 0x00, 0x00, 0x00,
        0x0a, 0x00, 0x10, 0x00, 0x01, 0x00, 0x00, 0x00, 0x2a, 0x00, 0x10, 0x00,
        0x01, 0x00, 0x00, 0x00, 0x0f, 0x00, 0x00, 0x07, 0x12, 0x00, 0x10, 0x00,
        0x05, 0x00, 0x00, 0x00, 0xe6, 0x0a, 0x10, 0x00, 0x04, 0x00, 0x00, 0x00,
        0x46, 0x00, 0x10, 0x00, 0x0d, 0x00, 0x00, 0x00, 0x38, 0x00, 0x00, 0x07,
        0x62, 0x00, 0x10, 0x00, 0x01, 0x00, 0x00, 0x00, 0x06, 0x01, 0x10, 0x00,
        0x0e, 0x00, 0x00, 0x00, 0x06, 0x03, 0x10, 0x00, 0x05, 0x00, 0x00, 0x00,
        0x0f, 0x00, 0x00, 0x07, 0x22, 0x00, 0x10, 0x00, 0x01, 0x00, 0x00, 0x00,
        0x96, 0x05, 0x10, 0x00, 0x01, 0x00, 0x00, 0x00, 0x96, 0x05, 0x10, 0x00,
        0x01, 0x00, 0x00, 0x00, 0x33, 0x00, 0x00, 0x07, 0x22, 0x00, 0x10, 0x00,
        0x01, 0x00, 0x00, 0x00, 0x2a, 0x00, 0x10, 0x00, 0x03, 0x00, 0x00, 0x00,
        0x1a, 0x00, 0x10, 0x00, 0x01, 0x00, 0x00, 0x00, 0x32, 0x00, 0x00, 0x09,
        0x42, 0x00, 0x10, 0x00, 0x01, 0x00, 0x00, 0x00, 0x1a, 0x00, 0x10, 0x00,
        0x01, 0x00, 0x00, 0x00, 0x01, 0x40, 0x00, 0x00, 0xcd, 0xcc, 0xcc, 0x3e,
        0x01, 0x40, 0x00, 0x00, 0x00, 0x00, 0x80, 0xbf, 0x32, 0x00, 0x00, 0x09,
        0x22, 0x00, 0x10, 0x00, 0x01, 0x00, 0x00, 0x00, 0x2a, 0x00, 0x10, 0x00,
        0x0e, 0x00, 0x00, 0x00, 0x1a, 0x00, 0x10, 0x00, 0x01, 0x00, 0x00, 0x00,
        0x01, 0x40, 0x00, 0x00, 0x00, 0x00, 0x80, 0xbf, 0x38, 0x00, 0x00, 0x07,
        0x62, 0x00, 0x10, 0x00, 0x01, 0x00, 0x00, 0x00, 0x56, 0x06, 0x10, 0x00,
        0x01, 0x00, 0x00, 0x00, 0x56, 0x06, 0x10, 0x00, 0x01, 0x00, 0x00, 0x00,
        0x32, 0x00, 0x00, 0x09, 0x42, 0x00, 0x10, 0x00, 0x01, 0x00, 0x00, 0x00,
        0x2a, 0x00, 0x10, 0x00, 0x01, 0x00, 0x00, 0x00, 0x01, 0x40, 0x00, 0x00,
        0x00, 0x00, 0xc8, 0x3f, 0x01, 0x40, 0x00, 0x00, 0x00, 0x00, 0x10, 0xbf,
        0x38, 0x00, 0x00, 0x07, 0x82, 0x00, 0x10, 0x00, 0x01, 0x00, 0x00, 0x00,
        0x1a, 0x00, 0x10, 0x00, 0x01, 0x00, 0x00, 0x00, 0x2a, 0x00, 0x10, 0x00,
        0x01, 0x00, 0x00, 0x00, 0x36, 0x00, 0x00, 0x05, 0x42, 0x00, 0x10, 0x00,
        0x0c, 0x00, 0x00, 0x00, 0x1a, 0x00, 0x10, 0x00, 0x0b, 0x00, 0x00, 0x00,
        0x36, 0x00, 0x00, 0x05, 0x82, 0x00, 0x10, 0x00, 0x0c, 0x00, 0x00, 0x00,
        0x1a, 0x00, 0x10, 0x00, 0x03, 0x00, 0x00, 0x00, 0x32, 0x00, 0x00, 0x09,
        0x72, 0x00, 0x10, 0x00, 0x02, 0x00, 0x00, 0x00, 0x66, 0x0b, 0x10, 0x00,
        0x0c, 0x00, 0x00, 0x00, 0xf6, 0x0f, 0x10, 0x00, 0x01, 0x00, 0x00, 0x00,
        0x46, 0x02, 0x10, 0x00, 0x02, 0x00, 0x00, 0x00, 0x32, 0x00, 0x00, 0x09,
        0x12, 0x00, 0x10, 0x00, 0x01, 0x00, 0x00, 0x00, 0x2a, 0x00, 0x10, 0x00,
        0x01, 0x00, 0x00, 0x00, 0x1a, 0x00, 0x10, 0x00, 0x01, 0x00, 0x00, 0x00,
        0x0a, 0x00, 0x10, 0x00, 0x01, 0x00, 0x00, 0x00, 0x81, 0x00, 0x00, 0x05,
        0x12, 0x00, 0x10, 0x00, 0x01, 0x00, 0x00, 0x00, 0x0a, 0x00, 0x10, 0x00,
        0x01, 0x00, 0x00, 0x00, 0x38, 0x00, 0x00, 0x07, 0x72, 0x00, 0x10, 0x00,
        0x01, 0x00, 0x00, 0x00, 0x06, 0x00, 0x10, 0x00, 0x01, 0x00, 0x00, 0x00,
        0x46, 0x02, 0x10, 0x00, 0x02, 0x00, 0x00, 0x00, 0x34, 0x00, 0x00, 0x07,
        0x72, 0x00, 0x10, 0x00, 0x01, 0x00, 0x00, 0x00, 0x46, 0x02, 0x10, 0x00,
        0x01, 0x00, 0x00, 0x00, 0x46, 0x02, 0x10, 0x00, 0x12, 0x00, 0x00, 0x00,
        0x33, 0x00, 0x00, 0x07, 0x72, 0x00, 0x10, 0x00, 0x01, 0x00, 0x00, 0x00,
        0x46, 0x02, 0x10, 0x00, 0x01, 0x00, 0x00, 0x00, 0x46, 0x02, 0x10, 0x00,
        0x15, 0x00, 0x00, 0x00, 0x36, 0x00, 0x00, 0x05, 0x82, 0x00, 0x10, 0x00,
        0x01, 0x00, 0x00, 0x00, 0x01, 0x40, 0x00, 0x00, 0x00, 0x00, 0x80, 0x3f,
        0xa4, 0x00, 0x00, 0x07, 0xf2, 0xe0, 0x11, 0x00, 0x00, 0x00, 0x00, 0x00,
        0xc6, 0x0f, 0x10, 0x00, 0x00, 0x00, 0x00, 0x00, 0x46, 0x0e, 0x10, 0x00,
        0x01, 0x00, 0x00, 0x00, 0x15, 0x00, 0x00, 0x01, 0x1e, 0x00, 0x00, 0x0a,
        0xf2, 0x00, 0x10, 0x00, 0x01, 0x00, 0x00, 0x00, 0xc6, 0x0c, 0x10, 0x00,
        0x00, 0x00, 0x00, 0x00, 0x02, 0x40, 0x00, 0x00, 0x08, 0x00, 0x00, 0x00,
        0x00, 0x00, 0x00, 0x00, 0x08, 0x00, 0x00, 0x00, 0x08, 0x00, 0x00, 0x00,
        0x50, 0x00, 0x00, 0x08, 0xf2, 0x00, 0x10, 0x00, 0x02, 0x00, 0x00, 0x00,
        0x46, 0x0e, 0x10, 0x00, 0x01, 0x00, 0x00, 0x00, 0x96, 0x89, 0x20, 0x00,
        0x00, 0x00, 0x00, 0x00, 0x04, 0x00, 0x00, 0x00, 0x3c, 0x00, 0x00, 0x07,
        0x32, 0x00, 0x10, 0x00, 0x02, 0x00, 0x00, 0x00, 0xd6, 0x05, 0x10, 0x00,
        0x02, 0x00, 0x00, 0x00, 0x86, 0x00, 0x10, 0x00, 0x02, 0x00, 0x00, 0x00,
        0x1f, 0x00, 0x00, 0x03, 0x0a, 0x00, 0x10, 0x00, 0x02, 0x00, 0x00, 0x00,
        0x56, 0x00, 0x00, 0x05, 0x52, 0x00, 0x10, 0x00, 0x02, 0x00, 0x00, 0x00,
        0x06, 0x01, 0x10, 0x00, 0x01, 0x00, 0x00, 0x00, 0x32, 0x00, 0x00, 0x0b,
        0x52, 0x00, 0x10, 0x00, 0x02, 0x00, 0x00, 0x00, 0x06, 0x02, 0x10, 0x00,
        0x02, 0x00, 0x00, 0x00, 0x06, 0x81, 0x20, 0x00, 0x00, 0x00, 0x00, 0x00,
        0x00, 0x00, 0x00, 0x00, 0xa6, 0x8b, 0x20, 0x00, 0x00, 0x00, 0x00, 0x00,
        0x00, 0x00, 0x00, 0x00, 0x41, 0x00, 0x00, 0x05, 0x32, 0x00, 0x10, 0x00,
        0x03, 0x00, 0x00, 0x00, 0x86, 0x00, 0x10, 0x00, 0x02, 0x00, 0x00, 0x00,
        0x00, 0x00, 0x00, 0x08, 0x52, 0x00, 0x10, 0x00, 0x02, 0x00, 0x00, 0x00,
        0x06, 0x02, 0x10, 0x00, 0x02, 0x00, 0x00, 0x00, 0x06, 0x01, 0x10, 0x80,
        0x41, 0x00, 0x00, 0x00, 0x03, 0x00, 0x00, 0x00, 0x32, 0x00, 0x00, 0x0b,
        0x32, 0x00, 0x10, 0x00, 0x03, 0x00, 0x00, 0x00, 0x46, 0x00, 0x10, 0x00,
        0x03, 0x00, 0x00, 0x00, 0x46, 0x80, 0x20, 0x00, 0x00, 0x00, 0x00, 0x00,
        0x01, 0x00, 0x00, 0x00, 0xe6, 0x8a, 0x20, 0x00, 0x00, 0x00, 0x00, 0x00,
        0x01, 0x00, 0x00, 0x00, 0x00, 0x00, 0x00, 0x08, 0xf2, 0x00, 0x10, 0x00,
        0x04, 0x00, 0x00, 0x00, 0x46, 0x04, 0x10, 0x00, 0x03, 0x00, 0x00, 0x00,
        0x46, 0x8e, 0x20, 0x00, 0x00, 0x00, 0x00, 0x00, 0x02, 0x00, 0x00, 0x00,
        0x00, 0x00, 0x00, 0x08, 0xc2, 0x00, 0x10, 0x00, 0x03, 0x00, 0x00, 0x00,
        0x06, 0x04, 0x10, 0x00, 0x03, 0x00, 0x00, 0x00, 0x06, 0x84, 0x20, 0x00,
        0x00, 0x00, 0x00, 0x00, 0x03, 0x00, 0x00, 0x00, 0x6d, 0x00, 0x00, 0x8b,
        0xc2, 0x00, 0x00, 0x80, 0x43, 0x55, 0x15, 0x00, 0x32, 0x00, 0x10, 0x00,
        0x05, 0x00, 0x00, 0x00, 0x46, 0x00, 0x10, 0x00, 0x03, 0x00, 0x00, 0x00,
        0x46, 0x7e, 0x10, 0x00, 0x00, 0x00, 0x00, 0x00, 0x0a, 0x60, 0x10, 0x00,
        0x00, 0x00, 0x00, 0x00, 0x1f, 0x00, 0x04, 0x04, 0x0a, 0x80, 0x20, 0x00,
        0x00, 0x00, 0x00, 0x00, 0x04, 0x00, 0x00, 0x00, 0x34, 0x00, 0x00, 0x0a,
        0x32, 0x00, 0x10, 0x00, 0x06, 0x00, 0x00, 0x00, 0x46, 0x00, 0x10, 0x00,
        0x05, 0x00, 0x00, 0x00, 0x02, 0x40, 0x00, 0x00, 0x00, 0x00, 0x00, 0x00,
        0x00, 0x00, 0x00, 0x00, 0x00, 0x00, 0x00, 0x00, 0x00, 0x00, 0x00, 0x00,
        0x38, 0x00, 0x00, 0x0a, 0xc2, 0x00, 0x10, 0x00, 0x06, 0x00, 0x00, 0x00,
        0x06, 0x04, 0x10, 0x00, 0x06, 0x00, 0x00, 0x00, 0x02, 0x40, 0x00, 0x00,
        0x00, 0x00, 0x00, 0x00, 0x00, 0x00, 0x00, 0x00, 0x52, 0xb8, 0x4e, 0x41,
        0x52, 0xb8, 0x4e, 0x41, 0x31, 0x00, 0x00, 0x0a, 0x32, 0x00, 0x10, 0x00,
        0x07, 0x00, 0x00, 0x00, 0x02, 0x40, 0x00, 0x00, 0x1c, 0x2e, 0x4d, 0x3b,
        0x1c, 0x2e, 0x4d, 0x3b, 0x00, 0x00, 0x00, 0x00, 0x00, 0x00, 0x00, 0x00,
        0x46, 0x00, 0x10, 0x00, 0x06, 0x00, 0x00, 0x00, 0x2f, 0x00, 0x00, 0x05,
        0x32, 0x00, 0x10, 0x00, 0x06, 0x00, 0x00, 0x00, 0x46, 0x00, 0x10, 0x00,
        0x06, 0x00, 0x00, 0x00, 0x38, 0x00, 0x00, 0x0a, 0x32, 0x00, 0x10, 0x00,
        0x06, 0x00, 0x00, 0x00, 0x46, 0x00, 0x10, 0x00, 0x06, 0x00, 0x00, 0x00,
        0x02, 0x40, 0x00, 0x00, 0x55, 0x55, 0xd5, 0x3e, 0x55, 0x55, 0xd5, 0x3e,
        0x00, 0x00, 0x00, 0x00, 0x00, 0x00, 0x00, 0x00, 0x19, 0x00, 0x00, 0x05,
        0x32, 0x00, 0x10, 0x00, 0x06, 0x00, 0x00, 0x00, 0x46, 0x00, 0x10, 0x00,
        0x06, 0x00, 0x00, 0x00, 0x32, 0x00, 0x00, 0x0f, 0x32, 0x00, 0x10, 0x00,
        0x06, 0x00, 0x00, 0x00, 0x46, 0x00, 0x10, 0x00, 0x06, 0x00, 0x00, 0x00,
        0x02, 0x40, 0x00, 0x00, 0x3d, 0x0a, 0x87, 0x3f, 0x3d, 0x0a, 0x87, 0x3f,
        0x00, 0x00, 0x00, 0x00, 0x00, 0x00, 0x00, 0x00, 0x02, 0x40, 0x00, 0x00,
        0xae, 0x47, 0x61, 0xbd, 0xae, 0x47, 0x61, 0xbd, 0x00, 0x00, 0x00, 0x00,
        0x00, 0x00, 0x00, 0x00, 0x37, 0x20, 0x00, 0x09, 0x32, 0x00, 0x10, 0x00,
        0x05, 0x00, 0x00, 0x00, 0x46, 0x00, 0x10, 0x00, 0x07, 0x00, 0x00, 0x00,
        0x46, 0x00, 0x10, 0x00, 0x06, 0x00, 0x00, 0x00, 0xe6, 0x0a, 0x10, 0x00,
        0x06, 0x00, 0x00, 0x00, 0x15, 0x00, 0x00, 0x01, 0x6d, 0x00, 0x00, 0x8b,
        0xc2, 0x00, 0x00, 0x80, 0x43, 0x55, 0x15, 0x00, 0x32, 0x00, 0x10, 0x00,
        0x06, 0x00, 0x00, 0x00, 0x46, 0x00, 0x10, 0x00, 0x03, 0x00, 0x00, 0x00,
        0x46, 0x7e, 0x10, 0x00, 0x00, 0x00, 0x00, 0x00, 0x1a, 0x60, 0x10, 0x00,
        0x00, 0x00, 0x00, 0x00, 0x1f, 0x00, 0x04, 0x04, 0x0a, 0x80, 0x20, 0x00,
        0x00, 0x00, 0x00, 0x00, 0x04, 0x00, 0x00, 0x00, 0x34, 0x00, 0x00, 0x0a,
        0x32, 0x00, 0x10, 0x00, 0x07, 0x00, 0x00, 0x00, 0x46, 0x00, 0x10, 0x00,
        0x06, 0x00, 0x00, 0x00, 0x02, 0x40, 0x00, 0x00, 0x00, 0x00, 0x00, 0x00,
        0x00, 0x00, 0x00, 0x00, 0x00, 0x00, 0x00, 0x00, 0x00, 0x00, 0x00, 0x00,
        0x38, 0x00, 0x00, 0x0a, 0xc2, 0x00, 0x10, 0x00, 0x07, 0x00, 0x00, 0x00,
        0x06, 0x04, 0x10, 0x00, 0x07, 0x00, 0x00, 0x00, 0x02, 0x40, 0x00, 0x00,
        0x00, 0x00, 0x00, 0x00, 0x00, 0x00, 0x00, 0x00, 0x52, 0xb8, 0x4e, 0x41,
        0x52, 0xb8, 0x4e, 0x41, 0x31, 0x00, 0x00, 0x0a, 0x32, 0x00, 0x10, 0x00,
        0x08, 0x00, 0x00, 0x00, 0x02, 0x40, 0x00, 0x00, 0x1c, 0x2e, 0x4d, 0x3b,
        0x1c, 0x2e, 0x4d, 0x3b, 0x00, 0x00, 0x00, 0x00, 0x00, 0x00, 0x00, 0x00,
        0x46, 0x00, 0x10, 0x00, 0x07, 0x00, 0x00, 0x00, 0x2f, 0x00, 0x00, 0x05,
        0x32, 0x00, 0x10, 0x00, 0x07, 0x00, 0x00, 0x00, 0x46, 0x00, 0x10, 0x00,
        0x07, 0x00, 0x00, 0x00, 0x38, 0x00, 0x00, 0x0a, 0x32, 0x00, 0x10, 0x00,
        0x07, 0x00, 0x00, 0x00, 0x46, 0x00, 0x10, 0x00, 0x07, 0x00, 0x00, 0x00,
        0x02, 0x40, 0x00, 0x00, 0x55, 0x55, 0xd5, 0x3e, 0x55, 0x55, 0xd5, 0x3e,
        0x00, 0x00, 0x00, 0x00, 0x00, 0x00, 0x00, 0x00, 0x19, 0x00, 0x00, 0x05,
        0x32, 0x00, 0x10, 0x00, 0x07, 0x00, 0x00, 0x00, 0x46, 0x00, 0x10, 0x00,
        0x07, 0x00, 0x00, 0x00, 0x32, 0x00, 0x00, 0x0f, 0x32, 0x00, 0x10, 0x00,
        0x07, 0x00, 0x00, 0x00, 0x46, 0x00, 0x10, 0x00, 0x07, 0x00, 0x00, 0x00,
        0x02, 0x40, 0x00, 0x00, 0x3d, 0x0a, 0x87, 0x3f, 0x3d, 0x0a, 0x87, 0x3f,
        0x00, 0x00, 0x00, 0x00, 0x00, 0x00, 0x00, 0x00, 0x02, 0x40, 0x00, 0x00,
        0xae, 0x47, 0x61, 0xbd, 0xae, 0x47, 0x61, 0xbd, 0x00, 0x00, 0x00, 0x00,
        0x00, 0x00, 0x00, 0x00, 0x37, 0x20, 0x00, 0x09, 0x32, 0x00, 0x10, 0x00,
        0x06, 0x00, 0x00, 0x00, 0x46, 0x00, 0x10, 0x00, 0x08, 0x00, 0x00, 0x00,
        0x46, 0x00, 0x10, 0x00, 0x07, 0x00, 0x00, 0x00, 0xe6, 0x0a, 0x10, 0x00,
        0x07, 0x00, 0x00, 0x00, 0x15, 0x00, 0x00, 0x01, 0x6d, 0x00, 0x00, 0x8b,
        0xc2, 0x00, 0x00, 0x80, 0x43, 0x55, 0x15, 0x00, 0x32, 0x00, 0x10, 0x00,
        0x03, 0x00, 0x00, 0x00, 0x46, 0x00, 0x10, 0x00, 0x03, 0x00, 0x00, 0x00,
        0x46, 0x7e, 0x10, 0x00, 0x00, 0x00, 0x00, 0x00, 0x2a, 0x60, 0x10, 0x00,
        0x00, 0x00, 0x00, 0x00, 0x1f, 0x00, 0x04, 0x04, 0x0a, 0x80, 0x20, 0x00,
        0x00, 0x00, 0x00, 0x00, 0x04, 0x00, 0x00, 0x00, 0x34, 0x00, 0x00, 0x0a,
        0x32, 0x00, 0x10, 0x00, 0x07, 0x00, 0x00, 0x00, 0x46, 0x00, 0x10, 0x00,
        0x03, 0x00, 0x00, 0x00, 0x02, 0x40, 0x00, 0x00, 0x00, 0x00, 0x00, 0x00,
        0x00, 0x00, 0x00, 0x00, 0x00, 0x00, 0x00, 0x00, 0x00, 0x00, 0x00, 0x00,
        0x38, 0x00, 0x00, 0x0a, 0xc2, 0x00, 0x10, 0x00, 0x07, 0x00, 0x00, 0x00,
        0x06, 0x04, 0x10, 0x00, 0x07, 0x00, 0x00, 0x00, 0x02, 0x40, 0x00, 0x00,
        0x00, 0x00, 0x00, 0x00, 0x00, 0x00, 0x00, 0x00, 0x52, 0xb8, 0x4e, 0x41,
        0x52, 0xb8, 0x4e, 0x41, 0x31, 0x00, 0x00, 0x0a, 0x32, 0x00, 0x10, 0x00,
        0x08, 0x00, 0x00, 0x00, 0x02, 0x40, 0x00, 0x00, 0x1c, 0x2e, 0x4d, 0x3b,
        0x1c, 0x2e, 0x4d, 0x3b, 0x00, 0x00, 0x00, 0x00, 0x00, 0x00, 0x00, 0x00,
        0x46, 0x00, 0x10, 0x00, 0x07, 0x00, 0x00, 0x00, 0x2f, 0x00, 0x00, 0x05,
        0x32, 0x00, 0x10, 0x00, 0x07, 0x00, 0x00, 0x00, 0x46, 0x00, 0x10, 0x00,
        0x07, 0x00, 0x00, 0x00, 0x38, 0x00, 0x00, 0x0a, 0x32, 0x00, 0x10, 0x00,
        0x07, 0x00, 0x00, 0x00, 0x46, 0x00, 0x10, 0x00, 0x07, 0x00, 0x00, 0x00,
        0x02, 0x40, 0x00, 0x00, 0x55, 0x55, 0xd5, 0x3e, 0x55, 0x55, 0xd5, 0x3e,
        0x00, 0x00, 0x00, 0x00, 0x00, 0x00, 0x00, 0x00, 0x19, 0x00, 0x00, 0x05,
        0x32, 0x00, 0x10, 0x00, 0x07, 0x00, 0x00, 0x00, 0x46, 0x00, 0x10, 0x00,
        0x07, 0x00, 0x00, 0x00, 0x32, 0x00, 0x00, 0x0f, 0x32, 0x00, 0x10, 0x00,
        0x07, 0x00, 0x00, 0x00, 0x46, 0x00, 0x10, 0x00, 0x07, 0x00, 0x00, 0x00,
        0x02, 0x40, 0x00, 0x00, 0x3d, 0x0a, 0x87, 0x3f, 0x3d, 0x0a, 0x87, 0x3f,
        0x00, 0x00, 0x00, 0x00, 0x00, 0x00, 0x00, 0x00, 0x02, 0x40, 0x00, 0x00,
        0xae, 0x47, 0x61, 0xbd, 0xae, 0x47, 0x61, 0xbd, 0x00, 0x00, 0x00, 0x00,
        0x00, 0x00, 0x00, 0x00, 0x37, 0x20, 0x00, 0x09, 0x32, 0x00, 0x10, 0x00,
        0x03, 0x00, 0x00, 0x00, 0x46, 0x00, 0x10, 0x00, 0x08, 0x00, 0x00, 0x00,
        0x46, 0x00, 0x10, 0x00, 0x07, 0x00, 0x00, 0x00, 0xe6, 0x0a, 0x10, 0x00,
        0x07, 0x00, 0x00, 0x00, 0x15, 0x00, 0x00, 0x01, 0x6d, 0x00, 0x00, 0x8b,
        0xc2, 0x00, 0x00, 0x80, 0x43, 0x55, 0x15, 0x00, 0xf2, 0x00, 0x10, 0x00,
        0x07, 0x00, 0x00, 0x00, 0x46, 0x00, 0x10, 0x00, 0x04, 0x00, 0x00, 0x00,
        0x46, 0x7e, 0x10, 0x00, 0x00, 0x00, 0x00, 0x00, 0x0a, 0x60, 0x10, 0x00,
        0x00, 0x00, 0x00, 0x00, 0x1f, 0x00, 0x04, 0x04, 0x0a, 0x80, 0x20, 0x00,
        0x00, 0x00, 0x00, 0x00, 0x04, 0x00, 0x00, 0x00, 0x34, 0x00, 0x00, 0x0a,
        0xf2, 0x00, 0x10, 0x00, 0x08, 0x00, 0x00, 0x00, 0x46, 0x0e, 0x10, 0x00,
        0x07, 0x00, 0x00, 0x00, 0x02, 0x40, 0x00, 0x00, 0x00, 0x00, 0x00, 0x00,
        0x00, 0x00, 0x00, 0x00, 0x00, 0x00, 0x00, 0x00, 0x00, 0x00, 0x00, 0x00,
        0x38, 0x00, 0x00, 0x0a, 0xf2, 0x00, 0x10, 0x00, 0x09, 0x00, 0x00, 0x00,
        0x46, 0x0e, 0x10, 0x00, 0x08, 0x00, 0x00, 0x00, 0x02, 0x40, 0x00, 0x00,
        0x52, 0xb8, 0x4e, 0x41, 0x52, 0xb8, 0x4e, 0x41, 0x52, 0xb8, 0x4e, 0x41,
        0x52, 0xb8, 0x4e, 0x41, 0x31, 0x00, 0x00, 0x0a, 0xf2, 0x00, 0x10, 0x00,
        0x0a, 0x00, 0x00, 0x00, 0x02, 0x40, 0x00, 0x00, 0x1c, 0x2e, 0x4d, 0x3b,
        0x1c, 0x2e, 0x4d, 0x3b, 0x1c, 0x2e, 0x4d, 0x3b, 0x1c, 0x2e, 0x4d, 0x3b,
        0x46, 0x0e, 0x10, 0x00, 0x08, 0x00, 0x00, 0x00, 0x2f, 0x00, 0x00, 0x05,
        0xf2, 0x00, 0x10, 0x00, 0x08, 0x00, 0x00, 0x00, 0x46, 0x0e, 0x10, 0x00,
        0x08, 0x00, 0x00, 0x00, 0x38, 0x00, 0x00, 0x0a, 0xf2, 0x00, 0x10, 0x00,
        0x08, 0x00, 0x00, 0x00, 0x46, 0x0e, 0x10, 0x00, 0x08, 0x00, 0x00, 0x00,
        0x02, 0x40, 0x00, 0x00, 0x55, 0x55, 0xd5, 0x3e, 0x55, 0x55, 0xd5, 0x3e,
        0x55, 0x55, 0xd5, 0x3e, 0x55, 0x55, 0xd5, 0x3e, 0x19, 0x00, 0x00, 0x05,
        0xf2, 0x00, 0x10, 0x00, 0x08, 0x00, 0x00, 0x00, 0x46, 0x0e, 0x10, 0x00,
        0x08, 0x00, 0x00, 0x00, 0x32, 0x00, 0x00, 0x0f, 0xf2, 0x00, 0x10, 0x00,
        0x08, 0x00, 0x00, 0x00, 0x46, 0x0e, 0x10, 0x00, 0x08, 0x00, 0x00, 0x00,
        0x02, 0x40, 0x00, 0x00, 0x3d, 0x0a, 0x87, 0x3f, 0x3d, 0x0a, 0x87, 0x3f,
        0x3d, 0x0a, 0x87, 0x3f, 0x3d, 0x0a, 0x87, 0x3f, 0x02, 0x40, 0x00, 0x00,
        0xae, 0x47, 0x61, 0xbd, 0xae, 0x47, 0x61, 0xbd, 0xae, 0x47, 0x61, 0xbd,
        0xae, 0x47, 0x61, 0xbd, 0x37, 0x20, 0x00, 0x09, 0xf2, 0x00, 0x10, 0x00,
        0x07, 0x00, 0x00, 0x00, 0x46, 0x0e, 0x10, 0x00, 0x0a, 0x00, 0x00, 0x00,
        0x46, 0x0e, 0x10, 0x00, 0x08, 0x00, 0x00, 0x00, 0x46, 0x0e, 0x10, 0x00,
        0x09, 0x00, 0x00, 0x00, 0x15, 0x00, 0x00, 0x01, 0x6d, 0x00, 0x00, 0x8b,
        0xc2, 0x00, 0x00, 0x80, 0x43, 0x55, 0x15, 0x00, 0xf2, 0x00, 0x10, 0x00,
        0x08, 0x00, 0x00, 0x00, 0x46, 0x00, 0x10, 0x00, 0x04, 0x00, 0x00, 0x00,
        0x46, 0x7e, 0x10, 0x00, 0x00, 0x00, 0x00, 0x00, 0x1a, 0x60, 0x10, 0x00,
        0x00, 0x00, 0x00, 0x00, 0x1f, 0x00, 0x04, 0x04, 0x0a, 0x80, 0x20, 0x00,
        0x00, 0x00, 0x00, 0x00, 0x04, 0x00, 0x00, 0x00, 0x34, 0x00, 0x00, 0x0a,
        0xf2, 0x00, 0x10, 0x00, 0x09, 0x00, 0x00, 0x00, 0x46, 0x0e, 0x10, 0x00,
        0x08, 0x00, 0x00, 0x00, 0x02, 0x40, 0x00, 0x00, 0x00, 0x00, 0x00, 0x00,
        0x00, 0x00, 0x00, 0x00, 0x00, 0x00, 0x00, 0x00, 0x00, 0x00, 0x00, 0x00,
        0x38, 0x00, 0x00, 0x0a, 0xf2, 0x00, 0x10, 0x00, 0x0a, 0x00, 0x00, 0x00,
        0x46, 0x0e, 0x10, 0x00, 0x09, 0x00, 0x00, 0x00, 0x02, 0x40, 0x00, 0x00,
        0x52, 0xb8, 0x4e, 0x41, 0x52, 0xb8, 0x4e, 0x41, 0x52, 0xb8, 0x4e, 0x41,
        0x52, 0xb8, 0x4e, 0x41, 0x31, 0x00, 0x00, 0x0a, 0xf2, 0x00, 0x10, 0x00,
        0x0b, 0x00, 0x00, 0x00, 0x02, 0x40, 0x00, 0x00, 0x1c, 0x2e, 0x4d, 0x3b,
        0x1c, 0x2e, 0x4d, 0x3b, 0x1c, 0x2e, 0x4d, 0x3b, 0x1c, 0x2e, 0x4d, 0x3b,
        0x46, 0x0e, 0x10, 0x00, 0x09, 0x00, 0x00, 0x00, 0x2f, 0x00, 0x00, 0x05,
        0xf2, 0x00, 0x10, 0x00, 0x09, 0x00, 0x00, 0x00, 0x46, 0x0e, 0x10, 0x00,
        0x09, 0x00, 0x00, 0x00, 0x38, 0x00, 0x00, 0x0a, 0xf2, 0x00, 0x10, 0x00,
        0x09, 0x00, 0x00, 0x00, 0x46, 0x0e, 0x10, 0x00, 0x09, 0x00, 0x00, 0x00,
        0x02, 0x40, 0x00, 0x00, 0x55, 0x55, 0xd5, 0x3e, 0x55, 0x55, 0xd5, 0x3e,
        0x55, 0x55, 0xd5, 0x3e, 0x55, 0x55, 0xd5, 0x3e, 0x19, 0x00, 0x00, 0x05,
        0xf2, 0x00, 0x10, 0x00, 0x09, 0x00, 0x00, 0x00, 0x46, 0x0e, 0x10, 0x00,
        0x09, 0x00, 0x00, 0x00, 0x32, 0x00, 0x00, 0x0f, 0xf2, 0x00, 0x10, 0x00,
        0x09, 0x00, 0x00, 0x00, 0x46, 0x0e, 0x10, 0x00, 0x09, 0x00, 0x00, 0x00,
        0x02, 0x40, 0x00, 0x00, 0x3d, 0x0a, 0x87, 0x3f, 0x3d, 0x0a, 0x87, 0x3f,
        0x3d, 0x0a, 0x87, 0x3f, 0x3d, 0x0a, 0x87, 0x3f, 0x02, 0x40, 0x00, 0x00,
        0xae, 0x47, 0x61, 0xbd, 0xae, 0x47, 0x61, 0xbd, 0xae, 0x47, 0x61, 0xbd,
        0xae, 0x47, 0x61, 0xbd, 0x37, 0x20, 0x00, 0x09, 0xf2, 0x00, 0x10, 0x00,
        0x08, 0x00, 0x00, 0x00, 0x46, 0x0e, 0x10, 0x00, 0x0b, 0x00, 0x00, 0x00,
        0x46, 0x0e, 0x10, 0x00, 0x09, 0x00, 0x00, 0x00, 0x46, 0x0e, 0x10, 0x00,
        0x0a, 0x00, 0x00, 0x00, 0x15, 0x00, 0x00, 0x01, 0x6d, 0x00, 0x00, 0x8b,
        0xc2, 0x00, 0x00, 0x80, 0x43, 0x55, 0x15, 0x00, 0xf2, 0x00, 0x10, 0x00,
        0x09, 0x00, 0x00, 0x00, 0x46, 0x00, 0x10, 0x00, 0x04, 0x00, 0x00, 0x00,
        0x96, 0x7c, 0x10, 0x00, 0x00, 0x00, 0x00, 0x00, 0x2a, 0x60, 0x10, 0x00,
        0x00, 0x00, 0x00, 0x00, 0x1f, 0x00, 0x04, 0x04, 0x0a, 0x80, 0x20, 0x00,
        0x00, 0x00, 0x00, 0x00, 0x04, 0x00, 0x00, 0x00, 0x34, 0x00, 0x00, 0x0a,
        0xf2, 0x00, 0x10, 0x00, 0x0a, 0x00, 0x00, 0x00, 0x26, 0x0d, 0x10, 0x00,
        0x09, 0x00, 0x00, 0x00, 0x02, 0x40, 0x00, 0x00, 0x00, 0x00, 0x00, 0x00,
        0x00, 0x00, 0x00, 0x00, 0x00, 0x00, 0x00, 0x00, 0x00, 0x00, 0x00, 0x00,
        0x38, 0x00, 0x00, 0x0a, 0xf2, 0x00, 0x10, 0x00, 0x0b, 0x00, 0x00, 0x00,
        0x46, 0x0e, 0x10, 0x00, 0x0a, 0x00, 0x00, 0x00, 0x02, 0x40, 0x00, 0x00,
        0x52, 0xb8, 0x4e, 0x41, 0x52, 0xb8, 0x4e, 0x41, 0x52, 0xb8, 0x4e, 0x41,
        0x52, 0xb8, 0x4e, 0x41, 0x31, 0x00, 0x00, 0x0a, 0xf2, 0x00, 0x10, 0x00,
        0x0c, 0x00, 0x00, 0x00, 0x02, 0x40, 0x00, 0x00, 0x1c, 0x2e, 0x4d, 0x3b,
        0x1c, 0x2e, 0x4d, 0x3b, 0x1c, 0x2e, 0x4d, 0x3b, 0x1c, 0x2e, 0x4d, 0x3b,
        0x46, 0x0e, 0x10, 0x00, 0x0a, 0x00, 0x00, 0x00, 0x2f, 0x00, 0x00, 0x05,
        0xf2, 0x00, 0x10, 0x00, 0x0a, 0x00, 0x00, 0x00, 0x46, 0x0e, 0x10, 0x00,
        0x0a, 0x00, 0x00, 0x00, 0x38, 0x00, 0x00, 0x0a, 0xf2, 0x00, 0x10, 0x00,
        0x0a, 0x00, 0x00, 0x00, 0x46, 0x0e, 0x10, 0x00, 0x0a, 0x00, 0x00, 0x00,
        0x02, 0x40, 0x00, 0x00, 0x55, 0x55, 0xd5, 0x3e, 0x55, 0x55, 0xd5, 0x3e,
        0x55, 0x55, 0xd5, 0x3e, 0x55, 0x55, 0xd5, 0x3e, 0x19, 0x00, 0x00, 0x05,
        0xf2, 0x00, 0x10, 0x00, 0x0a, 0x00, 0x00, 0x00, 0x46, 0x0e, 0x10, 0x00,
        0x0a, 0x00, 0x00, 0x00, 0x32, 0x00, 0x00, 0x0f, 0xf2, 0x00, 0x10, 0x00,
        0x0a, 0x00, 0x00, 0x00, 0x46, 0x0e, 0x10, 0x00, 0x0a, 0x00, 0x00, 0x00,
        0x02, 0x40, 0x00, 0x00, 0x3d, 0x0a, 0x87, 0x3f, 0x3d, 0x0a, 0x87, 0x3f,
        0x3d, 0x0a, 0x87, 0x3f, 0x3d, 0x0a, 0x87, 0x3f, 0x02, 0x40, 0x00, 0x00,
        0xae, 0x47, 0x61, 0xbd, 0xae, 0x47, 0x61, 0xbd, 0xae, 0x47, 0x61, 0xbd,
        0xae, 0x47, 0x61, 0xbd, 0x37, 0x20, 0x00, 0x09, 0xf2, 0x00, 0x10, 0x00,
        0x09, 0x00, 0x00, 0x00, 0x96, 0x0c, 0x10, 0x00, 0x0c, 0x00, 0x00, 0x00,
        0x96, 0x0c, 0x10, 0x00, 0x0a, 0x00, 0x00, 0x00, 0x96, 0x0c, 0x10, 0x00,
        0x0b, 0x00, 0x00, 0x00, 0x15, 0x00, 0x00, 0x01, 0x6d, 0x00, 0x00, 0x8b,
        0xc2, 0x00, 0x00, 0x80, 0x43, 0x55, 0x15, 0x00, 0xf2, 0x00, 0x10, 0x00,
        0x0a, 0x00, 0x00, 0x00, 0xe6, 0x0a, 0x10, 0x00, 0x04, 0x00, 0x00, 0x00,
        0x46, 0x7e, 0x10, 0x00, 0x00, 0x00, 0x00, 0x00, 0x0a, 0x60, 0x10, 0x00,
        0x00, 0x00, 0x00, 0x00, 0x1f, 0x00, 0x04, 0x04, 0x0a, 0x80, 0x20, 0x00,
        0x00, 0x00, 0x00, 0x00, 0x04, 0x00, 0x00, 0x00, 0x34, 0x00, 0x00, 0x0a,
        0xf2, 0x00, 0x10, 0x00, 0x0b, 0x00, 0x00, 0x00, 0x46, 0x0e, 0x10, 0x00,
        0x0a, 0x00, 0x00, 0x00, 0x02, 0x40, 0x00, 0x00, 0x00, 0x00, 0x00, 0x00,
        0x00, 0x00, 0x00, 0x00, 0x00, 0x00, 0x00, 0x00, 0x00, 0x00, 0x00, 0x00,
        0x38, 0x00, 0x00, 0x0a, 0xf2, 0x00, 0x10, 0x00, 0x0c, 0x00, 0x00, 0x00,
        0x46, 0x0e, 0x10, 0x00, 0x0b, 0x00, 0x00, 0x00, 0x02, 0x40, 0x00, 0x00,
        0x52, 0xb8, 0x4e, 0x41, 0x52, 0xb8, 0x4e, 0x41, 0x52, 0xb8, 0x4e, 0x41,
        0x52, 0xb8, 0x4e, 0x41, 0x31, 0x00, 0x00, 0x0a, 0xf2, 0x00, 0x10, 0x00,
        0x0d, 0x00, 0x00, 0x00, 0x02, 0x40, 0x00, 0x00, 0x1c, 0x2e, 0x4d, 0x3b,
        0x1c, 0x2e, 0x4d, 0x3b, 0x1c, 0x2e, 0x4d, 0x3b, 0x1c, 0x2e, 0x4d, 0x3b,
        0x46, 0x0e, 0x10, 0x00, 0x0b, 0x00, 0x00, 0x00, 0x2f, 0x00, 0x00, 0x05,
        0xf2, 0x00, 0x10, 0x00, 0x0b, 0x00, 0x00, 0x00, 0x46, 0x0e, 0x10, 0x00,
        0x0b, 0x00, 0x00, 0x00, 0x38, 0x00, 0x00, 0x0a, 0xf2, 0x00, 0x10, 0x00,
        0x0b, 0x00, 0x00, 0x00, 0x46, 0x0e, 0x10, 0x00, 0x0b, 0x00, 0x00, 0x00,
        0x02, 0x40, 0x00, 0x00, 0x55, 0x55, 0xd5, 0x3e, 0x55, 0x55, 0xd5, 0x3e,
        0x55, 0x55, 0xd5, 0x3e, 0x55, 0x55, 0xd5, 0x3e, 0x19, 0x00, 0x00, 0x05,
        0xf2, 0x00, 0x10, 0x00, 0x0b, 0x00, 0x00, 0x00, 0x46, 0x0e, 0x10, 0x00,
        0x0b, 0x00, 0x00, 0x00, 0x32, 0x00, 0x00, 0x0f, 0xf2, 0x00, 0x10, 0x00,
        0x0b, 0x00, 0x00, 0x00, 0x46, 0x0e, 0x10, 0x00, 0x0b, 0x00, 0x00, 0x00,
        0x02, 0x40, 0x00, 0x00, 0x3d, 0x0a, 0x87, 0x3f, 0x3d, 0x0a, 0x87, 0x3f,
        0x3d, 0x0a, 0x87, 0x3f, 0x3d, 0x0a, 0x87, 0x3f, 0x02, 0x40, 0x00, 0x00,
        0xae, 0x47, 0x61, 0xbd, 0xae, 0x47, 0x61, 0xbd, 0xae, 0x47, 0x61, 0xbd,
        0xae, 0x47, 0x61, 0xbd, 0x37, 0x20, 0x00, 0x09, 0xf2, 0x00, 0x10, 0x00,
        0x0a, 0x00, 0x00, 0x00, 0x46, 0x0e, 0x10, 0x00, 0x0d, 0x00, 0x00, 0x00,
        0x46, 0x0e, 0x10, 0x00, 0x0b, 0x00, 0x00, 0x00, 0x46, 0x0e, 0x10, 0x00,
        0x0c, 0x00, 0x00, 0x00, 0x15, 0x00, 0x00, 0x01, 0x6d, 0x00, 0x00, 0x8b,
        0xc2, 0x00, 0x00, 0x80, 0x43, 0x55, 0x15, 0x00, 0xf2, 0x00, 0x10, 0x00,
        0x0b, 0x00, 0x00, 0x00, 0xe6, 0x0a, 0x10, 0x00, 0x04, 0x00, 0x00, 0x00,
        0x46, 0x7e, 0x10, 0x00, 0x00, 0x00, 0x00, 0x00, 0x1a, 0x60, 0x10, 0x00,
        0x00, 0x00, 0x00, 0x00, 0x1f, 0x00, 0x04, 0x04, 0x0a, 0x80, 0x20, 0x00,
        0x00, 0x00, 0x00, 0x00, 0x04, 0x00, 0x00, 0x00, 0x34, 0x00, 0x00, 0x0a,
        0xf2, 0x00, 0x10, 0x00, 0x0c, 0x00, 0x00, 0x00, 0x46, 0x0e, 0x10, 0x00,
        0x0b, 0x00, 0x00, 0x00, 0x02, 0x40, 0x00, 0x00, 0x00, 0x00, 0x00, 0x00,
        0x00, 0x00, 0x00, 0x00, 0x00, 0x00, 0x00, 0x00, 0x00, 0x00, 0x00, 0x00,
        0x38, 0x00, 0x00, 0x0a, 0xf2, 0x00, 0x10, 0x00, 0x0d, 0x00, 0x00, 0x00,
        0x46, 0x0e, 0x10, 0x00, 0x0c, 0x00, 0x00, 0x00, 0x02, 0x40, 0x00, 0x00,
        0x52, 0xb8, 0x4e, 0x41, 0x52, 0xb8, 0x4e, 0x41, 0x52, 0xb8, 0x4e, 0x41,
        0x52, 0xb8, 0x4e, 0x41, 0x31, 0x00, 0x00, 0x0a, 0xf2, 0x00, 0x10, 0x00,
        0x0e, 0x00, 0x00, 0x00, 0x02, 0x40, 0x00, 0x00, 0x1c, 0x2e, 0x4d, 0x3b,
        0x1c, 0x2e, 0x4d, 0x3b, 0x1c, 0x2e, 0x4d, 0x3b, 0x1c, 0x2e, 0x4d, 0x3b,
        0x46, 0x0e, 0x10, 0x00, 0x0c, 0x00, 0x00, 0x00, 0x2f, 0x00, 0x00, 0x05,
        0xf2, 0x00, 0x10, 0x00, 0x0c, 0x00, 0x00, 0x00, 0x46, 0x0e, 0x10, 0x00,
        0x0c, 0x00, 0x00, 0x00, 0x38, 0x00, 0x00, 0x0a, 0xf2, 0x00, 0x10, 0x00,
        0x0c, 0x00, 0x00, 0x00, 0x46, 0x0e, 0x10, 0x00, 0x0c, 0x00, 0x00, 0x00,
        0x02, 0x40, 0x00, 0x00, 0x55, 0x55, 0xd5, 0x3e, 0x55, 0x55, 0xd5, 0x3e,
        0x55, 0x55, 0xd5, 0x3e, 0x55, 0x55, 0xd5, 0x3e, 0x19, 0x00, 0x00, 0x05,
        0xf2, 0x00, 0x10, 0x00, 0x0c, 0x00, 0x00, 0x00, 0x46, 0x0e, 0x10, 0x00,
        0x0c, 0x00, 0x00, 0x00, 0x32, 0x00, 0x00, 0x0f, 0xf2, 0x00, 0x10, 0x00,
        0x0c, 0x00, 0x00, 0x00, 0x46, 0x0e, 0x10, 0x00, 0x0c, 0x00, 0x00, 0x00,
        0x02, 0x40, 0x00, 0x00, 0x3d, 0x0a, 0x87, 0x3f, 0x3d, 0x0a, 0x87, 0x3f,
        0x3d, 0x0a, 0x87, 0x3f, 0x3d, 0x0a, 0x87, 0x3f, 0x02, 0x40, 0x00, 0x00,
        0xae, 0x47, 0x61, 0xbd, 0xae, 0x47, 0x61, 0xbd, 0xae, 0x47, 0x61, 0xbd,
        0xae, 0x47, 0x61, 0xbd, 0x37, 0x20, 0x00, 0x09, 0xf2, 0x00, 0x10, 0x00,
        0x0b, 0x00, 0x00, 0x00, 0x46, 0x0e, 0x10, 0x00, 0x0e, 0x00, 0x00, 0x00,
        0x46, 0x0e, 0x10, 0x00, 0x0c, 0x00, 0x00, 0x00, 0x46, 0x0e, 0x10, 0x00,
        0x0d, 0x00, 0x00, 0x00, 0x15, 0x00, 0x00, 0x01, 0x6d, 0x00, 0x00, 0x8b,
        0xc2, 0x00, 0x00, 0x80, 0x43, 0x55, 0x15, 0x00, 0xf2, 0x00, 0x10, 0x00,
        0x04, 0x00, 0x00, 0x00, 0xe6, 0x0a, 0x10, 0x00, 0x04, 0x00, 0x00, 0x00,
        0x46, 0x7e, 0x10, 0x00, 0x00, 0x00, 0x00, 0x00, 0x2a, 0x60, 0x10, 0x00,
        0x00, 0x00, 0x00, 0x00, 0x1f, 0x00, 0x04, 0x04, 0x0a, 0x80, 0x20, 0x00,
        0x00, 0x00, 0x00, 0x00, 0x04, 0x00, 0x00, 0x00, 0x34, 0x00, 0x00, 0x0a,
        0xf2, 0x00, 0x10, 0x00, 0x0c, 0x00, 0x00, 0x00, 0x46, 0x0e, 0x10, 0x00,
        0x04, 0x00, 0x00, 0x00, 0x02, 0x40, 0x00, 0x00, 0x00, 0x00, 0x00, 0x00,
        0x00, 0x00, 0x00, 0x00, 0x00, 0x00, 0x00, 0x00, 0x00, 0x00, 0x00, 0x00,
        0x38, 0x00, 0x00, 0x0a, 0xf2, 0x00, 0x10, 0x00, 0x0d, 0x00, 0x00, 0x00,
        0x46, 0x0e, 0x10, 0x00, 0x0c, 0x00, 0x00, 0x00, 0x02, 0x40, 0x00, 0x00,
        0x52, 0xb8, 0x4e, 0x41, 0x52, 0xb8, 0x4e, 0x41, 0x52, 0xb8, 0x4e, 0x41,
        0x52, 0xb8, 0x4e, 0x41, 0x31, 0x00, 0x00, 0x0a, 0xf2, 0x00, 0x10, 0x00,
        0x0e, 0x00, 0x00, 0x00, 0x02, 0x40, 0x00, 0x00, 0x1c, 0x2e, 0x4d, 0x3b,
        0x1c, 0x2e, 0x4d, 0x3b, 0x1c, 0x2e, 0x4d, 0x3b, 0x1c, 0x2e, 0x4d, 0x3b,
        0x46, 0x0e, 0x10, 0x00, 0x0c, 0x00, 0x00, 0x00, 0x2f, 0x00, 0x00, 0x05,
        0xf2, 0x00, 0x10, 0x00, 0x0c, 0x00, 0x00, 0x00, 0x46, 0x0e, 0x10, 0x00,
        0x0c, 0x00, 0x00, 0x00, 0x38, 0x00, 0x00, 0x0a, 0xf2, 0x00, 0x10, 0x00,
        0x0c, 0x00, 0x00, 0x00, 0x46, 0x0e, 0x10, 0x00, 0x0c, 0x00, 0x00, 0x00,
        0x02, 0x40, 0x00, 0x00, 0x55, 0x55, 0xd5, 0x3e, 0x55, 0x55, 0xd5, 0x3e,
        0x55, 0x55, 0xd5, 0x3e, 0x55, 0x55, 0xd5, 0x3e, 0x19, 0x00, 0x00, 0x05,
        0xf2, 0x00, 0x10, 0x00, 0x0c, 0x00, 0x00, 0x00, 0x46, 0x0e, 0x10, 0x00,
        0x0c, 0x00, 0x00, 0x00, 0x32, 0x00, 0x00, 0x0f, 0xf2, 0x00, 0x10, 0x00,
        0x0c, 0x00, 0x00, 0x00, 0x46, 0x0e, 0x10, 0x00, 0x0c, 0x00, 0x00, 0x00,
        0x02, 0x40, 0x00, 0x00, 0x3d, 0x0a, 0x87, 0x3f, 0x3d, 0x0a, 0x87, 0x3f,
        0x3d, 0x0a, 0x87, 0x3f, 0x3d, 0x0a, 0x87, 0x3f, 0x02, 0x40, 0x00, 0x00,
        0xae, 0x47, 0x61, 0xbd, 0xae, 0x47, 0x61, 0xbd, 0xae, 0x47, 0x61, 0xbd,
        0xae, 0x47, 0x61, 0xbd, 0x37, 0x20, 0x00, 0x09, 0xf2, 0x00, 0x10, 0x00,
        0x04, 0x00, 0x00, 0x00, 0x46, 0x0e, 0x10, 0x00, 0x0e, 0x00, 0x00, 0x00,
        0x46, 0x0e, 0x10, 0x00, 0x0c, 0x00, 0x00, 0x00, 0x46, 0x0e, 0x10, 0x00,
        0x0d, 0x00, 0x00, 0x00, 0x15, 0x00, 0x00, 0x01, 0x6d, 0x00, 0x00, 0x8b,
        0xc2, 0x00, 0x00, 0x80, 0x43, 0x55, 0x15, 0x00, 0x32, 0x00, 0x10, 0x00,
        0x0c, 0x00, 0x00, 0x00, 0xe6, 0x0a, 0x10, 0x00, 0x03, 0x00, 0x00, 0x00,
        0xe6, 0x74, 0x10, 0x00, 0x00, 0x00, 0x00, 0x00, 0x0a, 0x60, 0x10, 0x00,
        0x00, 0x00, 0x00, 0x00, 0x1f, 0x00, 0x04, 0x04, 0x0a, 0x80, 0x20, 0x00,
        0x00, 0x00, 0x00, 0x00, 0x04, 0x00, 0x00, 0x00, 0x34, 0x00, 0x00, 0x0a,
        0x32, 0x00, 0x10, 0x00, 0x0d, 0x00, 0x00, 0x00, 0x46, 0x00, 0x10, 0x00,
        0x0c, 0x00, 0x00, 0x00, 0x02, 0x40, 0x00, 0x00, 0x00, 0x00, 0x00, 0x00,
        0x00, 0x00, 0x00, 0x00, 0x00, 0x00, 0x00, 0x00, 0x00, 0x00, 0x00, 0x00,
        0x38, 0x00, 0x00, 0x0a, 0xc2, 0x00, 0x10, 0x00, 0x0d, 0x00, 0x00, 0x00,
        0x06, 0x04, 0x10, 0x00, 0x0d, 0x00, 0x00, 0x00, 0x02, 0x40, 0x00, 0x00,
        0x00, 0x00, 0x00, 0x00, 0x00, 0x00, 0x00, 0x00, 0x52, 0xb8, 0x4e, 0x41,
        0x52, 0xb8, 0x4e, 0x41, 0x31, 0x00, 0x00, 0x0a, 0x32, 0x00, 0x10, 0x00,
        0x0e, 0x00, 0x00, 0x00, 0x02, 0x40, 0x00, 0x00, 0x1c, 0x2e, 0x4d, 0x3b,
        0x1c, 0x2e, 0x4d, 0x3b, 0x00, 0x00, 0x00, 0x00, 0x00, 0x00, 0x00, 0x00,
        0x46, 0x00, 0x10, 0x00, 0x0d, 0x00, 0x00, 0x00, 0x2f, 0x00, 0x00, 0x05,
        0x32, 0x00, 0x10, 0x00, 0x0d, 0x00, 0x00, 0x00, 0x46, 0x00, 0x10, 0x00,
        0x0d, 0x00, 0x00, 0x00, 0x38, 0x00, 0x00, 0x0a, 0x32, 0x00, 0x10, 0x00,
        0x0d, 0x00, 0x00, 0x00, 0x46, 0x00, 0x10, 0x00, 0x0d, 0x00, 0x00, 0x00,
        0x02, 0x40, 0x00, 0x00, 0x55, 0x55, 0xd5, 0x3e, 0x55, 0x55, 0xd5, 0x3e,
        0x00, 0x00, 0x00, 0x00, 0x00, 0x00, 0x00, 0x00, 0x19, 0x00, 0x00, 0x05,
        0x32, 0x00, 0x10, 0x00, 0x0d, 0x00, 0x00, 0x00, 0x46, 0x00, 0x10, 0x00,
        0x0d, 0x00, 0x00, 0x00, 0x32, 0x00, 0x00, 0x0f, 0x32, 0x00, 0x10, 0x00,
        0x0d, 0x00, 0x00, 0x00, 0x46, 0x00, 0x10, 0x00, 0x0d, 0x00, 0x00, 0x00,
        0x02, 0x40, 0x00, 0x00, 0x3d, 0x0a, 0x87, 0x3f, 0x3d, 0x0a, 0x87, 0x3f,
        0x00, 0x00, 0x00, 0x00, 0x00, 0x00, 0x00, 0x00, 0x02, 0x40, 0x00, 0x00,
        0xae, 0x47, 0x61, 0xbd, 0xae, 0x47, 0x61, 0xbd, 0x00, 0x00, 0x00, 0x00,
        0x00, 0x00, 0x00, 0x00, 0x37, 0x20, 0x00, 0x09, 0x32, 0x00, 0x10, 0x00,
        0x0c, 0x00, 0x00, 0x00, 0x46, 0x00, 0x10, 0x00, 0x0e, 0x00, 0x00, 0x00,
        0x46, 0x00, 0x10, 0x00, 0x0d, 0x00, 0x00, 0x00, 0xe6, 0x0a, 0x10, 0x00,
        0x0d, 0x00, 0x00, 0x00, 0x15, 0x00, 0x00, 0x01, 0x6d, 0x00, 0x00, 0x8b,
        0xc2, 0x00, 0x00, 0x80, 0x43, 0x55, 0x15, 0x00, 0x32, 0x00, 0x10, 0x00,
        0x0d, 0x00, 0x00, 0x00, 0xe6, 0x0a, 0x10, 0x00, 0x03, 0x00, 0x00, 0x00,
        0xe6, 0x74, 0x10, 0x00, 0x00, 0x00, 0x00, 0x00, 0x1a, 0x60, 0x10, 0x00,
        0x00, 0x00, 0x00, 0x00, 0x1f, 0x00, 0x04, 0x04, 0x0a, 0x80, 0x20, 0x00,
        0x00, 0x00, 0x00, 0x00, 0x04, 0x00, 0x00, 0x00, 0x34, 0x00, 0x00, 0x0a,
        0x32, 0x00, 0x10, 0x00, 0x0e, 0x00, 0x00, 0x00, 0x46, 0x00, 0x10, 0x00,
        0x0d, 0x00, 0x00, 0x00, 0x02, 0x40, 0x00, 0x00, 0x00, 0x00, 0x00, 0x00,
        0x00, 0x00, 0x00, 0x00, 0x00, 0x00, 0x00, 0x00, 0x00, 0x00, 0x00, 0x00,
        0x38, 0x00, 0x00, 0x0a, 0xc2, 0x00, 0x10, 0x00, 0x0e, 0x00, 0x00, 0x00,
        0x06, 0x04, 0x10, 0x00, 0x0e, 0x00, 0x00, 0x00, 0x02, 0x40, 0x00, 0x00,
        0x00, 0x00, 0x00, 0x00, 0x00, 0x00, 0x00, 0x00, 0x52, 0xb8, 0x4e, 0x41,
        0x52, 0xb8, 0x4e, 0x41, 0x31, 0x00, 0x00, 0x0a, 0x32, 0x00, 0x10, 0x00,
        0x0f, 0x00, 0x00, 0x00, 0x02, 0x40, 0x00, 0x00, 0x1c, 0x2e, 0x4d, 0x3b,
        0x1c, 0x2e, 0x4d, 0x3b, 0x00, 0x00, 0x00, 0x00, 0x00, 0x00, 0x00, 0x00,
        0x46, 0x00, 0x10, 0x00, 0x0e, 0x00, 0x00, 0x00, 0x2f, 0x00, 0x00, 0x05,
        0x32, 0x00, 0x10, 0x00, 0x0e, 0x00, 0x00, 0x00, 0x46, 0x00, 0x10, 0x00,
        0x0e, 0x00, 0x00, 0x00, 0x38, 0x00, 0x00, 0x0a, 0x32, 0x00, 0x10, 0x00,
        0x0e, 0x00, 0x00, 0x00, 0x46, 0x00, 0x10, 0x00, 0x0e, 0x00, 0x00, 0x00,
        0x02, 0x40, 0x00, 0x00, 0x55, 0x55, 0xd5, 0x3e, 0x55, 0x55, 0xd5, 0x3e,
        0x00, 0x00, 0x00, 0x00, 0x00, 0x00, 0x00, 0x00, 0x19, 0x00, 0x00, 0x05,
        0x32, 0x00, 0x10, 0x00, 0x0e, 0x00, 0x00, 0x00, 0x46, 0x00, 0x10, 0x00,
        0x0e, 0x00, 0x00, 0x00, 0x32, 0x00, 0x00, 0x0f, 0x32, 0x00, 0x10, 0x00,
        0x0e, 0x00, 0x00, 0x00, 0x46, 0x00, 0x10, 0x00, 0x0e, 0x00, 0x00, 0x00,
        0x02, 0x40, 0x00, 0x00, 0x3d, 0x0a, 0x87, 0x3f, 0x3d, 0x0a, 0x87, 0x3f,
        0x00, 0x00, 0x00, 0x00, 0x00, 0x00, 0x00, 0x00, 0x02, 0x40, 0x00, 0x00,
        0xae, 0x47, 0x61, 0xbd, 0xae, 0x47, 0x61, 0xbd, 0x00, 0x00, 0x00, 0x00,
        0x00, 0x00, 0x00, 0x00, 0x37, 0x20, 0x00, 0x09, 0x32, 0x00, 0x10, 0x00,
        0x0d, 0x00, 0x00, 0x00, 0x46, 0x00, 0x10, 0x00, 0x0f, 0x00, 0x00, 0x00,
        0x46, 0x00, 0x10, 0x00, 0x0e, 0x00, 0x00, 0x00, 0xe6, 0x0a, 0x10, 0x00,
        0x0e, 0x00, 0x00, 0x00, 0x15, 0x00, 0x00, 0x01, 0x6d, 0x00, 0x00, 0x8b,
        0xc2, 0x00, 0x00, 0x80, 0x43, 0x55, 0x15, 0x00, 0xc2, 0x00, 0x10, 0x00,
        0x03, 0x00, 0x00, 0x00, 0xe6, 0x0a, 0x10, 0x00, 0x03, 0x00, 0x00, 0x00,
        0x46, 0x7e, 0x10, 0x00, 0x00, 0x00, 0x00, 0x00, 0x2a, 0x60, 0x10, 0x00,
        0x00, 0x00, 0x00, 0x00, 0x1f, 0x00, 0x04, 0x04, 0x0a, 0x80, 0x20, 0x00,
        0x00, 0x00, 0x00, 0x00, 0x04, 0x00, 0x00, 0x00, 0x34, 0x00, 0x00, 0x0a,
        0x32, 0x00, 0x10, 0x00, 0x0e, 0x00, 0x00, 0x00, 0xe6, 0x0a, 0x10, 0x00,
        0x03, 0x00, 0x00, 0x00, 0x02, 0x40, 0x00, 0x00, 0x00, 0x00, 0x00, 0x00,
        0x00, 0x00, 0x00, 0x00, 0x00, 0x00, 0x00, 0x00, 0x00, 0x00, 0x00, 0x00,
        0x38, 0x00, 0x00, 0x0a, 0xc2, 0x00, 0x10, 0x00, 0x0e, 0x00, 0x00, 0x00,
        0x06, 0x04, 0x10, 0x00, 0x0e, 0x00, 0x00, 0x00, 0x02, 0x40, 0x00, 0x00,
        0x00, 0x00, 0x00, 0x00, 0x00, 0x00, 0x00, 0x00, 0x52, 0xb8, 0x4e, 0x41,
        0x52, 0xb8, 0x4e, 0x41, 0x31, 0x00, 0x00, 0x0a, 0x32, 0x00, 0x10, 0x00,
        0x0f, 0x00, 0x00, 0x00, 0x02, 0x40, 0x00, 0x00, 0x1c, 0x2e, 0x4d, 0x3b,
        0x1c, 0x2e, 0x4d, 0x3b, 0x00, 0x00, 0x00, 0x00, 0x00, 0x00, 0x00, 0x00,
        0x46, 0x00, 0x10, 0x00, 0x0e, 0x00, 0x00, 0x00, 0x2f, 0x00, 0x00, 0x05,
        0x32, 0x00, 0x10, 0x00, 0x0e, 0x00, 0x00, 0x00, 0x46, 0x00, 0x10, 0x00,
        0x0e, 0x00, 0x00, 0x00, 0x38, 0x00, 0x00, 0x0a, 0x32, 0x00, 0x10, 0x00,
        0x0e, 0x00, 0x00, 0x00, 0x46, 0x00, 0x10, 0x00, 0x0e, 0x00, 0x00, 0x00,
        0x02, 0x40, 0x00, 0x00, 0x55, 0x55, 0xd5, 0x3e, 0x55, 0x55, 0xd5, 0x3e,
        0x00, 0x00, 0x00, 0x00, 0x00, 0x00, 0x00, 0x00, 0x19, 0x00, 0x00, 0x05,
        0x32, 0x00, 0x10, 0x00, 0x0e, 0x00, 0x00, 0x00, 0x46, 0x00, 0x10, 0x00,
        0x0e, 0x00, 0x00, 0x00, 0x32, 0x00, 0x00, 0x0f, 0x32, 0x00, 0x10, 0x00,
        0x0e, 0x00, 0x00, 0x00, 0x46, 0x00, 0x10, 0x00, 0x0e, 0x00, 0x00, 0x00,
        0x02, 0x40, 0x00, 0x00, 0x3d, 0x0a, 0x87, 0x3f, 0x3d, 0x0a, 0x87, 0x3f,
        0x00, 0x00, 0x00, 0x00, 0x00, 0x00, 0x00, 0x00, 0x02, 0x40, 0x00, 0x00,
        0xae, 0x47, 0x61, 0xbd, 0xae, 0x47, 0x61, 0xbd, 0x00, 0x00, 0x00, 0x00,
        0x00, 0x00, 0x00, 0x00, 0x37, 0x20, 0x00, 0x09, 0xc2, 0x00, 0x10, 0x00,
        0x03, 0x00, 0x00, 0x00, 0x06, 0x04, 0x10, 0x00, 0x0f, 0x00, 0x00, 0x00,
        0x06, 0x04, 0x10, 0x00, 0x0e, 0x00, 0x00, 0x00, 0xa6, 0x0e, 0x10, 0x00,
        0x0e, 0x00, 0x00, 0x00, 0x15, 0x00, 0x00, 0x01, 0x32, 0x00, 0x00, 0x0c,
        0x32, 0x00, 0x10, 0x00, 0x0e, 0x00, 0x00, 0x00, 0x46, 0x00, 0x10, 0x00,
        0x05, 0x00, 0x00, 0x00, 0x02, 0x40, 0x00, 0x00, 0x00, 0x00, 0x00, 0x3f,
        0x00, 0x00, 0x00, 0x3f, 0x00, 0x00, 0x00, 0x00, 0x00, 0x00, 0x00, 0x00,
        0x46, 0x00, 0x10, 0x00, 0x06, 0x00, 0x00, 0x00, 0x32, 0x00, 0x00, 0x0c,
        0x32, 0x00, 0x10, 0x00, 0x0e, 0x00, 0x00, 0x00, 0x46, 0x00, 0x10, 0x00,
        0x03, 0x00, 0x00, 0x00, 0x02, 0x40, 0x00, 0x00, 0x00, 0x00, 0x00, 0x3f,
        0x00, 0x00, 0x00, 0x3f, 0x00, 0x00, 0x00, 0x00, 0x00, 0x00, 0x00, 0x00,
        0x46, 0x00, 0x10, 0x00, 0x0e, 0x00, 0x00, 0x00, 0x32, 0x00, 0x00, 0x0c,
        0xf2, 0x00, 0x10, 0x00, 0x0f, 0x00, 0x00, 0x00, 0xe6, 0x01, 0x10, 0x00,
        0x07, 0x00, 0x00, 0x00, 0x02, 0x40, 0x00, 0x00, 0x00, 0x00, 0x00, 0x3f,
        0x00, 0x00, 0x00, 0x3f, 0x00, 0x00, 0x00, 0x3f, 0x00, 0x00, 0x00, 0x3f,
        0xe6, 0x01, 0x10, 0x00, 0x08, 0x00, 0x00, 0x00, 0x32, 0x00, 0x00, 0x0c,
        0xf2, 0x00, 0x10, 0x00, 0x0f, 0x00, 0x00, 0x00, 0xd6, 0x08, 0x10, 0x00,
        0x09, 0x00, 0x00, 0x00, 0x02, 0x40, 0x00, 0x00, 0x00, 0x00, 0x00, 0x3f,
        0x00, 0x00, 0x00, 0x3f, 0x00, 0x00, 0x00, 0x3f, 0x00, 0x00, 0x00, 0x3f,
        0x46, 0x0e, 0x10, 0x00, 0x0f, 0x00, 0x00, 0x00, 0x32, 0x00, 0x00, 0x0c,
        0xf2, 0x00, 0x10, 0x00, 0x10, 0x00, 0x00, 0x00, 0x46, 0x0e, 0x10, 0x00,
        0x0a, 0x00, 0x00, 0x00, 0x02, 0x40, 0x00, 0x00, 0x00, 0x00, 0x00, 0x3f,
        0x00, 0x00, 0x00, 0x3f, 0x00, 0x00, 0x00, 0x3f, 0x00, 0x00, 0x00, 0x3f,
        0x46, 0x0e, 0x10, 0x00, 0x0b, 0x00, 0x00, 0x00, 0x32, 0x00, 0x00, 0x0c,
        0xf2, 0x00, 0x10, 0x00, 0x10, 0x00, 0x00, 0x00, 0x46, 0x0e, 0x10, 0x00,
        0x04, 0x00, 0x00, 0x00, 0x02, 0x40, 0x00, 0x00, 0x00, 0x00, 0x00, 0x3f,
        0x00, 0x00, 0x00, 0x3f, 0x00, 0x00, 0x00, 0x3f, 0x00, 0x00, 0x00, 0x3f,
        0x46, 0x0e, 0x10, 0x00, 0x10, 0x00, 0x00, 0x00, 0x32, 0x00, 0x00, 0x0c,
        0xc2, 0x00, 0x10, 0x00, 0x0e, 0x00, 0x00, 0x00, 0x06, 0x04, 0x10, 0x00,
        0x0c, 0x00, 0x00, 0x00, 0x02, 0x40, 0x00, 0x00, 0x00, 0x00, 0x00, 0x00,
        0x00, 0x00, 0x00, 0x00, 0x00, 0x00, 0x00, 0x3f, 0x00, 0x00, 0x00, 0x3f,
        0x06, 0x04, 0x10, 0x00, 0x0d, 0x00, 0x00, 0x00, 0x32, 0x00, 0x00, 0x0c,
        0xc2, 0x00, 0x10, 0x00, 0x0e, 0x00, 0x00, 0x00, 0xa6, 0x0e, 0x10, 0x00,
        0x03, 0x00, 0x00, 0x00, 0x02, 0x40, 0x00, 0x00, 0x00, 0x00, 0x00, 0x00,
        0x00, 0x00, 0x00, 0x00, 0x00, 0x00, 0x00, 0x3f, 0x00, 0x00, 0x00, 0x3f,
        0xa6, 0x0e, 0x10, 0x00, 0x0e, 0x00, 0x00, 0x00, 0x00, 0x00, 0x00, 0x0b,
        0xf2, 0x00, 0x10, 0x00, 0x11, 0x00, 0x00, 0x00, 0x86, 0x08, 0x10, 0x80,
        0x41, 0x00, 0x00, 0x00, 0x02, 0x00, 0x00, 0x00, 0x02, 0x40, 0x00, 0x00,
        0x00, 0x00, 0x80, 0x3f, 0x00, 0x00, 0x80, 0x3f, 0x00, 0x00, 0x00, 0x00,
        0x00, 0x00, 0x80, 0xbf, 0x38, 0x00, 0x00, 0x07, 0x82, 0x00, 0x10, 0x00,
        0x02, 0x00, 0x00, 0x00, 0x1a, 0x00, 0x10, 0x00, 0x11, 0x00, 0x00, 0x00,
        0x0a, 0x00, 0x10, 0x00, 0x11, 0x00, 0x00, 0x00, 0x00, 0x00, 0x00, 0x08,
        0xf2, 0x00, 0x10, 0x00, 0x12, 0x00, 0x00, 0x00, 0x46, 0x08, 0x10, 0x80,
        0x41, 0x00, 0x00, 0x00, 0x0f, 0x00, 0x00, 0x00, 0xf6, 0x02, 0x10, 0x00,
        0x10, 0x00, 0x00, 0x00, 0x00, 0x00, 0x00, 0x08, 0x72, 0x00, 0x10, 0x00,
        0x13, 0x00, 0x00, 0x00, 0x16, 0x07, 0x10, 0x80, 0x41, 0x00, 0x00, 0x00,
        0x0f, 0x00, 0x00, 0x00, 0x86, 0x02, 0x10, 0x00, 0x0f, 0x00, 0x00, 0x00,
        0x34, 0x00, 0x00, 0x09, 0x52, 0x00, 0x10, 0x00, 0x13, 0x00, 0x00, 0x00,
        0x06, 0x03, 0x10, 0x80, 0x81, 0x00, 0x00, 0x00, 0x12, 0x00, 0x00, 0x00,
        0x06, 0x02, 0x10, 0x80, 0x81, 0x00, 0x00, 0x00, 0x13, 0x00, 0x00, 0x00,
        0x1e, 0x00, 0x00, 0x0b, 0x52, 0x00, 0x10, 0x00, 0x13, 0x00, 0x00, 0x00,
        0x06, 0x02, 0x10, 0x80, 0x41, 0x00, 0x00, 0x00, 0x13, 0x00, 0x00, 0x00,
        0x02, 0x40, 0x00, 0x00, 0xbb, 0x7e, 0xf0, 0x7e, 0x00, 0x00, 0x00, 0x00,
        0xbb, 0x7e, 0xf0, 0x7e, 0x00, 0x00, 0x00, 0x00, 0x38, 0x20, 0x00, 0x08,
        0x22, 0x00, 0x10, 0x00, 0x0f, 0x00, 0x00, 0x00, 0x1a, 0x00, 0x10, 0x80,
        0x81, 0x00, 0x00, 0x00, 0x12, 0x00, 0x00, 0x00, 0x0a, 0x00, 0x10, 0x00,
        0x13, 0x00, 0x00, 0x00, 0x38, 0x00, 0x00, 0x07, 0x22, 0x00, 0x10, 0x00,
        0x0f, 0x00, 0x00, 0x00, 0x1a, 0x00, 0x10, 0x00, 0x0f, 0x00, 0x00, 0x00,
        0x1a, 0x00, 0x10, 0x00, 0x0f, 0x00, 0x00, 0x00, 0x00, 0x00, 0x00, 0x08,
        0x92, 0x00, 0x10, 0x00, 0x13, 0x00, 0x00, 0x00, 0x06, 0x00, 0x10, 0x80,
        0x41, 0x00, 0x00, 0x00, 0x0e, 0x00, 0x00, 0x00, 0x06, 0x08, 0x10, 0x00,
        0x0f, 0x00, 0x00, 0x00, 0x34, 0x00, 0x00, 0x09, 0x12, 0x00, 0x10, 0x00,
        0x0e, 0x00, 0x00, 0x00, 0x0a, 0x00, 0x10, 0x80, 0x81, 0x00, 0x00, 0x00,
        0x13, 0x00, 0x00, 0x00, 0x1a, 0x00, 0x10, 0x80, 0x81, 0x00, 0x00, 0x00,
        0x13, 0x00, 0x00, 0x00, 0x1e, 0x00, 0x00, 0x08, 0x12, 0x00, 0x10, 0x00,
        0x0e, 0x00, 0x00, 0x00, 0x0a, 0x00, 0x10, 0x80, 0x41, 0x00, 0x00, 0x00,
        0x0e, 0x00, 0x00, 0x00, 0x01, 0x40, 0x00, 0x00, 0xbb, 0x7e, 0xf0, 0x7e,
        0x38, 0x20, 0x00, 0x08, 0x12, 0x00, 0x10, 0x00, 0x0e, 0x00, 0x00, 0x00,
        0x0a, 0x00, 0x10, 0x00, 0x0e, 0x00, 0x00, 0x00, 0x3a, 0x00, 0x10, 0x80,
        0x81, 0x00, 0x00, 0x00, 0x13, 0x00, 0x00, 0x00, 0x38, 0x00, 0x00, 0x07,
        0x12, 0x00, 0x10, 0x00, 0x0e, 0x00, 0x00, 0x00, 0x0a, 0x00, 0x10, 0x00,
        0x0e, 0x00, 0x00, 0x00, 0x0a, 0x00, 0x10, 0x00, 0x0e, 0x00, 0x00, 0x00,
        0x38, 0x00, 0x00, 0x07, 0x12, 0x00, 0x10, 0x00, 0x0e, 0x00, 0x00, 0x00,
        0x3a, 0x00, 0x10, 0x00, 0x02, 0x00, 0x00, 0x00, 0x0a, 0x00, 0x10, 0x00,
        0x0e, 0x00, 0x00, 0x00, 0x32, 0x00, 0x00, 0x09, 0x12, 0x00, 0x10, 0x00,
        0x0e, 0x00, 0x00, 0x00, 0x1a, 0x00, 0x10, 0x00, 0x0f, 0x00, 0x00, 0x00,
        0x3a, 0x00, 0x10, 0x00, 0x02, 0x00, 0x00, 0x00, 0x0a, 0x00, 0x10, 0x00,
        0x0e, 0x00, 0x00, 0x00, 0x38, 0x00, 0x00, 0x07, 0x32, 0x00, 0x10, 0x00,
        0x11, 0x00, 0x00, 0x00, 0x86, 0x00, 0x10, 0x00, 0x02, 0x00, 0x00, 0x00,
        0x16, 0x05, 0x10, 0x00, 0x11, 0x00, 0x00, 0x00, 0x00, 0x00, 0x00, 0x08,
        0x72, 0x00, 0x10, 0x00, 0x14, 0x00, 0x00, 0x00, 0xf6, 0x0c, 0x10, 0x80,
        0x41, 0x00, 0x00, 0x00, 0x10, 0x00, 0x00, 0x00, 0x26, 0x09, 0x10, 0x00,
        0x10, 0x00, 0x00, 0x00, 0x34, 0x00, 0x00, 0x09, 0x92, 0x00, 0x10, 0x00,
        0x12, 0x00, 0x00, 0x00, 0x06, 0x0c, 0x10, 0x80, 0x81, 0x00, 0x00, 0x00,
        0x12, 0x00, 0x00, 0x00, 0x06, 0x08, 0x10, 0x80, 0x81, 0x00, 0x00, 0x00,
        0x14, 0x00, 0x00, 0x00, 0x1e, 0x00, 0x00, 0x0b, 0x92, 0x00, 0x10, 0x00,
        0x12, 0x00, 0x00, 0x00, 0x06, 0x0c, 0x10, 0x80, 0x41, 0x00, 0x00, 0x00,
        0x12, 0x00, 0x00, 0x00, 0x02, 0x40, 0x00, 0x00, 0xbb, 0x7e, 0xf0, 0x7e,
        0x00, 0x00, 0x00, 0x00, 0x00, 0x00, 0x00, 0x00, 0xbb, 0x7e, 0xf0, 0x7e,
        0x38, 0x00, 0x00, 0x07, 0x22, 0x00, 0x10, 0x00, 0x0f, 0x00, 0x00, 0x00,
        0x0a, 0x00, 0x10, 0x00, 0x11, 0x00, 0x00, 0x00, 0x2a, 0x00, 0x10, 0x00,
        0x12, 0x00, 0x00, 0x00, 0x32, 0x00, 0x00, 0x09, 0x22, 0x00, 0x10, 0x00,
        0x0f, 0x00, 0x00, 0x00, 0x1a, 0x00, 0x10, 0x00, 0x12, 0x00, 0x00, 0x00,
        0x3a, 0x00, 0x10, 0x00, 0x02, 0x00, 0x00, 0x00, 0x1a, 0x00, 0x10, 0x00,
        0x0f, 0x00, 0x00, 0x00, 0x38, 0x20, 0x00, 0x08, 0x42, 0x00, 0x10, 0x00,
        0x10, 0x00, 0x00, 0x00, 0x0a, 0x00, 0x10, 0x00, 0x12, 0x00, 0x00, 0x00,
        0x2a, 0x00, 0x10, 0x80, 0x81, 0x00, 0x00, 0x00, 0x12, 0x00, 0x00, 0x00,
        0x38, 0x00, 0x00, 0x07, 0x42, 0x00, 0x10, 0x00, 0x10, 0x00, 0x00, 0x00,
        0x2a, 0x00, 0x10, 0x00, 0x10, 0x00, 0x00, 0x00, 0x2a, 0x00, 0x10, 0x00,
        0x10, 0x00, 0x00, 0x00, 0x32, 0x00, 0x00, 0x09, 0x12, 0x00, 0x10, 0x00,
        0x0e, 0x00, 0x00, 0x00, 0x2a, 0x00, 0x10, 0x00, 0x10, 0x00, 0x00, 0x00,
        0x0a, 0x00, 0x10, 0x00, 0x11, 0x00, 0x00, 0x00, 0x0a, 0x00, 0x10, 0x00,
        0x0e, 0x00, 0x00, 0x00, 0x00, 0x00, 0x00, 0x08, 0x32, 0x00, 0x10, 0x00,
        0x12, 0x00, 0x00, 0x00, 0x56, 0x05, 0x10, 0x80, 0x41, 0x00, 0x00, 0x00,
        0x0e, 0x00, 0x00, 0x00, 0x36, 0x0f, 0x10, 0x00, 0x10, 0x00, 0x00, 0x00,
        0x34, 0x00, 0x00, 0x09, 0x22, 0x00, 0x10, 0x00, 0x0e, 0x00, 0x00, 0x00,
        0x0a, 0x00, 0x10, 0x80, 0x81, 0x00, 0x00, 0x00, 0x12, 0x00, 0x00, 0x00,
        0x1a, 0x00, 0x10, 0x80, 0x81, 0x00, 0x00, 0x00, 0x14, 0x00, 0x00, 0x00,
        0x1e, 0x00, 0x00, 0x08, 0x22, 0x00, 0x10, 0x00, 0x0e, 0x00, 0x00, 0x00,
        0x1a, 0x00, 0x10, 0x80, 0x41, 0x00, 0x00, 0x00, 0x0e, 0x00, 0x00, 0x00,
        0x01, 0x40, 0x00, 0x00, 0xbb, 0x7e, 0xf0, 0x7e, 0x38, 0x00, 0x00, 0x07,
        0x42, 0x00, 0x10, 0x00, 0x10, 0x00, 0x00, 0x00, 0x0a, 0x00, 0x10, 0x00,
        0x11, 0x00, 0x00, 0x00, 0x1a, 0x00, 0x10, 0x00, 0x12, 0x00, 0x00, 0x00,
        0x32, 0x00, 0x00, 0x09, 0x82, 0x00, 0x10, 0x00, 0x02, 0x00, 0x00, 0x00,
        0x3a, 0x00, 0x10, 0x00, 0x13, 0x00, 0x00, 0x00, 0x3a, 0x00, 0x10, 0x00,
        0x02, 0x00, 0x00, 0x00, 0x2a, 0x00, 0x10, 0x00, 0x10, 0x00, 0x00, 0x00,
        0x38, 0x20, 0x00, 0x08, 0x22, 0x00, 0x10, 0x00, 0x0e, 0x00, 0x00, 0x00,
        0x1a, 0x00, 0x10, 0x00, 0x0e, 0x00, 0x00, 0x00, 0x1a, 0x00, 0x10, 0x80,
        0x81, 0x00, 0x00, 0x00, 0x12, 0x00, 0x00, 0x00, 0x38, 0x00, 0x00, 0x07,
        0x22, 0x00, 0x10, 0x00, 0x0e, 0x00, 0x00, 0x00, 0x1a, 0x00, 0x10, 0x00,
        0x0e, 0x00, 0x00, 0x00, 0x1a, 0x00, 0x10, 0x00, 0x0e, 0x00, 0x00, 0x00,
        0x32, 0x00, 0x00, 0x09, 0x12, 0x00, 0x10, 0x00, 0x0e, 0x00, 0x00, 0x00,
        0x1a, 0x00, 0x10, 0x00, 0x0e, 0x00, 0x00, 0x00, 0x0a, 0x00, 0x10, 0x00,
        0x11, 0x00, 0x00, 0x00, 0x0a, 0x00, 0x10, 0x00, 0x0e, 0x00, 0x00, 0x00,
        0x00, 0x00, 0x00, 0x08, 0x62, 0x00, 0x10, 0x00, 0x10, 0x00, 0x00, 0x00,
        0xf6, 0x0e, 0x10, 0x80, 0x41, 0x00, 0x00, 0x00, 0x0f, 0x00, 0x00, 0x00,
        0x06, 0x01, 0x10, 0x00, 0x10, 0x00, 0x00, 0x00, 0x32, 0x00, 0x00, 0x09,
        0x22, 0x00, 0x10, 0x00, 0x0e, 0x00, 0x00, 0x00, 0x1a, 0x00, 0x10, 0x00,
        0x10, 0x00, 0x00, 0x00, 0x1a, 0x00, 0x10, 0x00, 0x11, 0x00, 0x00, 0x00,
        0x1a, 0x00, 0x10, 0x00, 0x0f, 0x00, 0x00, 0x00, 0x38, 0x20, 0x00, 0x08,
        0x22, 0x00, 0x10, 0x00, 0x0f, 0x00, 0x00, 0x00, 0x2a, 0x00, 0x10, 0x00,
        0x13, 0x00, 0x00, 0x00, 0x1a, 0x00, 0x10, 0x80, 0x81, 0x00, 0x00, 0x00,
        0x10, 0x00, 0x00, 0x00, 0x38, 0x00, 0x00, 0x07, 0x22, 0x00, 0x10, 0x00,
        0x0f, 0x00, 0x00, 0x00, 0x1a, 0x00, 0x10, 0x00, 0x0f, 0x00, 0x00, 0x00,
        0x1a, 0x00, 0x10, 0x00, 0x0f, 0x00, 0x00, 0x00, 0x32, 0x00, 0x00, 0x09,
        0x12, 0x00, 0x10, 0x00, 0x0e, 0x00, 0x00, 0x00, 0x1a, 0x00, 0x10, 0x00,
        0x0f, 0x00, 0x00, 0x00, 0x1a, 0x00, 0x10, 0x00, 0x11, 0x00, 0x00, 0x00,
        0x0a, 0x00, 0x10, 0x00, 0x0e, 0x00, 0x00, 0x00, 0x00, 0x00, 0x00, 0x08,
        0x32, 0x00, 0x10, 0x00, 0x0f, 0x00, 0x00, 0x00, 0x26, 0x0a, 0x10, 0x80,
        0x41, 0x00, 0x00, 0x00, 0x0f, 0x00, 0x00, 0x00, 0xf6, 0x0f, 0x10, 0x00,
        0x0e, 0x00, 0x00, 0x00, 0x34, 0x00, 0x00, 0x09, 0x82, 0x00, 0x10, 0x00,
        0x0e, 0x00, 0x00, 0x00, 0x1a, 0x00, 0x10, 0x80, 0x81, 0x00, 0x00, 0x00,
        0x13, 0x00, 0x00, 0x00, 0x0a, 0x00, 0x10, 0x80, 0x81, 0x00, 0x00, 0x00,
        0x0f, 0x00, 0x00, 0x00, 0x1e, 0x00, 0x00, 0x08, 0x82, 0x00, 0x10, 0x00,
        0x0e, 0x00, 0x00, 0x00, 0x3a, 0x00, 0x10, 0x80, 0x41, 0x00, 0x00, 0x00,
        0x0e, 0x00, 0x00, 0x00, 0x01, 0x40, 0x00, 0x00, 0xbb, 0x7e, 0xf0, 0x7e,
        0x32, 0x00, 0x00, 0x09, 0x82, 0x00, 0x10, 0x00, 0x02, 0x00, 0x00, 0x00,
        0x1a, 0x00, 0x10, 0x00, 0x0f, 0x00, 0x00, 0x00, 0x1a, 0x00, 0x10, 0x00,
        0x11, 0x00, 0x00, 0x00, 0x3a, 0x00, 0x10, 0x00, 0x02, 0x00, 0x00, 0x00,
        0x38, 0x20, 0x00, 0x08, 0x82, 0x00, 0x10, 0x00, 0x0e, 0x00, 0x00, 0x00,
        0x3a, 0x00, 0x10, 0x00, 0x0e, 0x00, 0x00, 0x00, 0x1a, 0x00, 0x10, 0x80,
        0x81, 0x00, 0x00, 0x00, 0x0f, 0x00, 0x00, 0x00, 0x38, 0x00, 0x00, 0x07,
        0x82, 0x00, 0x10, 0x00, 0x0e, 0x00, 0x00, 0x00, 0x3a, 0x00, 0x10, 0x00,
        0x0e, 0x00, 0x00, 0x00, 0x3a, 0x00, 0x10, 0x00, 0x0e, 0x00, 0x00, 0x00,
        0x32, 0x00, 0x00, 0x09, 0x12, 0x00, 0x10, 0x00, 0x0e, 0x00, 0x00, 0x00,
        0x3a, 0x00, 0x10, 0x00, 0x0e, 0x00, 0x00, 0x00, 0x1a, 0x00, 0x10, 0x00,
        0x11, 0x00, 0x00, 0x00, 0x0a, 0x00, 0x10, 0x00, 0x0e, 0x00, 0x00, 0x00,
        0x38, 0x00, 0x00, 0x07, 0x82, 0x00, 0x10, 0x00, 0x0e, 0x00, 0x00, 0x00,
        0x2a, 0x00, 0x10, 0x00, 0x02, 0x00, 0x00, 0x00, 0x0a, 0x00, 0x10, 0x00,
        0x02, 0x00, 0x00, 0x00, 0x32, 0x00, 0x00, 0x09, 0x22, 0x00, 0x10, 0x00,
        0x0f, 0x00, 0x00, 0x00, 0x2a, 0x00, 0x10, 0x00, 0x10, 0x00, 0x00, 0x00,
        0x3a, 0x00, 0x10, 0x00, 0x0e, 0x00, 0x00, 0x00, 0x1a, 0x00, 0x10, 0x00,
        0x0e, 0x00, 0x00, 0x00, 0x38, 0x20, 0x00, 0x08, 0x22, 0x00, 0x10, 0x00,
        0x0e, 0x00, 0x00, 0x00, 0x3a, 0x00, 0x10, 0x00, 0x12, 0x00, 0x00, 0x00,
        0x2a, 0x00, 0x10, 0x80, 0x81, 0x00, 0x00, 0x00, 0x10, 0x00, 0x00, 0x00,
        0x38, 0x00, 0x00, 0x07, 0x22, 0x00, 0x10, 0x00, 0x0e, 0x00, 0x00, 0x00,
        0x1a, 0x00, 0x10, 0x00, 0x0e, 0x00, 0x00, 0x00, 0x1a, 0x00, 0x10, 0x00,
        0x0e, 0x00, 0x00, 0x00, 0x32, 0x00, 0x00, 0x09, 0x12, 0x00, 0x10, 0x00,
        0x0e, 0x00, 0x00, 0x00, 0x1a, 0x00, 0x10, 0x00, 0x0e, 0x00, 0x00, 0x00,
        0x3a, 0x00, 0x10, 0x00, 0x0e, 0x00, 0x00, 0x00, 0x0a, 0x00, 0x10, 0x00,
        0x0e, 0x00, 0x00, 0x00, 0x00, 0x00, 0x00, 0x08, 0x62, 0x00, 0x10, 0x00,
        0x0e, 0x00, 0x00, 0x00, 0x06, 0x03, 0x10, 0x80, 0x41, 0x00, 0x00, 0x00,
        0x10, 0x00, 0x00, 0x00, 0xa6, 0x0a, 0x10, 0x00, 0x0e, 0x00, 0x00, 0x00,
        0x34, 0x00, 0x00, 0x09, 0x22, 0x00, 0x10, 0x00, 0x0e, 0x00, 0x00, 0x00,
        0x1a, 0x00, 0x10, 0x80, 0x81, 0x00, 0x00, 0x00, 0x14, 0x00, 0x00, 0x00,
        0x1a, 0x00, 0x10, 0x80, 0x81, 0x00, 0x00, 0x00, 0x0e, 0x00, 0x00, 0x00,
        0x1e, 0x00, 0x00, 0x08, 0x22, 0x00, 0x10, 0x00, 0x0e, 0x00, 0x00, 0x00,
        0x1a, 0x00, 0x10, 0x80, 0x41, 0x00, 0x00, 0x00, 0x0e, 0x00, 0x00, 0x00,
        0x01, 0x40, 0x00, 0x00, 0xbb, 0x7e, 0xf0, 0x7e, 0x32, 0x00, 0x00, 0x09,
        0x42, 0x00, 0x10, 0x00, 0x0f, 0x00, 0x00, 0x00, 0x2a, 0x00, 0x10, 0x00,
        0x0e, 0x00, 0x00, 0x00, 0x3a, 0x00, 0x10, 0x00, 0x0e, 0x00, 0x00, 0x00,
        0x3a, 0x00, 0x10, 0x00, 0x02, 0x00, 0x00, 0x00, 0x38, 0x20, 0x00, 0x08,
        0x82, 0x00, 0x10, 0x00, 0x02, 0x00, 0x00, 0x00, 0x1a, 0x00, 0x10, 0x00,
        0x0e, 0x00, 0x00, 0x00, 0x2a, 0x00, 0x10, 0x80, 0x81, 0x00, 0x00, 0x00,
        0x0e, 0x00, 0x00, 0x00, 0x38, 0x00, 0x00, 0x07, 0x82, 0x00, 0x10, 0x00,
        0x02, 0x00, 0x00, 0x00, 0x3a, 0x00, 0x10, 0x00, 0x02, 0x00, 0x00, 0x00,
        0x3a, 0x00, 0x10, 0x00, 0x02, 0x00, 0x00, 0x00, 0x32, 0x00, 0x00, 0x09,
        0x82, 0x00, 0x10, 0x00, 0x02, 0x00, 0x00, 0x00, 0x3a, 0x00, 0x10, 0x00,
        0x02, 0x00, 0x00, 0x00, 0x3a, 0x00, 0x10, 0x00, 0x0e, 0x00, 0x00, 0x00,
        0x0a, 0x00, 0x10, 0x00, 0x0e, 0x00, 0x00, 0x00, 0x38, 0x00, 0x00, 0x07,
        0x32, 0x00, 0x10, 0x00, 0x0e, 0x00, 0x00, 0x00, 0x96, 0x05, 0x10, 0x00,
        0x0f, 0x00, 0x00, 0x00, 0x96, 0x05, 0x10, 0x00, 0x0f, 0x00, 0x00, 0x00,
        0x00, 0x00, 0x00, 0x07, 0x12, 0x00, 0x10, 0x00, 0x0e, 0x00, 0x00, 0x00,
        0x1a, 0x00, 0x10, 0x00, 0x0e, 0x00, 0x00, 0x00, 0x0a, 0x00, 0x10, 0x00,
        0x0e, 0x00, 0x00, 0x00, 0x31, 0x00, 0x00, 0x07, 0x22, 0x00, 0x10, 0x00,
        0x0e, 0x00, 0x00, 0x00, 0x0a, 0x00, 0x10, 0x00, 0x0e, 0x00, 0x00, 0x00,
        0x01, 0x40, 0x00, 0x00, 0x00, 0x00, 0x00, 0x38, 0x55, 0x00, 0x00, 0x07,
        0x12, 0x00, 0x10, 0x00, 0x0e, 0x00, 0x00, 0x00, 0x0a, 0x00, 0x10, 0x00,
        0x0e, 0x00, 0x00, 0x00, 0x01, 0x40, 0x00, 0x00, 0x01, 0x00, 0x00, 0x00,
        0x1e, 0x00, 0x00, 0x08, 0x12, 0x00, 0x10, 0x00, 0x0e, 0x00, 0x00, 0x00,
        0x0a, 0x00, 0x10, 0x80, 0x41, 0x00, 0x00, 0x00, 0x0e, 0x00, 0x00, 0x00,
        0x01, 0x40, 0x00, 0x00, 0x74, 0x7d, 0x34, 0x5f, 0x37, 0x00, 0x00, 0x09,
        0x12, 0x00, 0x10, 0x00, 0x0e, 0x00, 0x00, 0x00, 0x1a, 0x00, 0x10, 0x00,
        0x0e, 0x00, 0x00, 0x00, 0x01, 0x40, 0x00, 0x00, 0x00, 0x00, 0x80, 0x3f,
        0x0a, 0x00, 0x10, 0x00, 0x0e, 0x00, 0x00, 0x00, 0x37, 0x00, 0x00, 0x09,
        0x12, 0x00, 0x10, 0x00, 0x0f, 0x00, 0x00, 0x00, 0x1a, 0x00, 0x10, 0x00,
        0x0e, 0x00, 0x00, 0x00, 0x01, 0x40, 0x00, 0x00, 0x00, 0x00, 0x80, 0x3f,
        0x1a, 0x00, 0x10, 0x00, 0x0f, 0x00, 0x00, 0x00, 0x38, 0x00, 0x00, 0x07,
        0x32, 0x00, 0x10, 0x00, 0x0e, 0x00, 0x00, 0x00, 0x06, 0x00, 0x10, 0x00,
        0x0e, 0x00, 0x00, 0x00, 0x86, 0x00, 0x10, 0x00, 0x0f, 0x00, 0x00, 0x00,
        0x38, 0x00, 0x00, 0x07, 0x82, 0x00, 0x10, 0x00, 0x02, 0x00, 0x00, 0x00,
        0x3a, 0x00, 0x10, 0x00, 0x02, 0x00, 0x00, 0x00, 0x01, 0x40, 0x00, 0x00,
        0x00, 0x00, 0x00, 0x3f, 0x38, 0x00, 0x00, 0x07, 0x82, 0x00, 0x10, 0x00,
        0x02, 0x00, 0x00, 0x00, 0x3a, 0x00, 0x10, 0x00, 0x02, 0x00, 0x00, 0x00,
        0x3a, 0x00, 0x10, 0x00, 0x02, 0x00, 0x00, 0x00, 0x0f, 0x00, 0x00, 0x07,
        0x42, 0x00, 0x10, 0x00, 0x0e, 0x00, 0x00, 0x00, 0x46, 0x00, 0x10, 0x00,
        0x0e, 0x00, 0x00, 0x00, 0x46, 0x00, 0x10, 0x00, 0x0e, 0x00, 0x00, 0x00,
        0x34, 0x00, 0x00, 0x09, 0x82, 0x00, 0x10, 0x00, 0x0e, 0x00, 0x00, 0x00,
        0x1a, 0x00, 0x10, 0x80, 0x81, 0x00, 0x00, 0x00, 0x0e, 0x00, 0x00, 0x00,
        0x0a, 0x00, 0x10, 0x80, 0x81, 0x00, 0x00, 0x00, 0x0e, 0x00, 0x00, 0x00,
        0x1e, 0x00, 0x00, 0x08, 0x82, 0x00, 0x10, 0x00, 0x0e, 0x00, 0x00, 0x00,
        0x3a, 0x00, 0x10, 0x80, 0x41, 0x00, 0x00, 0x00, 0x0e, 0x00, 0x00, 0x00,
        0x01, 0x40, 0x00, 0x00, 0xbb, 0x7e, 0xf0, 0x7e, 0x32, 0x00, 0x00, 0x09,
        0x42, 0x00, 0x10, 0x00, 0x0e, 0x00, 0x00, 0x00, 0x2a, 0x00, 0x10, 0x00,
        0x0e, 0x00, 0x00, 0x00, 0x3a, 0x00, 0x10, 0x00, 0x0e, 0x00, 0x00, 0x00,
        0x01, 0x40, 0x00, 0x00, 0x00, 0x00, 0x80, 0xbf, 0x32, 0x00, 0x00, 0x09,
        0x12, 0x00, 0x10, 0x00, 0x0f, 0x00, 0x00, 0x00, 0x2a, 0x00, 0x10, 0x00,
        0x0e, 0x00, 0x00, 0x00, 0x3a, 0x00, 0x10, 0x00, 0x02, 0x00, 0x00, 0x00,
        0x01, 0x40, 0x00, 0x00, 0x00, 0x00, 0x80, 0x3f, 0x32, 0x00, 0x00, 0x0f,
        0x62, 0x00, 0x10, 0x00, 0x0f, 0x00, 0x00, 0x00, 0xf6, 0x0f, 0x10, 0x00,
        0x02, 0x00, 0x00, 0x00, 0x02, 0x40, 0x00, 0x00, 0x00, 0x00, 0x00, 0x00,
        0x00, 0x00, 0x00, 0xbf, 0xe1, 0x7a, 0x94, 0xbe, 0x00, 0x00, 0x00, 0x00,
        0x02, 0x40, 0x00, 0x00, 0x00, 0x00, 0x00, 0x00, 0x00, 0x00, 0x80, 0x3f,
        0x00, 0x00, 0x00, 0x3f, 0x00, 0x00, 0x00, 0x00, 0x1e, 0x00, 0x00, 0x08,
        0x82, 0x00, 0x10, 0x00, 0x02, 0x00, 0x00, 0x00, 0x2a, 0x00, 0x10, 0x80,
        0x41, 0x00, 0x00, 0x00, 0x0f, 0x00, 0x00, 0x00, 0x01, 0x40, 0x00, 0x00,
        0xbb, 0x7e, 0xf0, 0x7e, 0x36, 0x00, 0x00, 0x05, 0x12, 0x00, 0x10, 0x00,
        0x10, 0x00, 0x00, 0x00, 0x3a, 0x00, 0x10, 0x00, 0x0a, 0x00, 0x00, 0x00,
        0x36, 0x00, 0x00, 0x05, 0x22, 0x00, 0x10, 0x00, 0x10, 0x00, 0x00, 0x00,
        0x3a, 0x00, 0x10, 0x00, 0x0b, 0x00, 0x00, 0x00, 0x36, 0x00, 0x00, 0x05,
        0x42, 0x00, 0x10, 0x00, 0x10, 0x00, 0x00, 0x00, 0x3a, 0x00, 0x10, 0x00,
        0x04, 0x00, 0x00, 0x00, 0x36, 0x00, 0x00, 0x05, 0x12, 0x00, 0x10, 0x00,
        0x12, 0x00, 0x00, 0x00, 0x1a, 0x00, 0x10, 0x00, 0x07, 0x00, 0x00, 0x00,
        0x36, 0x00, 0x00, 0x05, 0x22, 0x00, 0x10, 0x00, 0x12, 0x00, 0x00, 0x00,
        0x1a, 0x00, 0x10, 0x00, 0x08, 0x00, 0x00, 0x00, 0x36, 0x00, 0x00, 0x05,
        0x42, 0x00, 0x10, 0x00, 0x12, 0x00, 0x00, 0x00, 0x0a, 0x00, 0x10, 0x00,
        0x09, 0x00, 0x00, 0x00, 0x33, 0x00, 0x00, 0x07, 0x72, 0x00, 0x10, 0x00,
        0x13, 0x00, 0x00, 0x00, 0x46, 0x02, 0x10, 0x00, 0x10, 0x00, 0x00, 0x00,
        0x46, 0x02, 0x10, 0x00, 0x12, 0x00, 0x00, 0x00, 0x36, 0x00, 0x00, 0x05,
        0x12, 0x00, 0x10, 0x00, 0x14, 0x00, 0x00, 0x00, 0x2a, 0x00, 0x10, 0x00,
        0x07, 0x00, 0x00, 0x00, 0x36, 0x00, 0x00, 0x05, 0x22, 0x00, 0x10, 0x00,
        0x14, 0x00, 0x00, 0x00, 0x2a, 0x00, 0x10, 0x00, 0x08, 0x00, 0x00, 0x00,
        0x36, 0x00, 0x00, 0x05, 0x42, 0x00, 0x10, 0x00, 0x14, 0x00, 0x00, 0x00,
        0x1a, 0x00, 0x10, 0x00, 0x09, 0x00, 0x00, 0x00, 0x33, 0x00, 0x00, 0x07,
        0x72, 0x00, 0x10, 0x00, 0x13, 0x00, 0x00, 0x00, 0x46, 0x02, 0x10, 0x00,
        0x13, 0x00, 0x00, 0x00, 0x46, 0x02, 0x10, 0x00, 0x14, 0x00, 0x00, 0x00,
        0x36, 0x00, 0x00, 0x05, 0x12, 0x00, 0x10, 0x00, 0x15, 0x00, 0x00, 0x00,
        0x0a, 0x00, 0x10, 0x00, 0x0a, 0x00, 0x00, 0x00, 0x36, 0x00, 0x00, 0x05,
        0x22, 0x00, 0x10, 0x00, 0x15, 0x00, 0x00, 0x00, 0x0a, 0x00, 0x10, 0x00,
        0x0b, 0x00, 0x00, 0x00, 0x36, 0x00, 0x00, 0x05, 0x42, 0x00, 0x10, 0x00,
        0x15, 0x00, 0x00, 0x00, 0x0a, 0x00, 0x10, 0x00, 0x04, 0x00, 0x00, 0x00,
        0x33, 0x00, 0x00, 0x07, 0x72, 0x00, 0x10, 0x00, 0x13, 0x00, 0x00, 0x00,
        0x46, 0x02, 0x10, 0x00, 0x13, 0x00, 0x00, 0x00, 0x46, 0x02, 0x10, 0x00,
        0x15, 0x00, 0x00, 0x00, 0x34, 0x00, 0x00, 0x07, 0x72, 0x00, 0x10, 0x00,
        0x16, 0x00, 0x00, 0x00, 0x46, 0x02, 0x10, 0x00, 0x10, 0x00, 0x00, 0x00,
        0x46, 0x02, 0x10, 0x00, 0x12, 0x00, 0x00, 0x00, 0x34, 0x00, 0x00, 0x07,
        0x72, 0x00, 0x10, 0x00, 0x16, 0x00, 0x00, 0x00, 0x46, 0x02, 0x10, 0x00,
        0x14, 0x00, 0x00, 0x00, 0x46, 0x02, 0x10, 0x00, 0x16, 0x00, 0x00, 0x00,
        0x34, 0x00, 0x00, 0x07, 0x72, 0x00, 0x10, 0x00, 0x16, 0x00, 0x00, 0x00,
        0x46, 0x02, 0x10, 0x00, 0x15, 0x00, 0x00, 0x00, 0x46, 0x02, 0x10, 0x00,
        0x16, 0x00, 0x00, 0x00, 0x0f, 0x00, 0x00, 0x07, 0x12, 0x00, 0x10, 0x00,
        0x11, 0x00, 0x00, 0x00, 0xe6, 0x0a, 0x10, 0x00, 0x11, 0x00, 0x00, 0x00,
        0x46, 0x00, 0x10, 0x00, 0x0e, 0x00, 0x00, 0x00, 0x38, 0x00, 0x00, 0x07,
        0x82, 0x00, 0x10, 0x00, 0x04, 0x00, 0x00, 0x00, 0x0a, 0x00, 0x10, 0x00,
        0x0e, 0x00, 0x00, 0x00, 0x3a, 0x00, 0x10, 0x00, 0x11, 0x00, 0x00, 0x00,
        0x32, 0x00, 0x00, 0x0a, 0x22, 0x00, 0x10, 0x00, 0x11, 0x00, 0x00, 0x00,
        0x2a, 0x00, 0x10, 0x00, 0x11, 0x00, 0x00, 0x00, 0x1a, 0x00, 0x10, 0x80,
        0x41, 0x00, 0x00, 0x00, 0x0e, 0x00, 0x00, 0x00, 0x3a, 0x00, 0x10, 0x00,
        0x04, 0x00, 0x00, 0x00, 0x38, 0x00, 0x00, 0x07, 0x62, 0x00, 0x10, 0x00,
        0x07, 0x00, 0x00, 0x00, 0x06, 0x01, 0x10, 0x00, 0x0f, 0x00, 0x00, 0x00,
        0x06, 0x01, 0x10, 0x00, 0x11, 0x00, 0x00, 0x00, 0x0f, 0x00, 0x00, 0x07,
        0x82, 0x00, 0x10, 0x00, 0x04, 0x00, 0x00, 0x00, 0x96, 0x05, 0x10, 0x00,
        0x07, 0x00, 0x00, 0x00, 0x96, 0x05, 0x10, 0x00, 0x07, 0x00, 0x00, 0x00,
        0x33, 0x00, 0x00, 0x07, 0x82, 0x00, 0x10, 0x00, 0x04, 0x00, 0x00, 0x00,
        0x3a, 0x00, 0x10, 0x00, 0x02, 0x00, 0x00, 0x00, 0x3a, 0x00, 0x10, 0x00,
        0x04, 0x00, 0x00, 0x00, 0x32, 0x00, 0x00, 0x09, 0x22, 0x00, 0x10, 0x00,
        0x07, 0x00, 0x00, 0x00, 0x3a, 0x00, 0x10, 0x00, 0x04, 0x00, 0x00, 0x00,
        0x01, 0x40, 0x00, 0x00, 0xcd, 0xcc, 0xcc, 0x3e, 0x01, 0x40, 0x00, 0x00,
        0x00, 0x00, 0x80, 0xbf, 0x32, 0x00, 0x00, 0x09, 0x82, 0x00, 0x10, 0x00,
        0x04, 0x00, 0x00, 0x00, 0x2a, 0x00, 0x10, 0x00, 0x0f, 0x00, 0x00, 0x00,
        0x3a, 0x00, 0x10, 0x00, 0x04, 0x00, 0x00, 0x00, 0x01, 0x40, 0x00, 0x00,
        0x00, 0x00, 0x80, 0xbf, 0x38, 0x00, 0x00, 0x07, 0x22, 0x00, 0x10, 0x00,
        0x07, 0x00, 0x00, 0x00, 0x1a, 0x00, 0x10, 0x00, 0x07, 0x00, 0x00, 0x00,
        0x1a, 0x00, 0x10, 0x00, 0x07, 0x00, 0x00, 0x00, 0x38, 0x00, 0x00, 0x07,
        0x82, 0x00, 0x10, 0x00, 0x04, 0x00, 0x00, 0x00, 0x3a, 0x00, 0x10, 0x00,
        0x04, 0x00, 0x00, 0x00, 0x3a, 0x00, 0x10, 0x00, 0x04, 0x00, 0x00, 0x00,
        0x32, 0x00, 0x00, 0x09, 0x22, 0x00, 0x10, 0x00, 0x07, 0x00, 0x00, 0x00,
        0x1a, 0x00, 0x10, 0x00, 0x07, 0x00, 0x00, 0x00, 0x01, 0x40, 0x00, 0x00,
        0x00, 0x00, 0xc8, 0x3f, 0x01, 0x40, 0x00, 0x00, 0x00, 0x00, 0x10, 0xbf,
        0x38, 0x00, 0x00, 0x07, 0x42, 0x00, 0x10, 0x00, 0x07, 0x00, 0x00, 0x00,
        0x3a, 0x00, 0x10, 0x00, 0x04, 0x00, 0x00, 0x00, 0x1a, 0x00, 0x10, 0x00,
        0x07, 0x00, 0x00, 0x00, 0x36, 0x00, 0x00, 0x05, 0x42, 0x00, 0x10, 0x00,
        0x05, 0x00, 0x00, 0x00, 0x0a, 0x00, 0x10, 0x00, 0x06, 0x00, 0x00, 0x00,
        0x36, 0x00, 0x00, 0x05, 0x82, 0x00, 0x10, 0x00, 0x05, 0x00, 0x00, 0x00,
        0x0a, 0x00, 0x10, 0x00, 0x03, 0x00, 0x00, 0x00, 0x00, 0x00, 0x00, 0x0b,
        0xf2, 0x00, 0x10, 0x00, 0x11, 0x00, 0x00, 0x00, 0x86, 0x08, 0x10, 0x80,
        0x41, 0x00, 0x00, 0x00, 0x02, 0x00, 0x00, 0x00, 0x02, 0x40, 0x00, 0x00,
        0x00, 0x00, 0x80, 0x3f, 0x00, 0x00, 0x80, 0xbf, 0x00, 0x00, 0x80, 0xbf,
        0x00, 0x00, 0x80, 0x3f, 0x0f, 0x00, 0x00, 0x07, 0x22, 0x00, 0x10, 0x00,
        0x17, 0x00, 0x00, 0x00, 0x46, 0x00, 0x10, 0x00, 0x11, 0x00, 0x00, 0x00,
        0x46, 0x00, 0x10, 0x00, 0x0e, 0x00, 0x00, 0x00, 0x38, 0x00, 0x00, 0x07,
        0x62, 0x00, 0x10, 0x00, 0x08, 0x00, 0x00, 0x00, 0x06, 0x00, 0x10, 0x00,
        0x0e, 0x00, 0x00, 0x00, 0x56, 0x07, 0x10, 0x00, 0x11, 0x00, 0x00, 0x00,
        0x32, 0x00, 0x00, 0x0a, 0xc2, 0x00, 0x10, 0x00, 0x17, 0x00, 0x00, 0x00,
        0x06, 0x08, 0x10, 0x00, 0x11, 0x00, 0x00, 0x00, 0x56, 0x05, 0x10, 0x80,
        0x41, 0x00, 0x00, 0x00, 0x0e, 0x00, 0x00, 0x00, 0x56, 0x09, 0x10, 0x00,
        0x08, 0x00, 0x00, 0x00, 0x38, 0x00, 0x00, 0x07, 0x62, 0x00, 0x10, 0x00,
        0x08, 0x00, 0x00, 0x00, 0x06, 0x01, 0x10, 0x00, 0x0f, 0x00, 0x00, 0x00,
        0x56, 0x06, 0x10, 0x00, 0x17, 0x00, 0x00, 0x00, 0x0f, 0x00, 0x00, 0x07,
        0x12, 0x00, 0x10, 0x00, 0x03, 0x00, 0x00, 0x00, 0x96, 0x05, 0x10, 0x00,
        0x08, 0x00, 0x00, 0x00, 0x96, 0x05, 0x10, 0x00, 0x08, 0x00, 0x00, 0x00,
        0x33, 0x00, 0x00, 0x07, 0x12, 0x00, 0x10, 0x00, 0x03, 0x00, 0x00, 0x00,
        0x3a, 0x00, 0x10, 0x00, 0x02, 0x00, 0x00, 0x00, 0x0a, 0x00, 0x10, 0x00,
        0x03, 0x00, 0x00, 0x00, 0x32, 0x00, 0x00, 0x09, 0x12, 0x00, 0x10, 0x00,
        0x06, 0x00, 0x00, 0x00, 0x0a, 0x00, 0x10, 0x00, 0x03, 0x00, 0x00, 0x00,
        0x01, 0x40, 0x00, 0x00, 0xcd, 0xcc, 0xcc, 0x3e, 0x01, 0x40, 0x00, 0x00,
        0x00, 0x00, 0x80, 0xbf, 0x32, 0x00, 0x00, 0x09, 0x12, 0x00, 0x10, 0x00,
        0x03, 0x00, 0x00, 0x00, 0x2a, 0x00, 0x10, 0x00, 0x0f, 0x00, 0x00, 0x00,
        0x0a, 0x00, 0x10, 0x00, 0x03, 0x00, 0x00, 0x00, 0x01, 0x40, 0x00, 0x00,
        0x00, 0x00, 0x80, 0xbf, 0x38, 0x00, 0x00, 0x07, 0x12, 0x00, 0x10, 0x00,
        0x06, 0x00, 0x00, 0x00, 0x0a, 0x00, 0x10, 0x00, 0x06, 0x00, 0x00, 0x00,
        0x0a, 0x00, 0x10, 0x00, 0x06, 0x00, 0x00, 0x00, 0x38, 0x00, 0x00, 0x07,
        0x12, 0x00, 0x10, 0x00, 0x03, 0x00, 0x00, 0x00, 0x0a, 0x00, 0x10, 0x00,
        0x03, 0x00, 0x00, 0x00, 0x0a, 0x00, 0x10, 0x00, 0x03, 0x00, 0x00, 0x00,
        0x32, 0x00, 0x00, 0x09, 0x12, 0x00, 0x10, 0x00, 0x06, 0x00, 0x00, 0x00,
        0x0a, 0x00, 0x10, 0x00, 0x06, 0x00, 0x00, 0x00, 0x01, 0x40, 0x00, 0x00,
        0x00, 0x00, 0xc8, 0x3f, 0x01, 0x40, 0x00, 0x00, 0x00, 0x00, 0x10, 0xbf,
        0x38, 0x00, 0x00, 0x07, 0x12, 0x00, 0x10, 0x00, 0x03, 0x00, 0x00, 0x00,
        0x0a, 0x00, 0x10, 0x00, 0x03, 0x00, 0x00, 0x00, 0x0a, 0x00, 0x10, 0x00,
        0x06, 0x00, 0x00, 0x00, 0x36, 0x00, 0x00, 0x05, 0x42, 0x00, 0x10, 0x00,
        0x06, 0x00, 0x00, 0x00, 0x1a, 0x00, 0x10, 0x00, 0x05, 0x00, 0x00, 0x00,
        0x36, 0x00, 0x00, 0x05, 0x82, 0x00, 0x10, 0x00, 0x06, 0x00, 0x00, 0x00,
        0x1a, 0x00, 0x10, 0x00, 0x03, 0x00, 0x00, 0x00, 0x38, 0x00, 0x00, 0x07,
        0x72, 0x00, 0x10, 0x00, 0x06, 0x00, 0x00, 0x00, 0x06, 0x00, 0x10, 0x00,
        0x03, 0x00, 0x00, 0x00, 0x66, 0x0b, 0x10, 0x00, 0x06, 0x00, 0x00, 0x00,
        0x32, 0x00, 0x00, 0x09, 0x72, 0x00, 0x10, 0x00, 0x05, 0x00, 0x00, 0x00,
        0x86, 0x03, 0x10, 0x00, 0x05, 0x00, 0x00, 0x00, 0xa6, 0x0a, 0x10, 0x00,
        0x07, 0x00, 0x00, 0x00, 0x46, 0x02, 0x10, 0x00, 0x06, 0x00, 0x00, 0x00,
        0x32, 0x00, 0x00, 0x09, 0x12, 0x00, 0x10, 0x00, 0x03, 0x00, 0x00, 0x00,
        0x1a, 0x00, 0x10, 0x00, 0x07, 0x00, 0x00, 0x00, 0x3a, 0x00, 0x10, 0x00,
        0x04, 0x00, 0x00, 0x00, 0x0a, 0x00, 0x10, 0x00, 0x03, 0x00, 0x00, 0x00,
        0x0f, 0x00, 0x00, 0x07, 0x12, 0x00, 0x10, 0x00, 0x17, 0x00, 0x00, 0x00,
        0xe6, 0x0a, 0x10, 0x00, 0x11, 0x00, 0x00, 0x00, 0x46, 0x00, 0x10, 0x00,
        0x0e, 0x00, 0x00, 0x00, 0x38, 0x00, 0x00, 0x07, 0x32, 0x00, 0x10, 0x00,
        0x06, 0x00, 0x00, 0x00, 0x46, 0x00, 0x10, 0x00, 0x0f, 0x00, 0x00, 0x00,
        0xc6, 0x00, 0x10, 0x00, 0x17, 0x00, 0x00, 0x00, 0x0f, 0x00, 0x00, 0x07,
        0x22, 0x00, 0x10, 0x00, 0x03, 0x00, 0x00, 0x00, 0x46, 0x00, 0x10, 0x00,
        0x06, 0x00, 0x00, 0x00, 0x46, 0x00, 0x10, 0x00, 0x06, 0x00, 0x00, 0x00,
        0x33, 0x00, 0x00, 0x07, 0x22, 0x00, 0x10, 0x00, 0x03, 0x00, 0x00, 0x00,
        0x3a, 0x00, 0x10, 0x00, 0x02, 0x00, 0x00, 0x00, 0x1a, 0x00, 0x10, 0x00,
        0x03, 0x00, 0x00, 0x00, 0x32, 0x00, 0x00, 0x09, 0x82, 0x00, 0x10, 0x00,
        0x04, 0x00, 0x00, 0x00, 0x1a, 0x00, 0x10, 0x00, 0x03, 0x00, 0x00, 0x00,
        0x01, 0x40, 0x00, 0x00, 0xcd, 0xcc, 0xcc, 0x3e, 0x01, 0x40, 0x00, 0x00,
        0x00, 0x00, 0x80, 0xbf, 0x32, 0x00, 0x00, 0x09, 0x22, 0x00, 0x10, 0x00,
        0x03, 0x00, 0x00, 0x00, 0x2a, 0x00, 0x10, 0x00, 0x0f, 0x00, 0x00, 0x00,
        0x1a, 0x00, 0x10, 0x00, 0x03, 0x00, 0x00, 0x00, 0x01, 0x40, 0x00, 0x00,
        0x00, 0x00, 0x80, 0xbf, 0x38, 0x00, 0x00, 0x07, 0x82, 0x00, 0x10, 0x00,
        0x04, 0x00, 0x00, 0x00, 0x3a, 0x00, 0x10, 0x00, 0x04, 0x00, 0x00, 0x00,
        0x3a, 0x00, 0x10, 0x00, 0x04, 0x00, 0x00, 0x00, 0x38, 0x00, 0x00, 0x07,
        0x22, 0x00, 0x10, 0x00, 0x03, 0x00, 0x00, 0x00, 0x1a, 0x00, 0x10, 0x00,
        0x03, 0x00, 0x00, 0x00, 0x1a, 0x00, 0x10, 0x00, 0x03, 0x00, 0x00, 0x00,
        0x32, 0x00, 0x00, 0x09, 0x82, 0x00, 0x10, 0x00, 0x04, 0x00, 0x00, 0x00,
        0x3a, 0x00, 0x10, 0x00, 0x04, 0x00, 0x00, 0x00, 0x01, 0x40, 0x00, 0x00,
        0x00, 0x00, 0xc8, 0x3f, 0x01, 0x40, 0x00, 0x00, 0x00, 0x00, 0x10, 0xbf,
        0x38, 0x00, 0x00, 0x07, 0x82, 0x00, 0x10, 0x00, 0x05, 0x00, 0x00, 0x00,
        0x1a, 0x00, 0x10, 0x00, 0x03, 0x00, 0x00, 0x00, 0x3a, 0x00, 0x10, 0x00,
        0x04, 0x00, 0x00, 0x00, 0x36, 0x00, 0x00, 0x05, 0x12, 0x00, 0x10, 0x00,
        0x09, 0x00, 0x00, 0x00, 0x0a, 0x00, 0x10, 0x00, 0x07, 0x00, 0x00, 0x00,
        0x36, 0x00, 0x00, 0x05, 0x22, 0x00, 0x10, 0x00, 0x09, 0x00, 0x00, 0x00,
        0x0a, 0x00, 0x10, 0x00, 0x08, 0x00, 0x00, 0x00, 0x32, 0x00, 0x00, 0x09,
        0x72, 0x00, 0x10, 0x00, 0x05, 0x00, 0x00, 0x00, 0x46, 0x02, 0x10, 0x00,
        0x09, 0x00, 0x00, 0x00, 0xf6, 0x0f, 0x10, 0x00, 0x05, 0x00, 0x00, 0x00,
        0x46, 0x02, 0x10, 0x00, 0x05, 0x00, 0x00, 0x00, 0x32, 0x00, 0x00, 0x09,
        0x12, 0x00, 0x10, 0x00, 0x03, 0x00, 0x00, 0x00, 0x3a, 0x00, 0x10, 0x00,
        0x04, 0x00, 0x00, 0x00, 0x1a, 0x00, 0x10, 0x00, 0x03, 0x00, 0x00, 0x00,
        0x0a, 0x00, 0x10, 0x00, 0x03, 0x00, 0x00, 0x00, 0x00, 0x00, 0x00, 0x0b,
        0xf2, 0x00, 0x10, 0x00, 0x06, 0x00, 0x00, 0x00, 0x86, 0x08, 0x10, 0x80,
        0x41, 0x00, 0x00, 0x00, 0x02, 0x00, 0x00, 0x00, 0x02, 0x40, 0x00, 0x00,
        0x00, 0x00, 0x00, 0x00, 0x00, 0x00, 0x80, 0x3f, 0x00, 0x00, 0x80, 0xbf,
        0x00, 0x00, 0x00, 0x00, 0x0f, 0x00, 0x00, 0x07, 0x22, 0x00, 0x10, 0x00,
        0x11, 0x00, 0x00, 0x00, 0x46, 0x00, 0x10, 0x00, 0x06, 0x00, 0x00, 0x00,
        0x46, 0x00, 0x10, 0x00, 0x0e, 0x00, 0x00, 0x00, 0x38, 0x00, 0x00, 0x07,
        0x32, 0x00, 0x10, 0x00, 0x07, 0x00, 0x00, 0x00, 0x06, 0x00, 0x10, 0x00,
        0x0e, 0x00, 0x00, 0x00, 0xd6, 0x05, 0x10, 0x00, 0x06, 0x00, 0x00, 0x00,
        0x32, 0x00, 0x00, 0x0a, 0xc2, 0x00, 0x10, 0x00, 0x11, 0x00, 0x00, 0x00,
        0x06, 0x08, 0x10, 0x00, 0x06, 0x00, 0x00, 0x00, 0x56, 0x05, 0x10, 0x80,
        0x41, 0x00, 0x00, 0x00, 0x0e, 0x00, 0x00, 0x00, 0x06, 0x04, 0x10, 0x00,
        0x07, 0x00, 0x00, 0x00, 0x38, 0x00, 0x00, 0x07, 0x32, 0x00, 0x10, 0x00,
        0x06, 0x00, 0x00, 0x00, 0x46, 0x00, 0x10, 0x00, 0x0f, 0x00, 0x00, 0x00,
        0x96, 0x05, 0x10, 0x00, 0x11, 0x00, 0x00, 0x00, 0x0f, 0x00, 0x00, 0x07,
        0x22, 0x00, 0x10, 0x00, 0x03, 0x00, 0x00, 0x00, 0x46, 0x00, 0x10, 0x00,
        0x06, 0x00, 0x00, 0x00, 0x46, 0x00, 0x10, 0x00, 0x06, 0x00, 0x00, 0x00,
        0x33, 0x00, 0x00, 0x07, 0x22, 0x00, 0x10, 0x00, 0x03, 0x00, 0x00, 0x00,
        0x3a, 0x00, 0x10, 0x00, 0x02, 0x00, 0x00, 0x00, 0x1a, 0x00, 0x10, 0x00,
        0x03, 0x00, 0x00, 0x00, 0x32, 0x00, 0x00, 0x09, 0x82, 0x00, 0x10, 0x00,
        0x04, 0x00, 0x00, 0x00, 0x1a, 0x00, 0x10, 0x00, 0x03, 0x00, 0x00, 0x00,
        0x01, 0x40, 0x00, 0x00, 0xcd, 0xcc, 0xcc, 0x3e, 0x01, 0x40, 0x00, 0x00,
        0x00, 0x00, 0x80, 0xbf, 0x32, 0x00, 0x00, 0x09, 0x22, 0x00, 0x10, 0x00,
        0x03, 0x00, 0x00, 0x00, 0x2a, 0x00, 0x10, 0x00, 0x0f, 0x00, 0x00, 0x00,
        0x1a, 0x00, 0x10, 0x00, 0x03, 0x00, 0x00, 0x00, 0x01, 0x40, 0x00, 0x00,
        0x00, 0x00, 0x80, 0xbf, 0x38, 0x00, 0x00, 0x07, 0x82, 0x00, 0x10, 0x00,
        0x04, 0x00, 0x00, 0x00, 0x3a, 0x00, 0x10, 0x00, 0x04, 0x00, 0x00, 0x00,
        0x3a, 0x00, 0x10, 0x00, 0x04, 0x00, 0x00, 0x00, 0x38, 0x00, 0x00, 0x07,
        0x22, 0x00, 0x10, 0x00, 0x03, 0x00, 0x00, 0x00, 0x1a, 0x00, 0x10, 0x00,
        0x03, 0x00, 0x00, 0x00, 0x1a, 0x00, 0x10, 0x00, 0x03, 0x00, 0x00, 0x00,
        0x32, 0x00, 0x00, 0x09, 0x82, 0x00, 0x10, 0x00, 0x04, 0x00, 0x00, 0x00,
        0x3a, 0x00, 0x10, 0x00, 0x04, 0x00, 0x00, 0x00, 0x01, 0x40, 0x00, 0x00,
        0x00, 0x00, 0xc8, 0x3f, 0x01, 0x40, 0x00, 0x00, 0x00, 0x00, 0x10, 0xbf,
        0x38, 0x00, 0x00, 0x07, 0x82, 0x00, 0x10, 0x00, 0x05, 0x00, 0x00, 0x00,
        0x1a, 0x00, 0x10, 0x00, 0x03, 0x00, 0x00, 0x00, 0x3a, 0x00, 0x10, 0x00,
        0x04, 0x00, 0x00, 0x00, 0x32, 0x00, 0x00, 0x09, 0x72, 0x00, 0x10, 0x00,
        0x05, 0x00, 0x00, 0x00, 0x46, 0x02, 0x10, 0x00, 0x12, 0x00, 0x00, 0x00,
        0xf6, 0x0f, 0x10, 0x00, 0x05, 0x00, 0x00, 0x00, 0x46, 0x02, 0x10, 0x00,
        0x05, 0x00, 0x00, 0x00, 0x32, 0x00, 0x00, 0x09, 0x12, 0x00, 0x10, 0x00,
        0x03, 0x00, 0x00, 0x00, 0x3a, 0x00, 0x10, 0x00, 0x04, 0x00, 0x00, 0x00,
        0x1a, 0x00, 0x10, 0x00, 0x03, 0x00, 0x00, 0x00, 0x0a, 0x00, 0x10, 0x00,
        0x03, 0x00, 0x00, 0x00, 0x0f, 0x00, 0x00, 0x08, 0x12, 0x00, 0x10, 0x00,
        0x06, 0x00, 0x00, 0x00, 0x86, 0x00, 0x10, 0x80, 0x41, 0x00, 0x00, 0x00,
        0x02, 0x00, 0x00, 0x00, 0x46, 0x00, 0x10, 0x00, 0x0e, 0x00, 0x00, 0x00,
        0x38, 0x00, 0x00, 0x08, 0x22, 0x00, 0x10, 0x00, 0x03, 0x00, 0x00, 0x00,
        0x2a, 0x00, 0x10, 0x80, 0x41, 0x00, 0x00, 0x00, 0x02, 0x00, 0x00, 0x00,
        0x0a, 0x00, 0x10, 0x00, 0x0e, 0x00, 0x00, 0x00, 0x32, 0x00, 0x00, 0x09,
        0x22, 0x00, 0x10, 0x00, 0x06, 0x00, 0x00, 0x00, 0x0a, 0x00, 0x10, 0x00,
        0x02, 0x00, 0x00, 0x00, 0x1a, 0x00, 0x10, 0x00, 0x0e, 0x00, 0x00, 0x00,
        0x1a, 0x00, 0x10, 0x00, 0x03, 0x00, 0x00, 0x00, 0x38, 0x00, 0x00, 0x07,
        0x32, 0x00, 0x10, 0x00, 0x06, 0x00, 0x00, 0x00, 0x46, 0x00, 0x10, 0x00,
        0x0f, 0x00, 0x00, 0x00, 0x46, 0x00, 0x10, 0x00, 0x06, 0x00, 0x00, 0x00,
        0x0f, 0x00, 0x00, 0x07, 0x22, 0x00, 0x10, 0x00, 0x03, 0x00, 0x00, 0x00,
        0x46, 0x00, 0x10, 0x00, 0x06, 0x00, 0x00, 0x00, 0x46, 0x00, 0x10, 0x00,
        0x06, 0x00, 0x00, 0x00, 0x33, 0x00, 0x00, 0x07, 0x22, 0x00, 0x10, 0x00,
        0x03, 0x00, 0x00, 0x00, 0x3a, 0x00, 0x10, 0x00, 0x02, 0x00, 0x00, 0x00,
        0x1a, 0x00, 0x10, 0x00, 0x03, 0x00, 0x00, 0x00, 0x32, 0x00, 0x00, 0x09,
        0x82, 0x00, 0x10, 0x00, 0x04, 0x00, 0x00, 0x00, 0x1a, 0x00, 0x10, 0x00,
        0x03, 0x00, 0x00, 0x00, 0x01, 0x40, 0x00, 0x00, 0xcd, 0xcc, 0xcc, 0x3e,
        0x01, 0x40, 0x00, 0x00, 0x00, 0x00, 0x80, 0xbf, 0x32, 0x00, 0x00, 0x09,
        0x22, 0x00, 0x10, 0x00, 0x03, 0x00, 0x00, 0x00, 0x2a, 0x00, 0x10, 0x00,
        0x0f, 0x00, 0x00, 0x00, 0x1a, 0x00, 0x10, 0x00, 0x03, 0x00, 0x00, 0x00,
        0x01, 0x40, 0x00, 0x00, 0x00, 0x00, 0x80, 0xbf, 0x38, 0x00, 0x00, 0x07,
        0x82, 0x00, 0x10, 0x00, 0x04, 0x00, 0x00, 0x00, 0x3a, 0x00, 0x10, 0x00,
        0x04, 0x00, 0x00, 0x00, 0x3a, 0x00, 0x10, 0x00, 0x04, 0x00, 0x00, 0x00,
        0x38, 0x00, 0x00, 0x07, 0x22, 0x00, 0x10, 0x00, 0x03, 0x00, 0x00, 0x00,
        0x1a, 0x00, 0x10, 0x00, 0x03, 0x00, 0x00, 0x00, 0x1a, 0x00, 0x10, 0x00,
        0x03, 0x00, 0x00, 0x00, 0x32, 0x00, 0x00, 0x09, 0x82, 0x00, 0x10, 0x00,
        0x04, 0x00, 0x00, 0x00, 0x3a, 0x00, 0x10, 0x00, 0x04, 0x00, 0x00, 0x00,
        0x01, 0x40, 0x00, 0x00, 0x00, 0x00, 0xc8, 0x3f, 0x01, 0x40, 0x00, 0x00,
        0x00, 0x00, 0x10, 0xbf, 0x38, 0x00, 0x00, 0x07, 0x82, 0x00, 0x10, 0x00,
        0x05, 0x00, 0x00, 0x00, 0x1a, 0x00, 0x10, 0x00, 0x03, 0x00, 0x00, 0x00,
        0x3a, 0x00, 0x10, 0x00, 0x04, 0x00, 0x00, 0x00, 0x32, 0x00, 0x00, 0x09,
        0x72, 0x00, 0x10, 0x00, 0x05, 0x00, 0x00, 0x00, 0x46, 0x02, 0x10, 0x00,
        0x14, 0x00, 0x00, 0x00, 0xf6, 0x0f, 0x10, 0x00, 0x05, 0x00, 0x00, 0x00,
        0x46, 0x02, 0x10, 0x00, 0x05, 0x00, 0x00, 0x00, 0x32, 0x00, 0x00, 0x09,
        0x12, 0x00, 0x10, 0x00, 0x03, 0x00, 0x00, 0x00, 0x3a, 0x00, 0x10, 0x00,
        0x04, 0x00, 0x00, 0x00, 0x1a, 0x00, 0x10, 0x00, 0x03, 0x00, 0x00, 0x00,
        0x0a, 0x00, 0x10, 0x00, 0x03, 0x00, 0x00, 0x00, 0x0f, 0x00, 0x00, 0x07,
        0x12, 0x00, 0x10, 0x00, 0x11, 0x00, 0x00, 0x00, 0xe6, 0x0a, 0x10, 0x00,
        0x06, 0x00, 0x00, 0x00, 0x46, 0x00, 0x10, 0x00, 0x0e, 0x00, 0x00, 0x00,
        0x38, 0x00, 0x00, 0x07, 0x32, 0x00, 0x10, 0x00, 0x06, 0x00, 0x00, 0x00,
        0x46, 0x00, 0x10, 0x00, 0x0f, 0x00, 0x00, 0x00, 0xc6, 0x00, 0x10, 0x00,
        0x11, 0x00, 0x00, 0x00, 0x0f, 0x00, 0x00, 0x07, 0x22, 0x00, 0x10, 0x00,
        0x03, 0x00, 0x00, 0x00, 0x46, 0x00, 0x10, 0x00, 0x06, 0x00, 0x00, 0x00,
        0x46, 0x00, 0x10, 0x00, 0x06, 0x00, 0x00, 0x00, 0x33, 0x00, 0x00, 0x07,
        0x22, 0x00, 0x10, 0x00, 0x03, 0x00, 0x00, 0x00, 0x3a, 0x00, 0x10, 0x00,
        0x02, 0x00, 0x00, 0x00, 0x1a, 0x00, 0x10, 0x00, 0x03, 0x00, 0x00, 0x00,
        0x32, 0x00, 0x00, 0x09, 0x82, 0x00, 0x10, 0x00, 0x04, 0x00, 0x00, 0x00,
        0x1a, 0x00, 0x10, 0x00, 0x03, 0x00, 0x00, 0x00, 0x01, 0x40, 0x00, 0x00,
        0xcd, 0xcc, 0xcc, 0x3e, 0x01, 0x40, 0x00, 0x00, 0x00, 0x00, 0x80, 0xbf,
        0x32, 0x00, 0x00, 0x09, 0x22, 0x00, 0x10, 0x00, 0x03, 0x00, 0x00, 0x00,
        0x2a, 0x00, 0x10, 0x00, 0x0f, 0x00, 0x00, 0x00, 0x1a, 0x00, 0x10, 0x00,
        0x03, 0x00, 0x00, 0x00, 0x01, 0x40, 0x00, 0x00, 0x00, 0x00, 0x80, 0xbf,
        0x38, 0x00, 0x00, 0x07, 0x82, 0x00, 0x10, 0x00, 0x04, 0x00, 0x00, 0x00,
        0x3a, 0x00, 0x10, 0x00, 0x04, 0x00, 0x00, 0x00, 0x3a, 0x00, 0x10, 0x00,
        0x04, 0x00, 0x00, 0x00, 0x38, 0x00, 0x00, 0x07, 0x22, 0x00, 0x10, 0x00,
        0x03, 0x00, 0x00, 0x00, 0x1a, 0x00, 0x10, 0x00, 0x03, 0x00, 0x00, 0x00,
        0x1a, 0x00, 0x10, 0x00, 0x03, 0x00, 0x00, 0x00, 0x32, 0x00, 0x00, 0x09,
        0x82, 0x00, 0x10, 0x00, 0x04, 0x00, 0x00, 0x00, 0x3a, 0x00, 0x10, 0x00,
        0x04, 0x00, 0x00, 0x00, 0x01, 0x40, 0x00, 0x00, 0x00, 0x00, 0xc8, 0x3f,
        0x01, 0x40, 0x00, 0x00, 0x00, 0x00, 0x10, 0xbf, 0x38, 0x00, 0x00, 0x07,
        0x82, 0x00, 0x10, 0x00, 0x05, 0x00, 0x00, 0x00, 0x1a, 0x00, 0x10, 0x00,
        0x03, 0x00, 0x00, 0x00, 0x3a, 0x00, 0x10, 0x00, 0x04, 0x00, 0x00, 0x00,
        0x36, 0x00, 0x00, 0x05, 0x42, 0x00, 0x10, 0x00, 0x09, 0x00, 0x00, 0x00,
        0x3a, 0x00, 0x10, 0x00, 0x07, 0x00, 0x00, 0x00, 0x36, 0x00, 0x00, 0x05,
        0x12, 0x00, 0x10, 0x00, 0x09, 0x00, 0x00, 0x00, 0x3a, 0x00, 0x10, 0x00,
        0x08, 0x00, 0x00, 0x00, 0x32, 0x00, 0x00, 0x09, 0x72, 0x00, 0x10, 0x00,
        0x05, 0x00, 0x00, 0x00, 0x26, 0x0b, 0x10, 0x00, 0x09, 0x00, 0x00, 0x00,
        0xf6, 0x0f, 0x10, 0x00, 0x05, 0x00, 0x00, 0x00, 0x46, 0x02, 0x10, 0x00,
        0x05, 0x00, 0x00, 0x00, 0x32, 0x00, 0x00, 0x09, 0x12, 0x00, 0x10, 0x00,
        0x03, 0x00, 0x00, 0x00, 0x3a, 0x00, 0x10, 0x00, 0x04, 0x00, 0x00, 0x00,
        0x1a, 0x00, 0x10, 0x00, 0x03, 0x00, 0x00, 0x00, 0x0a, 0x00, 0x10, 0x00,
        0x03, 0x00, 0x00, 0x00, 0x00, 0x00, 0x00, 0x0b, 0xf2, 0x00, 0x10, 0x00,
        0x06, 0x00, 0x00, 0x00, 0x86, 0x08, 0x10, 0x80, 0x41, 0x00, 0x00, 0x00,
        0x02, 0x00, 0x00, 0x00, 0x02, 0x40, 0x00, 0x00, 0x00, 0x00, 0x80, 0x3f,
        0x00, 0x00, 0x80, 0x3f, 0x00, 0x00, 0x00, 0x40, 0x00, 0x00, 0x80, 0x3f,
        0x0f, 0x00, 0x00, 0x07, 0x22, 0x00, 0x10, 0x00, 0x07, 0x00, 0x00, 0x00,
        0x46, 0x00, 0x10, 0x00, 0x06, 0x00, 0x00, 0x00, 0x46, 0x00, 0x10, 0x00,
        0x0e, 0x00, 0x00, 0x00, 0x38, 0x00, 0x00, 0x07, 0x32, 0x00, 0x10, 0x00,
        0x08, 0x00, 0x00, 0x00, 0x06, 0x00, 0x10, 0x00, 0x0e, 0x00, 0x00, 0x00,
        0xd6, 0x05, 0x10, 0x00, 0x06, 0x00, 0x00, 0x00, 0x32, 0x00, 0x00, 0x0a,
        0xc2, 0x00, 0x10, 0x00, 0x07, 0x00, 0x00, 0x00, 0x06, 0x08, 0x10, 0x00,
        0x06, 0x00, 0x00, 0x00, 0x56, 0x05, 0x10, 0x80, 0x41, 0x00, 0x00, 0x00,
        0x0e, 0x00, 0x00, 0x00, 0x06, 0x04, 0x10, 0x00, 0x08, 0x00, 0x00, 0x00,
        0x38, 0x00, 0x00, 0x07, 0x32, 0x00, 0x10, 0x00, 0x06, 0x00, 0x00, 0x00,
        0x46, 0x00, 0x10, 0x00, 0x0f, 0x00, 0x00, 0x00, 0x96, 0x05, 0x10, 0x00,
        0x07, 0x00, 0x00, 0x00, 0x0f, 0x00, 0x00, 0x07, 0x22, 0x00, 0x10, 0x00,
        0x03, 0x00, 0x00, 0x00, 0x46, 0x00, 0x10, 0x00, 0x06, 0x00, 0x00, 0x00,
        0x46, 0x00, 0x10, 0x00, 0x06, 0x00, 0x00, 0x00, 0x33, 0x00, 0x00, 0x07,
        0x22, 0x00, 0x10, 0x00, 0x03, 0x00, 0x00, 0x00, 0x3a, 0x00, 0x10, 0x00,
        0x02, 0x00, 0x00, 0x00, 0x1a, 0x00, 0x10, 0x00, 0x03, 0x00, 0x00, 0x00,
        0x32, 0x00, 0x00, 0x09, 0x82, 0x00, 0x10, 0x00, 0x04, 0x00, 0x00, 0x00,
        0x1a, 0x00, 0x10, 0x00, 0x03, 0x00, 0x00, 0x00, 0x01, 0x40, 0x00, 0x00,
        0xcd, 0xcc, 0xcc, 0x3e, 0x01, 0x40, 0x00, 0x00, 0x00, 0x00, 0x80, 0xbf,
        0x32, 0x00, 0x00, 0x09, 0x22, 0x00, 0x10, 0x00, 0x03, 0x00, 0x00, 0x00,
        0x2a, 0x00, 0x10, 0x00, 0x0f, 0x00, 0x00, 0x00, 0x1a, 0x00, 0x10, 0x00,
        0x03, 0x00, 0x00, 0x00, 0x01, 0x40, 0x00, 0x00, 0x00, 0x00, 0x80, 0xbf,
        0x38, 0x00, 0x00, 0x07, 0x82, 0x00, 0x10, 0x00, 0x04, 0x00, 0x00, 0x00,
        0x3a, 0x00, 0x10, 0x00, 0x04, 0x00, 0x00, 0x00, 0x3a, 0x00, 0x10, 0x00,
        0x04, 0x00, 0x00, 0x00, 0x38, 0x00, 0x00, 0x07, 0x22, 0x00, 0x10, 0x00,
        0x03, 0x00, 0x00, 0x00, 0x1a, 0x00, 0x10, 0x00, 0x03, 0x00, 0x00, 0x00,
        0x1a, 0x00, 0x10, 0x00, 0x03, 0x00, 0x00, 0x00, 0x32, 0x00, 0x00, 0x09,
        0x82, 0x00, 0x10, 0x00, 0x04, 0x00, 0x00, 0x00, 0x3a, 0x00, 0x10, 0x00,
        0x04, 0x00, 0x00, 0x00, 0x01, 0x40, 0x00, 0x00, 0x00, 0x00, 0xc8, 0x3f,
        0x01, 0x40, 0x00, 0x00, 0x00, 0x00, 0x10, 0xbf, 0x38, 0x00, 0x00, 0x07,
        0x82, 0x00, 0x10, 0x00, 0x05, 0x00, 0x00, 0x00, 0x1a, 0x00, 0x10, 0x00,
        0x03, 0x00, 0x00, 0x00, 0x3a, 0x00, 0x10, 0x00, 0x04, 0x00, 0x00, 0x00,
        0x32, 0x00, 0x00, 0x09, 0x72, 0x00, 0x10, 0x00, 0x05, 0x00, 0x00, 0x00,
        0x46, 0x02, 0x10, 0x00, 0x15, 0x00, 0x00, 0x00, 0xf6, 0x0f, 0x10, 0x00,
        0x05, 0x00, 0x00, 0x00, 0x46, 0x02, 0x10, 0x00, 0x05, 0x00, 0x00, 0x00,
        0x32, 0x00, 0x00, 0x09, 0x12, 0x00, 0x10, 0x00, 0x03, 0x00, 0x00, 0x00,
        0x3a, 0x00, 0x10, 0x00, 0x04, 0x00, 0x00, 0x00, 0x1a, 0x00, 0x10, 0x00,
        0x03, 0x00, 0x00, 0x00, 0x0a, 0x00, 0x10, 0x00, 0x03, 0x00, 0x00, 0x00,
        0x0f, 0x00, 0x00, 0x07, 0x12, 0x00, 0x10, 0x00, 0x07, 0x00, 0x00, 0x00,
        0xe6, 0x0a, 0x10, 0x00, 0x06, 0x00, 0x00, 0x00, 0x46, 0x00, 0x10, 0x00,
        0x0e, 0x00, 0x00, 0x00, 0x38, 0x00, 0x00, 0x07, 0x32, 0x00, 0x10, 0x00,
        0x06, 0x00, 0x00, 0x00, 0x46, 0x00, 0x10, 0x00, 0x0f, 0x00, 0x00, 0x00,
        0xc6, 0x00, 0x10, 0x00, 0x07, 0x00, 0x00, 0x00, 0x0f, 0x00, 0x00, 0x07,
        0x22, 0x00, 0x10, 0x00, 0x03, 0x00, 0x00, 0x00, 0x46, 0x00, 0x10, 0x00,
        0x06, 0x00, 0x00, 0x00, 0x46, 0x00, 0x10, 0x00, 0x06, 0x00, 0x00, 0x00,
        0x33, 0x00, 0x00, 0x07, 0x22, 0x00, 0x10, 0x00, 0x03, 0x00, 0x00, 0x00,
        0x3a, 0x00, 0x10, 0x00, 0x02, 0x00, 0x00, 0x00, 0x1a, 0x00, 0x10, 0x00,
        0x03, 0x00, 0x00, 0x00, 0x32, 0x00, 0x00, 0x09, 0x82, 0x00, 0x10, 0x00,
        0x04, 0x00, 0x00, 0x00, 0x1a, 0x00, 0x10, 0x00, 0x03, 0x00, 0x00, 0x00,
        0x01, 0x40, 0x00, 0x00, 0xcd, 0xcc, 0xcc, 0x3e, 0x01, 0x40, 0x00, 0x00,
        0x00, 0x00, 0x80, 0xbf, 0x32, 0x00, 0x00, 0x09, 0x22, 0x00, 0x10, 0x00,
        0x03, 0x00, 0x00, 0x00, 0x2a, 0x00, 0x10, 0x00, 0x0f, 0x00, 0x00, 0x00,
        0x1a, 0x00, 0x10, 0x00, 0x03, 0x00, 0x00, 0x00, 0x01, 0x40, 0x00, 0x00,
        0x00, 0x00, 0x80, 0xbf, 0x38, 0x00, 0x00, 0x07, 0x82, 0x00, 0x10, 0x00,
        0x04, 0x00, 0x00, 0x00, 0x3a, 0x00, 0x10, 0x00, 0x04, 0x00, 0x00, 0x00,
        0x3a, 0x00, 0x10, 0x00, 0x04, 0x00, 0x00, 0x00, 0x38, 0x00, 0x00, 0x07,
        0x22, 0x00, 0x10, 0x00, 0x03, 0x00, 0x00, 0x00, 0x1a, 0x00, 0x10, 0x00,
        0x03, 0x00, 0x00, 0x00, 0x1a, 0x00, 0x10, 0x00, 0x03, 0x00, 0x00, 0x00,
        0x32, 0x00, 0x00, 0x09, 0x82, 0x00, 0x10, 0x00, 0x04, 0x00, 0x00, 0x00,
        0x3a, 0x00, 0x10, 0x00, 0x04, 0x00, 0x00, 0x00, 0x01, 0x40, 0x00, 0x00,
        0x00, 0x00, 0xc8, 0x3f, 0x01, 0x40, 0x00, 0x00, 0x00, 0x00, 0x10, 0xbf,
        0x38, 0x00, 0x00, 0x07, 0x82, 0x00, 0x10, 0x00, 0x05, 0x00, 0x00, 0x00,
        0x1a, 0x00, 0x10, 0x00, 0x03, 0x00, 0x00, 0x00, 0x3a, 0x00, 0x10, 0x00,
        0x04, 0x00, 0x00, 0x00, 0x36, 0x00, 0x00, 0x05, 0x12, 0x00, 0x10, 0x00,
        0x06, 0x00, 0x00, 0x00, 0x1a, 0x00, 0x10, 0x00, 0x0a, 0x00, 0x00, 0x00,
        0x36, 0x00, 0x00, 0x05, 0x22, 0x00, 0x10, 0x00, 0x06, 0x00, 0x00, 0x00,
        0x1a, 0x00, 0x10, 0x00, 0x0b, 0x00, 0x00, 0x00, 0x36, 0x00, 0x00, 0x05,
        0x42, 0x00, 0x10, 0x00, 0x06, 0x00, 0x00, 0x00, 0x1a, 0x00, 0x10, 0x00,
        0x04, 0x00, 0x00, 0x00, 0x32, 0x00, 0x00, 0x09, 0x72, 0x00, 0x10, 0x00,
        0x05, 0x00, 0x00, 0x00, 0x46, 0x02, 0x10, 0x00, 0x06, 0x00, 0x00, 0x00,
        0xf6, 0x0f, 0x10, 0x00, 0x05, 0x00, 0x00, 0x00, 0x46, 0x02, 0x10, 0x00,
        0x05, 0x00, 0x00, 0x00, 0x32, 0x00, 0x00, 0x09, 0x12, 0x00, 0x10, 0x00,
        0x03, 0x00, 0x00, 0x00, 0x3a, 0x00, 0x10, 0x00, 0x04, 0x00, 0x00, 0x00,
        0x1a, 0x00, 0x10, 0x00, 0x03, 0x00, 0x00, 0x00, 0x0a, 0x00, 0x10, 0x00,
        0x03, 0x00, 0x00, 0x00, 0x00, 0x00, 0x00, 0x0b, 0xf2, 0x00, 0x10, 0x00,
        0x06, 0x00, 0x00, 0x00, 0x86, 0x08, 0x10, 0x80, 0x41, 0x00, 0x00, 0x00,
        0x02, 0x00, 0x00, 0x00, 0x02, 0x40, 0x00, 0x00, 0x00, 0x00, 0x00, 0x40,
        0x00, 0x00, 0x00, 0x00, 0x00, 0x00, 0x80, 0x3f, 0x00, 0x00, 0x00, 0x00,
        0x0f, 0x00, 0x00, 0x07, 0x22, 0x00, 0x10, 0x00, 0x07, 0x00, 0x00, 0x00,
        0x46, 0x00, 0x10, 0x00, 0x06, 0x00, 0x00, 0x00, 0x46, 0x00, 0x10, 0x00,
        0x0e, 0x00, 0x00, 0x00, 0x38, 0x00, 0x00, 0x07, 0x32, 0x00, 0x10, 0x00,
        0x08, 0x00, 0x00, 0x00, 0x06, 0x00, 0x10, 0x00, 0x0e, 0x00, 0x00, 0x00,
        0xd6, 0x05, 0x10, 0x00, 0x06, 0x00, 0x00, 0x00, 0x32, 0x00, 0x00, 0x0a,
        0xc2, 0x00, 0x10, 0x00, 0x07, 0x00, 0x00, 0x00, 0x06, 0x08, 0x10, 0x00,
        0x06, 0x00, 0x00, 0x00, 0x56, 0x05, 0x10, 0x80, 0x41, 0x00, 0x00, 0x00,
        0x0e, 0x00, 0x00, 0x00, 0x06, 0x04, 0x10, 0x00, 0x08, 0x00, 0x00, 0x00,
        0x38, 0x00, 0x00, 0x07, 0x32, 0x00, 0x10, 0x00, 0x06, 0x00, 0x00, 0x00,
        0x46, 0x00, 0x10, 0x00, 0x0f, 0x00, 0x00, 0x00, 0x96, 0x05, 0x10, 0x00,
        0x07, 0x00, 0x00, 0x00, 0x0f, 0x00, 0x00, 0x07, 0x22, 0x00, 0x10, 0x00,
        0x03, 0x00, 0x00, 0x00, 0x46, 0x00, 0x10, 0x00, 0x06, 0x00, 0x00, 0x00,
        0x46, 0x00, 0x10, 0x00, 0x06, 0x00, 0x00, 0x00, 0x33, 0x00, 0x00, 0x07,
        0x22, 0x00, 0x10, 0x00, 0x03, 0x00, 0x00, 0x00, 0x3a, 0x00, 0x10, 0x00,
        0x02, 0x00, 0x00, 0x00, 0x1a, 0x00, 0x10, 0x00, 0x03, 0x00, 0x00, 0x00,
        0x32, 0x00, 0x00, 0x09, 0x82, 0x00, 0x10, 0x00, 0x04, 0x00, 0x00, 0x00,
        0x1a, 0x00, 0x10, 0x00, 0x03, 0x00, 0x00, 0x00, 0x01, 0x40, 0x00, 0x00,
        0xcd, 0xcc, 0xcc, 0x3e, 0x01, 0x40, 0x00, 0x00, 0x00, 0x00, 0x80, 0xbf,
        0x32, 0x00, 0x00, 0x09, 0x22, 0x00, 0x10, 0x00, 0x03, 0x00, 0x00, 0x00,
        0x2a, 0x00, 0x10, 0x00, 0x0f, 0x00, 0x00, 0x00, 0x1a, 0x00, 0x10, 0x00,
        0x03, 0x00, 0x00, 0x00, 0x01, 0x40, 0x00, 0x00, 0x00, 0x00, 0x80, 0xbf,
        0x38, 0x00, 0x00, 0x07, 0x82, 0x00, 0x10, 0x00, 0x04, 0x00, 0x00, 0x00,
        0x3a, 0x00, 0x10, 0x00, 0x04, 0x00, 0x00, 0x00, 0x3a, 0x00, 0x10, 0x00,
        0x04, 0x00, 0x00, 0x00, 0x38, 0x00, 0x00, 0x07, 0x22, 0x00, 0x10, 0x00,
        0x03, 0x00, 0x00, 0x00, 0x1a, 0x00, 0x10, 0x00, 0x03, 0x00, 0x00, 0x00,
        0x1a, 0x00, 0x10, 0x00, 0x03, 0x00, 0x00, 0x00, 0x32, 0x00, 0x00, 0x09,
        0x82, 0x00, 0x10, 0x00, 0x04, 0x00, 0x00, 0x00, 0x3a, 0x00, 0x10, 0x00,
        0x04, 0x00, 0x00, 0x00, 0x01, 0x40, 0x00, 0x00, 0x00, 0x00, 0xc8, 0x3f,
        0x01, 0x40, 0x00, 0x00, 0x00, 0x00, 0x10, 0xbf, 0x38, 0x00, 0x00, 0x07,
        0x82, 0x00, 0x10, 0x00, 0x05, 0x00, 0x00, 0x00, 0x1a, 0x00, 0x10, 0x00,
        0x03, 0x00, 0x00, 0x00, 0x3a, 0x00, 0x10, 0x00, 0x04, 0x00, 0x00, 0x00,
        0x36, 0x00, 0x00, 0x05, 0x12, 0x00, 0x10, 0x00, 0x04, 0x00, 0x00, 0x00,
        0x2a, 0x00, 0x10, 0x00, 0x0a, 0x00, 0x00, 0x00, 0x36, 0x00, 0x00, 0x05,
        0x22, 0x00, 0x10, 0x00, 0x04, 0x00, 0x00, 0x00, 0x2a, 0x00, 0x10, 0x00,
        0x0b, 0x00, 0x00, 0x00, 0x32, 0x00, 0x00, 0x09, 0x72, 0x00, 0x10, 0x00,
        0x04, 0x00, 0x00, 0x00, 0x46, 0x02, 0x10, 0x00, 0x04, 0x00, 0x00, 0x00,
        0xf6, 0x0f, 0x10, 0x00, 0x05, 0x00, 0x00, 0x00, 0x46, 0x02, 0x10, 0x00,
        0x05, 0x00, 0x00, 0x00, 0x32, 0x00, 0x00, 0x09, 0x12, 0x00, 0x10, 0x00,
        0x03, 0x00, 0x00, 0x00, 0x3a, 0x00, 0x10, 0x00, 0x04, 0x00, 0x00, 0x00,
        0x1a, 0x00, 0x10, 0x00, 0x03, 0x00, 0x00, 0x00, 0x0a, 0x00, 0x10, 0x00,
        0x03, 0x00, 0x00, 0x00, 0x0f, 0x00, 0x00, 0x07, 0x12, 0x00, 0x10, 0x00,
        0x07, 0x00, 0x00, 0x00, 0xe6, 0x0a, 0x10, 0x00, 0x06, 0x00, 0x00, 0x00,
        0x46, 0x00, 0x10, 0x00, 0x0e, 0x00, 0x00, 0x00, 0x38, 0x00, 0x00, 0x07,
        0x32, 0x00, 0x10, 0x00, 0x05, 0x00, 0x00, 0x00, 0x46, 0x00, 0x10, 0x00,
        0x0f, 0x00, 0x00, 0x00, 0xc6, 0x00, 0x10, 0x00, 0x07, 0x00, 0x00, 0x00,
        0x0f, 0x00, 0x00, 0x07, 0x22, 0x00, 0x10, 0x00, 0x03, 0x00, 0x00, 0x00,
        0x46, 0x00, 0x10, 0x00, 0x05, 0x00, 0x00, 0x00, 0x46, 0x00, 0x10, 0x00,
        0x05, 0x00, 0x00, 0x00, 0x33, 0x00, 0x00, 0x07, 0x22, 0x00, 0x10, 0x00,
        0x03, 0x00, 0x00, 0x00, 0x3a, 0x00, 0x10, 0x00, 0x02, 0x00, 0x00, 0x00,
        0x1a, 0x00, 0x10, 0x00, 0x03, 0x00, 0x00, 0x00, 0x32, 0x00, 0x00, 0x09,
        0x82, 0x00, 0x10, 0x00, 0x04, 0x00, 0x00, 0x00, 0x1a, 0x00, 0x10, 0x00,
        0x03, 0x00, 0x00, 0x00, 0x01, 0x40, 0x00, 0x00, 0xcd, 0xcc, 0xcc, 0x3e,
        0x01, 0x40, 0x00, 0x00, 0x00, 0x00, 0x80, 0xbf, 0x32, 0x00, 0x00, 0x09,
        0x22, 0x00, 0x10, 0x00, 0x03, 0x00, 0x00, 0x00, 0x2a, 0x00, 0x10, 0x00,
        0x0f, 0x00, 0x00, 0x00, 0x1a, 0x00, 0x10, 0x00, 0x03, 0x00, 0x00, 0x00,
        0x01, 0x40, 0x00, 0x00, 0x00, 0x00, 0x80, 0xbf, 0x38, 0x00, 0x00, 0x07,
        0x82, 0x00, 0x10, 0x00, 0x04, 0x00, 0x00, 0x00, 0x3a, 0x00, 0x10, 0x00,
        0x04, 0x00, 0x00, 0x00, 0x3a, 0x00, 0x10, 0x00, 0x04, 0x00, 0x00, 0x00,
        0x38, 0x00, 0x00, 0x07, 0x22, 0x00, 0x10, 0x00, 0x03, 0x00, 0x00, 0x00,
        0x1a, 0x00, 0x10, 0x00, 0x03, 0x00, 0x00, 0x00, 0x1a, 0x00, 0x10, 0x00,
        0x03, 0x00, 0x00, 0x00, 0x32, 0x00, 0x00, 0x09, 0x82, 0x00, 0x10, 0x00,
        0x04, 0x00, 0x00, 0x00, 0x3a, 0x00, 0x10, 0x00, 0x04, 0x00, 0x00, 0x00,
        0x01, 0x40, 0x00, 0x00, 0x00, 0x00, 0xc8, 0x3f, 0x01, 0x40, 0x00, 0x00,
        0x00, 0x00, 0x10, 0xbf, 0x38, 0x00, 0x00, 0x07, 0x12, 0x00, 0x10, 0x00,
        0x05, 0x00, 0x00, 0x00, 0x1a, 0x00, 0x10, 0x00, 0x03, 0x00, 0x00, 0x00,
        0x3a, 0x00, 0x10, 0x00, 0x04, 0x00, 0x00, 0x00, 0x32, 0x00, 0x00, 0x09,
        0x72, 0x00, 0x10, 0x00, 0x04, 0x00, 0x00, 0x00, 0x46, 0x02, 0x10, 0x00,
        0x10, 0x00, 0x00, 0x00, 0x06, 0x00, 0x10, 0x00, 0x05, 0x00, 0x00, 0x00,
        0x46, 0x02, 0x10, 0x00, 0x04, 0x00, 0x00, 0x00, 0x32, 0x00, 0x00, 0x09,
        0x12, 0x00, 0x10, 0x00, 0x03, 0x00, 0x00, 0x00, 0x3a, 0x00, 0x10, 0x00,
        0x04, 0x00, 0x00, 0x00, 0x1a, 0x00, 0x10, 0x00, 0x03, 0x00, 0x00, 0x00,
        0x0a, 0x00, 0x10, 0x00, 0x03, 0x00, 0x00, 0x00, 0x00, 0x00, 0x00, 0x0b,
        0xf2, 0x00, 0x10, 0x00, 0x05, 0x00, 0x00, 0x00, 0x86, 0x08, 0x10, 0x80,
        0x41, 0x00, 0x00, 0x00, 0x02, 0x00, 0x00, 0x00, 0x02, 0x40, 0x00, 0x00,
        0x00, 0x00, 0x80, 0x3f, 0x00, 0x00, 0x00, 0x40, 0x00, 0x00, 0x00, 0x00,
        0x00, 0x00, 0x00, 0x40, 0x0f, 0x00, 0x00, 0x07, 0x22, 0x00, 0x10, 0x00,
        0x06, 0x00, 0x00, 0x00, 0x46, 0x00, 0x10, 0x00, 0x05, 0x00, 0x00, 0x00,
        0x46, 0x00, 0x10, 0x00, 0x0e, 0x00, 0x00, 0x00, 0x38, 0x00, 0x00, 0x07,
        0x52, 0x00, 0x10, 0x00, 0x02, 0x00, 0x00, 0x00, 0x06, 0x00, 0x10, 0x00,
        0x0e, 0x00, 0x00, 0x00, 0x56, 0x07, 0x10, 0x00, 0x05, 0x00, 0x00, 0x00,
        0x32, 0x00, 0x00, 0x0a, 0xc2, 0x00, 0x10, 0x00, 0x06, 0x00, 0x00, 0x00,
        0x06, 0x08, 0x10, 0x00, 0x05, 0x00, 0x00, 0x00, 0x56, 0x05, 0x10, 0x80,
        0x41, 0x00, 0x00, 0x00, 0x0e, 0x00, 0x00, 0x00, 0x06, 0x08, 0x10, 0x00,
        0x02, 0x00, 0x00, 0x00, 0x38, 0x00, 0x00, 0x07, 0x52, 0x00, 0x10, 0x00,
        0x02, 0x00, 0x00, 0x00, 0x06, 0x01, 0x10, 0x00, 0x0f, 0x00, 0x00, 0x00,
        0x56, 0x06, 0x10, 0x00, 0x06, 0x00, 0x00, 0x00, 0x0f, 0x00, 0x00, 0x07,
        0x12, 0x00, 0x10, 0x00, 0x02, 0x00, 0x00, 0x00, 0x86, 0x00, 0x10, 0x00,
        0x02, 0x00, 0x00, 0x00, 0x86, 0x00, 0x10, 0x00, 0x02, 0x00, 0x00, 0x00,
        0x33, 0x00, 0x00, 0x07, 0x12, 0x00, 0x10, 0x00, 0x02, 0x00, 0x00, 0x00,
        0x3a, 0x00, 0x10, 0x00, 0x02, 0x00, 0x00, 0x00, 0x0a, 0x00, 0x10, 0x00,
        0x02, 0x00, 0x00, 0x00, 0x32, 0x00, 0x00, 0x09, 0x42, 0x00, 0x10, 0x00,
        0x02, 0x00, 0x00, 0x00, 0x0a, 0x00, 0x10, 0x00, 0x02, 0x00, 0x00, 0x00,
        0x01, 0x40, 0x00, 0x00, 0xcd, 0xcc, 0xcc, 0x3e, 0x01, 0x40, 0x00, 0x00,
        0x00, 0x00, 0x80, 0xbf, 0x32, 0x00, 0x00, 0x09, 0x12, 0x00, 0x10, 0x00,
        0x02, 0x00, 0x00, 0x00, 0x2a, 0x00, 0x10, 0x00, 0x0f, 0x00, 0x00, 0x00,
        0x0a, 0x00, 0x10, 0x00, 0x02, 0x00, 0x00, 0x00, 0x01, 0x40, 0x00, 0x00,
        0x00, 0x00, 0x80, 0xbf, 0x38, 0x00, 0x00, 0x07, 0x52, 0x00, 0x10, 0x00,
        0x02, 0x00, 0x00, 0x00, 0x06, 0x02, 0x10, 0x00, 0x02, 0x00, 0x00, 0x00,
        0x06, 0x02, 0x10, 0x00, 0x02, 0x00, 0x00, 0x00, 0x32, 0x00, 0x00, 0x09,
        0x42, 0x00, 0x10, 0x00, 0x02, 0x00, 0x00, 0x00, 0x2a, 0x00, 0x10, 0x00,
        0x02, 0x00, 0x00, 0x00, 0x01, 0x40, 0x00, 0x00, 0x00, 0x00, 0xc8, 0x3f,
        0x01, 0x40, 0x00, 0x00, 0x00, 0x00, 0x10, 0xbf, 0x38, 0x00, 0x00, 0x07,
        0x22, 0x00, 0x10, 0x00, 0x03, 0x00, 0x00, 0x00, 0x0a, 0x00, 0x10, 0x00,
        0x02, 0x00, 0x00, 0x00, 0x2a, 0x00, 0x10, 0x00, 0x02, 0x00, 0x00, 0x00,
        0x36, 0x00, 0x00, 0x05, 0x42, 0x00, 0x10, 0x00, 0x0c, 0x00, 0x00, 0x00,
        0x0a, 0x00, 0x10, 0x00, 0x0d, 0x00, 0x00, 0x00, 0x36, 0x00, 0x00, 0x05,
        0x82, 0x00, 0x10, 0x00, 0x0c, 0x00, 0x00, 0x00, 0x2a, 0x00, 0x10, 0x00,
        0x03, 0x00, 0x00, 0x00, 0x32, 0x00, 0x00, 0x09, 0x72, 0x00, 0x10, 0x00,
        0x04, 0x00, 0x00, 0x00, 0x86, 0x03, 0x10, 0x00, 0x0c, 0x00, 0x00, 0x00,
        0x56, 0x05, 0x10, 0x00, 0x03, 0x00, 0x00, 0x00, 0x46, 0x02, 0x10, 0x00,
        0x04, 0x00, 0x00, 0x00, 0x32, 0x00, 0x00, 0x09, 0x12, 0x00, 0x10, 0x00,
        0x02, 0x00, 0x00, 0x00, 0x2a, 0x00, 0x10, 0x00, 0x02, 0x00, 0x00, 0x00,
        0x0a, 0x00, 0x10, 0x00, 0x02, 0x00, 0x00, 0x00, 0x0a, 0x00, 0x10, 0x00,
        0x03, 0x00, 0x00, 0x00, 0x0f, 0x00, 0x00, 0x07, 0x12, 0x00, 0x10, 0x00,
        0x06, 0x00, 0x00, 0x00, 0xe6, 0x0a, 0x10, 0x00, 0x05, 0x00, 0x00, 0x00,
        0x46, 0x00, 0x10, 0x00, 0x0e, 0x00, 0x00, 0x00, 0x38, 0x00, 0x00, 0x07,
        0x32, 0x00, 0x10, 0x00, 0x03, 0x00, 0x00, 0x00, 0x46, 0x00, 0x10, 0x00,
        0x0f, 0x00, 0x00, 0x00, 0xc6, 0x00, 0x10, 0x00, 0x06, 0x00, 0x00, 0x00,
        0x0f, 0x00, 0x00, 0x07, 0x42, 0x00, 0x10, 0x00, 0x02, 0x00, 0x00, 0x00,
        0x46, 0x00, 0x10, 0x00, 0x03, 0x00, 0x00, 0x00, 0x46, 0x00, 0x10, 0x00,
        0x03, 0x00, 0x00, 0x00, 0x33, 0x00, 0x00, 0x07, 0x42, 0x00, 0x10, 0x00,
        0x02, 0x00, 0x00, 0x00, 0x3a, 0x00, 0x10, 0x00, 0x02, 0x00, 0x00, 0x00,
        0x2a, 0x00, 0x10, 0x00, 0x02, 0x00, 0x00, 0x00, 0x32, 0x00, 0x00, 0x09,
        0x82, 0x00, 0x10, 0x00, 0x02, 0x00, 0x00, 0x00, 0x2a, 0x00, 0x10, 0x00,
        0x02, 0x00, 0x00, 0x00, 0x01, 0x40, 0x00, 0x00, 0xcd, 0xcc, 0xcc, 0x3e,
        0x01, 0x40, 0x00, 0x00, 0x00, 0x00, 0x80, 0xbf, 0x32, 0x00, 0x00, 0x09,
        0x42, 0x00, 0x10, 0x00, 0x02, 0x00, 0x00, 0x00, 0x2a, 0x00, 0x10, 0x00,
        0x0f, 0x00, 0x00, 0x00, 0x2a, 0x00, 0x10, 0x00, 0x02, 0x00, 0x00, 0x00,
        0x01, 0x40, 0x00, 0x00, 0x00, 0x00, 0x80, 0xbf, 0x38, 0x00, 0x00, 0x07,
        0xc2, 0x00, 0x10, 0x00, 0x02, 0x00, 0x00, 0x00, 0xa6, 0x0e, 0x10, 0x00,
        0x02, 0x00, 0x00, 0x00, 0xa6, 0x0e, 0x10, 0x00, 0x02, 0x00, 0x00, 0x00,
        0x32, 0x00, 0x00, 0x09, 0x82, 0x00, 0x10, 0x00, 0x02, 0x00, 0x00, 0x00,
        0x3a, 0x00, 0x10, 0x00, 0x02, 0x00, 0x00, 0x00, 0x01, 0x40, 0x00, 0x00,
        0x00, 0x00, 0xc8, 0x3f, 0x01, 0x40, 0x00, 0x00, 0x00, 0x00, 0x10, 0xbf,
        0x38, 0x00, 0x00, 0x07, 0x12, 0x00, 0x10, 0x00, 0x03, 0x00, 0x00, 0x00,
        0x2a, 0x00, 0x10, 0x00, 0x02, 0x00, 0x00, 0x00, 0x3a, 0x00, 0x10, 0x00,
        0x02, 0x00, 0x00, 0x00, 0x36, 0x00, 0x00, 0x05, 0x42, 0x00, 0x10, 0x00,
        0x0d, 0x00, 0x00, 0x00, 0x1a, 0x00, 0x10, 0x00, 0x0c, 0x00, 0x00, 0x00,
        0x36, 0x00, 0x00, 0x05, 0x82, 0x00, 0x10, 0x00, 0x0d, 0x00, 0x00, 0x00,
        0x3a, 0x00, 0x10, 0x00, 0x03, 0x00, 0x00, 0x00, 0x32, 0x00, 0x00, 0x09,
        0x72, 0x00, 0x10, 0x00, 0x03, 0x00, 0x00, 0x00, 0x66, 0x0b, 0x10, 0x00,
        0x0d, 0x00, 0x00, 0x00, 0x06, 0x00, 0x10, 0x00, 0x03, 0x00, 0x00, 0x00,
        0x46, 0x02, 0x10, 0x00, 0x04, 0x00, 0x00, 0x00, 0x32, 0x00, 0x00, 0x09,
        0x12, 0x00, 0x10, 0x00, 0x02, 0x00, 0x00, 0x00, 0x3a, 0x00, 0x10, 0x00,
        0x02, 0x00, 0x00, 0x00, 0x2a, 0x00, 0x10, 0x00, 0x02, 0x00, 0x00, 0x00,
        0x0a, 0x00, 0x10, 0x00, 0x02, 0x00, 0x00, 0x00, 0x81, 0x00, 0x00, 0x05,
        0x12, 0x00, 0x10, 0x00, 0x02, 0x00, 0x00, 0x00, 0x0a, 0x00, 0x10, 0x00,
        0x02, 0x00, 0x00, 0x00, 0x38, 0x00, 0x00, 0x07, 0xd2, 0x00, 0x10, 0x00,
        0x02, 0x00, 0x00, 0x00, 0x06, 0x00, 0x10, 0x00, 0x02, 0x00, 0x00, 0x00,
        0x06, 0x09, 0x10, 0x00, 0x03, 0x00, 0x00, 0x00, 0x34, 0x00, 0x00, 0x07,
        0xd2, 0x00, 0x10, 0x00, 0x02, 0x00, 0x00, 0x00, 0x06, 0x0e, 0x10, 0x00,
        0x02, 0x00, 0x00, 0x00, 0x06, 0x09, 0x10, 0x00, 0x13, 0x00, 0x00, 0x00,
        0x33, 0x00, 0x00, 0x07, 0x72, 0x00, 0x10, 0x00, 0x03, 0x00, 0x00, 0x00,
        0x86, 0x03, 0x10, 0x00, 0x02, 0x00, 0x00, 0x00, 0x46, 0x02, 0x10, 0x00,
        0x16, 0x00, 0x00, 0x00, 0x36, 0x00, 0x00, 0x05, 0x82, 0x00, 0x10, 0x00,
        0x03, 0x00, 0x00, 0x00, 0x01, 0x40, 0x00, 0x00, 0x00, 0x00, 0x80, 0x3f,
        0xa4, 0x00, 0x00, 0x07, 0xf2, 0xe0, 0x11, 0x00, 0x00, 0x00, 0x00, 0x00,
        0x46, 0x05, 0x10, 0x00, 0x01, 0x00, 0x00, 0x00, 0x46, 0x0e, 0x10, 0x00,
        0x03, 0x00, 0x00, 0x00, 0x15, 0x00, 0x00, 0x01, 0x1f, 0x00, 0x00, 0x03,
        0x1a, 0x00, 0x10, 0x00, 0x02, 0x00, 0x00, 0x00, 0x56, 0x00, 0x00, 0x05,
        0x32, 0x00, 0x10, 0x00, 0x01, 0x00, 0x00, 0x00, 0xe6, 0x0a, 0x10, 0x00,
        0x01, 0x00, 0x00, 0x00, 0x32, 0x00, 0x00, 0x0b, 0x32, 0x00, 0x10, 0x00,
        0x01, 0x00, 0x00, 0x00, 0x46, 0x00, 0x10, 0x00, 0x01, 0x00, 0x00, 0x00,
        0x46, 0x80, 0x20, 0x00, 0x00, 0x00, 0x00, 0x00, 0x00, 0x00, 0x00, 0x00,
        0xe6, 0x8a, 0x20, 0x00, 0x00, 0x00, 0x00, 0x00, 0x00, 0x00, 0x00, 0x00,
        0x41, 0x00, 0x00, 0x05, 0x32, 0x00, 0x10, 0x00, 0x02, 0x00, 0x00, 0x00,
        0x46, 0x00, 0x10, 0x00, 0x01, 0x00, 0x00, 0x00, 0x00, 0x00, 0x00, 0x08,
        0x32, 0x00, 0x10, 0x00, 0x01, 0x00, 0x00, 0x00, 0x46, 0x00, 0x10, 0x00,
        0x01, 0x00, 0x00, 0x00, 0x46, 0x00, 0x10, 0x80, 0x41, 0x00, 0x00, 0x00,
        0x02, 0x00, 0x00, 0x00, 0x32, 0x00, 0x00, 0x0b, 0x32, 0x00, 0x10, 0x00,
        0x02, 0x00, 0x00, 0x00, 0x46, 0x00, 0x10, 0x00, 0x02, 0x00, 0x00, 0x00,
        0x46, 0x80, 0x20, 0x00, 0x00, 0x00, 0x00, 0x00, 0x01, 0x00, 0x00, 0x00,
        0xe6, 0x8a, 0x20, 0x00, 0x00, 0x00, 0x00, 0x00, 0x01, 0x00, 0x00, 0x00,
        0x00, 0x00, 0x00, 0x08, 0xf2, 0x00, 0x10, 0x00, 0x03, 0x00, 0x00, 0x00,
        0x46, 0x04, 0x10, 0x00, 0x02, 0x00, 0x00, 0x00, 0x46, 0x8e, 0x20, 0x00,
        0x00, 0x00, 0x00, 0x00, 0x02, 0x00, 0x00, 0x00, 0x00, 0x00, 0x00, 0x08,
        0xc2, 0x00, 0x10, 0x00, 0x02, 0x00, 0x00, 0x00, 0x06, 0x04, 0x10, 0x00,
        0x02, 0x00, 0x00, 0x00, 0x06, 0x84, 0x20, 0x00, 0x00, 0x00, 0x00, 0x00,
        0x03, 0x00, 0x00, 0x00, 0x6d, 0x00, 0x00, 0x8b, 0xc2, 0x00, 0x00, 0x80,
        0x43, 0x55, 0x15, 0x00, 0x32, 0x00, 0x10, 0x00, 0x04, 0x00, 0x00, 0x00,
        0x46, 0x00, 0x10, 0x00, 0x02, 0x00, 0x00, 0x00, 0x46, 0x7e, 0x10, 0x00,
        0x00, 0x00, 0x00, 0x00, 0x0a, 0x60, 0x10, 0x00, 0x00, 0x00, 0x00, 0x00,
        0x1f, 0x00, 0x04, 0x04, 0x0a, 0x80, 0x20, 0x00, 0x00, 0x00, 0x00, 0x00,
        0x04, 0x00, 0x00, 0x00, 0x34, 0x00, 0x00, 0x0a, 0x32, 0x00, 0x10, 0x00,
        0x05, 0x00, 0x00, 0x00, 0x46, 0x00, 0x10, 0x00, 0x04, 0x00, 0x00, 0x00,
        0x02, 0x40, 0x00, 0x00, 0x00, 0x00, 0x00, 0x00, 0x00, 0x00, 0x00, 0x00,
        0x00, 0x00, 0x00, 0x00, 0x00, 0x00, 0x00, 0x00, 0x38, 0x00, 0x00, 0x0a,
        0xc2, 0x00, 0x10, 0x00, 0x05, 0x00, 0x00, 0x00, 0x06, 0x04, 0x10, 0x00,
        0x05, 0x00, 0x00, 0x00, 0x02, 0x40, 0x00, 0x00, 0x00, 0x00, 0x00, 0x00,
        0x00, 0x00, 0x00, 0x00, 0x52, 0xb8, 0x4e, 0x41, 0x52, 0xb8, 0x4e, 0x41,
        0x31, 0x00, 0x00, 0x0a, 0x32, 0x00, 0x10, 0x00, 0x06, 0x00, 0x00, 0x00,
        0x02, 0x40, 0x00, 0x00, 0x1c, 0x2e, 0x4d, 0x3b, 0x1c, 0x2e, 0x4d, 0x3b,
        0x00, 0x00, 0x00, 0x00, 0x00, 0x00, 0x00, 0x00, 0x46, 0x00, 0x10, 0x00,
        0x05, 0x00, 0x00, 0x00, 0x2f, 0x00, 0x00, 0x05, 0x32, 0x00, 0x10, 0x00,
        0x05, 0x00, 0x00, 0x00, 0x46, 0x00, 0x10, 0x00, 0x05, 0x00, 0x00, 0x00,
        0x38, 0x00, 0x00, 0x0a, 0x32, 0x00, 0x10, 0x00, 0x05, 0x00, 0x00, 0x00,
        0x46, 0x00, 0x10, 0x00, 0x05, 0x00, 0x00, 0x00, 0x02, 0x40, 0x00, 0x00,
        0x55, 0x55, 0xd5, 0x3e, 0x55, 0x55, 0xd5, 0x3e, 0x00, 0x00, 0x00, 0x00,
        0x00, 0x00, 0x00, 0x00, 0x19, 0x00, 0x00, 0x05, 0x32, 0x00, 0x10, 0x00,
        0x05, 0x00, 0x00, 0x00, 0x46, 0x00, 0x10, 0x00, 0x05, 0x00, 0x00, 0x00,
        0x32, 0x00, 0x00, 0x0f, 0x32, 0x00, 0x10, 0x00, 0x05, 0x00, 0x00, 0x00,
        0x46, 0x00, 0x10, 0x00, 0x05, 0x00, 0x00, 0x00, 0x02, 0x40, 0x00, 0x00,
        0x3d, 0x0a, 0x87, 0x3f, 0x3d, 0x0a, 0x87, 0x3f, 0x00, 0x00, 0x00, 0x00,
        0x00, 0x00, 0x00, 0x00, 0x02, 0x40, 0x00, 0x00, 0xae, 0x47, 0x61, 0xbd,
        0xae, 0x47, 0x61, 0xbd, 0x00, 0x00, 0x00, 0x00, 0x00, 0x00, 0x00, 0x00,
        0x37, 0x20, 0x00, 0x09, 0x32, 0x00, 0x10, 0x00, 0x04, 0x00, 0x00, 0x00,
        0x46, 0x00, 0x10, 0x00, 0x06, 0x00, 0x00, 0x00, 0x46, 0x00, 0x10, 0x00,
        0x05, 0x00, 0x00, 0x00, 0xe6, 0x0a, 0x10, 0x00, 0x05, 0x00, 0x00, 0x00,
        0x15, 0x00, 0x00, 0x01, 0x6d, 0x00, 0x00, 0x8b, 0xc2, 0x00, 0x00, 0x80,
        0x43, 0x55, 0x15, 0x00, 0x32, 0x00, 0x10, 0x00, 0x05, 0x00, 0x00, 0x00,
        0x46, 0x00, 0x10, 0x00, 0x02, 0x00, 0x00, 0x00, 0x46, 0x7e, 0x10, 0x00,
        0x00, 0x00, 0x00, 0x00, 0x1a, 0x60, 0x10, 0x00, 0x00, 0x00, 0x00, 0x00,
        0x1f, 0x00, 0x04, 0x04, 0x0a, 0x80, 0x20, 0x00, 0x00, 0x00, 0x00, 0x00,
        0x04, 0x00, 0x00, 0x00, 0x34, 0x00, 0x00, 0x0a, 0x32, 0x00, 0x10, 0x00,
        0x06, 0x00, 0x00, 0x00, 0x46, 0x00, 0x10, 0x00, 0x05, 0x00, 0x00, 0x00,
        0x02, 0x40, 0x00, 0x00, 0x00, 0x00, 0x00, 0x00, 0x00, 0x00, 0x00, 0x00,
        0x00, 0x00, 0x00, 0x00, 0x00, 0x00, 0x00, 0x00, 0x38, 0x00, 0x00, 0x0a,
        0xc2, 0x00, 0x10, 0x00, 0x06, 0x00, 0x00, 0x00, 0x06, 0x04, 0x10, 0x00,
        0x06, 0x00, 0x00, 0x00, 0x02, 0x40, 0x00, 0x00, 0x00, 0x00, 0x00, 0x00,
        0x00, 0x00, 0x00, 0x00, 0x52, 0xb8, 0x4e, 0x41, 0x52, 0xb8, 0x4e, 0x41,
        0x31, 0x00, 0x00, 0x0a, 0x32, 0x00, 0x10, 0x00, 0x07, 0x00, 0x00, 0x00,
        0x02, 0x40, 0x00, 0x00, 0x1c, 0x2e, 0x4d, 0x3b, 0x1c, 0x2e, 0x4d, 0x3b,
        0x00, 0x00, 0x00, 0x00, 0x00, 0x00, 0x00, 0x00, 0x46, 0x00, 0x10, 0x00,
        0x06, 0x00, 0x00, 0x00, 0x2f, 0x00, 0x00, 0x05, 0x32, 0x00, 0x10, 0x00,
        0x06, 0x00, 0x00, 0x00, 0x46, 0x00, 0x10, 0x00, 0x06, 0x00, 0x00, 0x00,
        0x38, 0x00, 0x00, 0x0a, 0x32, 0x00, 0x10, 0x00, 0x06, 0x00, 0x00, 0x00,
        0x46, 0x00, 0x10, 0x00, 0x06, 0x00, 0x00, 0x00, 0x02, 0x40, 0x00, 0x00,
        0x55, 0x55, 0xd5, 0x3e, 0x55, 0x55, 0xd5, 0x3e, 0x00, 0x00, 0x00, 0x00,
        0x00, 0x00, 0x00, 0x00, 0x19, 0x00, 0x00, 0x05, 0x32, 0x00, 0x10, 0x00,
        0x06, 0x00, 0x00, 0x00, 0x46, 0x00, 0x10, 0x00, 0x06, 0x00, 0x00, 0x00,
        0x32, 0x00, 0x00, 0x0f, 0x32, 0x00, 0x10, 0x00, 0x06, 0x00, 0x00, 0x00,
        0x46, 0x00, 0x10, 0x00, 0x06, 0x00, 0x00, 0x00, 0x02, 0x40, 0x00, 0x00,
        0x3d, 0x0a, 0x87, 0x3f, 0x3d, 0x0a, 0x87, 0x3f, 0x00, 0x00, 0x00, 0x00,
        0x00, 0x00, 0x00, 0x00, 0x02, 0x40, 0x00, 0x00, 0xae, 0x47, 0x61, 0xbd,
        0xae, 0x47, 0x61, 0xbd, 0x00, 0x00, 0x00, 0x00, 0x00, 0x00, 0x00, 0x00,
        0x37, 0x20, 0x00, 0x09, 0x32, 0x00, 0x10, 0x00, 0x05, 0x00, 0x00, 0x00,
        0x46, 0x00, 0x10, 0x00, 0x07, 0x00, 0x00, 0x00, 0x46, 0x00, 0x10, 0x00,
        0x06, 0x00, 0x00, 0x00, 0xe6, 0x0a, 0x10, 0x00, 0x06, 0x00, 0x00, 0x00,
        0x15, 0x00, 0x00, 0x01, 0x6d, 0x00, 0x00, 0x8b, 0xc2, 0x00, 0x00, 0x80,
        0x43, 0x55, 0x15, 0x00, 0x32, 0x00, 0x10, 0x00, 0x02, 0x00, 0x00, 0x00,
        0x46, 0x00, 0x10, 0x00, 0x02, 0x00, 0x00, 0x00, 0x46, 0x7e, 0x10, 0x00,
        0x00, 0x00, 0x00, 0x00, 0x2a, 0x60, 0x10, 0x00, 0x00, 0x00, 0x00, 0x00,
        0x1f, 0x00, 0x04, 0x04, 0x0a, 0x80, 0x20, 0x00, 0x00, 0x00, 0x00, 0x00,
        0x04, 0x00, 0x00, 0x00, 0x34, 0x00, 0x00, 0x0a, 0x32, 0x00, 0x10, 0x00,
        0x06, 0x00, 0x00, 0x00, 0x46, 0x00, 0x10, 0x00, 0x02, 0x00, 0x00, 0x00,
        0x02, 0x40, 0x00, 0x00, 0x00, 0x00, 0x00, 0x00, 0x00, 0x00, 0x00, 0x00,
        0x00, 0x00, 0x00, 0x00, 0x00, 0x00, 0x00, 0x00, 0x38, 0x00, 0x00, 0x0a,
        0xc2, 0x00, 0x10, 0x00, 0x06, 0x00, 0x00, 0x00, 0x06, 0x04, 0x10, 0x00,
        0x06, 0x00, 0x00, 0x00, 0x02, 0x40, 0x00, 0x00, 0x00, 0x00, 0x00, 0x00,
        0x00, 0x00, 0x00, 0x00, 0x52, 0xb8, 0x4e, 0x41, 0x52, 0xb8, 0x4e, 0x41,
        0x31, 0x00, 0x00, 0x0a, 0x32, 0x00, 0x10, 0x00, 0x07, 0x00, 0x00, 0x00,
        0x02, 0x40, 0x00, 0x00, 0x1c, 0x2e, 0x4d, 0x3b, 0x1c, 0x2e, 0x4d, 0x3b,
        0x00, 0x00, 0x00, 0x00, 0x00, 0x00, 0x00, 0x00, 0x46, 0x00, 0x10, 0x00,
        0x06, 0x00, 0x00, 0x00, 0x2f, 0x00, 0x00, 0x05, 0x32, 0x00, 0x10, 0x00,
        0x06, 0x00, 0x00, 0x00, 0x46, 0x00, 0x10, 0x00, 0x06, 0x00, 0x00, 0x00,
        0x38, 0x00, 0x00, 0x0a, 0x32, 0x00, 0x10, 0x00, 0x06, 0x00, 0x00, 0x00,
        0x46, 0x00, 0x10, 0x00, 0x06, 0x00, 0x00, 0x00, 0x02, 0x40, 0x00, 0x00,
        0x55, 0x55, 0xd5, 0x3e, 0x55, 0x55, 0xd5, 0x3e, 0x00, 0x00, 0x00, 0x00,
        0x00, 0x00, 0x00, 0x00, 0x19, 0x00, 0x00, 0x05, 0x32, 0x00, 0x10, 0x00,
        0x06, 0x00, 0x00, 0x00, 0x46, 0x00, 0x10, 0x00, 0x06, 0x00, 0x00, 0x00,
        0x32, 0x00, 0x00, 0x0f, 0x32, 0x00, 0x10, 0x00, 0x06, 0x00, 0x00, 0x00,
        0x46, 0x00, 0x10, 0x00, 0x06, 0x00, 0x00, 0x00, 0x02, 0x40, 0x00, 0x00,
        0x3d, 0x0a, 0x87, 0x3f, 0x3d, 0x0a, 0x87, 0x3f, 0x00, 0x00, 0x00, 0x00,
        0x00, 0x00, 0x00, 0x00, 0x02, 0x40, 0x00, 0x00, 0xae, 0x47, 0x61, 0xbd,
        0xae, 0x47, 0x61, 0xbd, 0x00, 0x00, 0x00, 0x00, 0x00, 0x00, 0x00, 0x00,
        0x37, 0x20, 0x00, 0x09, 0x32, 0x00, 0x10, 0x00, 0x02, 0x00, 0x00, 0x00,
        0x46, 0x00, 0x10, 0x00, 0x07, 0x00, 0x00, 0x00, 0x46, 0x00, 0x10, 0x00,
        0x06, 0x00, 0x00, 0x00, 0xe6, 0x0a, 0x10, 0x00, 0x06, 0x00, 0x00, 0x00,
        0x15, 0x00, 0x00, 0x01, 0x6d, 0x00, 0x00, 0x8b, 0xc2, 0x00, 0x00, 0x80,
        0x43, 0x55, 0x15, 0x00, 0xf2, 0x00, 0x10, 0x00, 0x06, 0x00, 0x00, 0x00,
        0x46, 0x00, 0x10, 0x00, 0x03, 0x00, 0x00, 0x00, 0x46, 0x7e, 0x10, 0x00,
        0x00, 0x00, 0x00, 0x00, 0x0a, 0x60, 0x10, 0x00, 0x00, 0x00, 0x00, 0x00,
        0x1f, 0x00, 0x04, 0x04, 0x0a, 0x80, 0x20, 0x00, 0x00, 0x00, 0x00, 0x00,
        0x04, 0x00, 0x00, 0x00, 0x34, 0x00, 0x00, 0x0a, 0xf2, 0x00, 0x10, 0x00,
        0x07, 0x00, 0x00, 0x00, 0x46, 0x0e, 0x10, 0x00, 0x06, 0x00, 0x00, 0x00,
        0x02, 0x40, 0x00, 0x00, 0x00, 0x00, 0x00, 0x00, 0x00, 0x00, 0x00, 0x00,
        0x00, 0x00, 0x00, 0x00, 0x00, 0x00, 0x00, 0x00, 0x38, 0x00, 0x00, 0x0a,
        0xf2, 0x00, 0x10, 0x00, 0x08, 0x00, 0x00, 0x00, 0x46, 0x0e, 0x10, 0x00,
        0x07, 0x00, 0x00, 0x00, 0x02, 0x40, 0x00, 0x00, 0x52, 0xb8, 0x4e, 0x41,
        0x52, 0xb8, 0x4e, 0x41, 0x52, 0xb8, 0x4e, 0x41, 0x52, 0xb8, 0x4e, 0x41,
        0x31, 0x00, 0x00, 0x0a, 0xf2, 0x00, 0x10, 0x00, 0x09, 0x00, 0x00, 0x00,
        0x02, 0x40, 0x00, 0x00, 0x1c, 0x2e, 0x4d, 0x3b, 0x1c, 0x2e, 0x4d, 0x3b,
        0x1c, 0x2e, 0x4d, 0x3b, 0x1c, 0x2e, 0x4d, 0x3b, 0x46, 0x0e, 0x10, 0x00,
        0x07, 0x00, 0x00, 0x00, 0x2f, 0x00, 0x00, 0x05, 0xf2, 0x00, 0x10, 0x00,
        0x07, 0x00, 0x00, 0x00, 0x46, 0x0e, 0x10, 0x00, 0x07, 0x00, 0x00, 0x00,
        0x38, 0x00, 0x00, 0x0a, 0xf2, 0x00, 0x10, 0x00, 0x07, 0x00, 0x00, 0x00,
        0x46, 0x0e, 0x10, 0x00, 0x07, 0x00, 0x00, 0x00, 0x02, 0x40, 0x00, 0x00,
        0x55, 0x55, 0xd5, 0x3e, 0x55, 0x55, 0xd5, 0x3e, 0x55, 0x55, 0xd5, 0x3e,
        0x55, 0x55, 0xd5, 0x3e, 0x19, 0x00, 0x00, 0x05, 0xf2, 0x00, 0x10, 0x00,
        0x07, 0x00, 0x00, 0x00, 0x46, 0x0e, 0x10, 0x00, 0x07, 0x00, 0x00, 0x00,
        0x32, 0x00, 0x00, 0x0f, 0xf2, 0x00, 0x10, 0x00, 0x07, 0x00, 0x00, 0x00,
        0x46, 0x0e, 0x10, 0x00, 0x07, 0x00, 0x00, 0x00, 0x02, 0x40, 0x00, 0x00,
        0x3d, 0x0a, 0x87, 0x3f, 0x3d, 0x0a, 0x87, 0x3f, 0x3d, 0x0a, 0x87, 0x3f,
        0x3d, 0x0a, 0x87, 0x3f, 0x02, 0x40, 0x00, 0x00, 0xae, 0x47, 0x61, 0xbd,
        0xae, 0x47, 0x61, 0xbd, 0xae, 0x47, 0x61, 0xbd, 0xae, 0x47, 0x61, 0xbd,
        0x37, 0x20, 0x00, 0x09, 0xf2, 0x00, 0x10, 0x00, 0x06, 0x00, 0x00, 0x00,
        0x46, 0x0e, 0x10, 0x00, 0x09, 0x00, 0x00, 0x00, 0x46, 0x0e, 0x10, 0x00,
        0x07, 0x00, 0x00, 0x00, 0x46, 0x0e, 0x10, 0x00, 0x08, 0x00, 0x00, 0x00,
        0x15, 0x00, 0x00, 0x01, 0x6d, 0x00, 0x00, 0x8b, 0xc2, 0x00, 0x00, 0x80,
        0x43, 0x55, 0x15, 0x00, 0xf2, 0x00, 0x10, 0x00, 0x07, 0x00, 0x00, 0x00,
        0x46, 0x00, 0x10, 0x00, 0x03, 0x00, 0x00, 0x00, 0x46, 0x7e, 0x10, 0x00,
        0x00, 0x00, 0x00, 0x00, 0x1a, 0x60, 0x10, 0x00, 0x00, 0x00, 0x00, 0x00,
        0x1f, 0x00, 0x04, 0x04, 0x0a, 0x80, 0x20, 0x00, 0x00, 0x00, 0x00, 0x00,
        0x04, 0x00, 0x00, 0x00, 0x34, 0x00, 0x00, 0x0a, 0xf2, 0x00, 0x10, 0x00,
        0x08, 0x00, 0x00, 0x00, 0x46, 0x0e, 0x10, 0x00, 0x07, 0x00, 0x00, 0x00,
        0x02, 0x40, 0x00, 0x00, 0x00, 0x00, 0x00, 0x00, 0x00, 0x00, 0x00, 0x00,
        0x00, 0x00, 0x00, 0x00, 0x00, 0x00, 0x00, 0x00, 0x38, 0x00, 0x00, 0x0a,
        0xf2, 0x00, 0x10, 0x00, 0x09, 0x00, 0x00, 0x00, 0x46, 0x0e, 0x10, 0x00,
        0x08, 0x00, 0x00, 0x00, 0x02, 0x40, 0x00, 0x00, 0x52, 0xb8, 0x4e, 0x41,
        0x52, 0xb8, 0x4e, 0x41, 0x52, 0xb8, 0x4e, 0x41, 0x52, 0xb8, 0x4e, 0x41,
        0x31, 0x00, 0x00, 0x0a, 0xf2, 0x00, 0x10, 0x00, 0x0a, 0x00, 0x00, 0x00,
        0x02, 0x40, 0x00, 0x00, 0x1c, 0x2e, 0x4d, 0x3b, 0x1c, 0x2e, 0x4d, 0x3b,
        0x1c, 0x2e, 0x4d, 0x3b, 0x1c, 0x2e, 0x4d, 0x3b, 0x46, 0x0e, 0x10, 0x00,
        0x08, 0x00, 0x00, 0x00, 0x2f, 0x00, 0x00, 0x05, 0xf2, 0x00, 0x10, 0x00,
        0x08, 0x00, 0x00, 0x00, 0x46, 0x0e, 0x10, 0x00, 0x08, 0x00, 0x00, 0x00,
        0x38, 0x00, 0x00, 0x0a, 0xf2, 0x00, 0x10, 0x00, 0x08, 0x00, 0x00, 0x00,
        0x46, 0x0e, 0x10, 0x00, 0x08, 0x00, 0x00, 0x00, 0x02, 0x40, 0x00, 0x00,
        0x55, 0x55, 0xd5, 0x3e, 0x55, 0x55, 0xd5, 0x3e, 0x55, 0x55, 0xd5, 0x3e,
        0x55, 0x55, 0xd5, 0x3e, 0x19, 0x00, 0x00, 0x05, 0xf2, 0x00, 0x10, 0x00,
        0x08, 0x00, 0x00, 0x00, 0x46, 0x0e, 0x10, 0x00, 0x08, 0x00, 0x00, 0x00,
        0x32, 0x00, 0x00, 0x0f, 0xf2, 0x00, 0x10, 0x00, 0x08, 0x00, 0x00, 0x00,
        0x46, 0x0e, 0x10, 0x00, 0x08, 0x00, 0x00, 0x00, 0x02, 0x40, 0x00, 0x00,
        0x3d, 0x0a, 0x87, 0x3f, 0x3d, 0x0a, 0x87, 0x3f, 0x3d, 0x0a, 0x87, 0x3f,
        0x3d, 0x0a, 0x87, 0x3f, 0x02, 0x40, 0x00, 0x00, 0xae, 0x47, 0x61, 0xbd,
        0xae, 0x47, 0x61, 0xbd, 0xae, 0x47, 0x61, 0xbd, 0xae, 0x47, 0x61, 0xbd,
        0x37, 0x20, 0x00, 0x09, 0xf2, 0x00, 0x10, 0x00, 0x07, 0x00, 0x00, 0x00,
        0x46, 0x0e, 0x10, 0x00, 0x0a, 0x00, 0x00, 0x00, 0x46, 0x0e, 0x10, 0x00,
        0x08, 0x00, 0x00, 0x00, 0x46, 0x0e, 0x10, 0x00, 0x09, 0x00, 0x00, 0x00,
        0x15, 0x00, 0x00, 0x01, 0x6d, 0x00, 0x00, 0x8b, 0xc2, 0x00, 0x00, 0x80,
        0x43, 0x55, 0x15, 0x00, 0xf2, 0x00, 0x10, 0x00, 0x08, 0x00, 0x00, 0x00,
        0x46, 0x00, 0x10, 0x00, 0x03, 0x00, 0x00, 0x00, 0x96, 0x7c, 0x10, 0x00,
        0x00, 0x00, 0x00, 0x00, 0x2a, 0x60, 0x10, 0x00, 0x00, 0x00, 0x00, 0x00,
        0x1f, 0x00, 0x04, 0x04, 0x0a, 0x80, 0x20, 0x00, 0x00, 0x00, 0x00, 0x00,
        0x04, 0x00, 0x00, 0x00, 0x34, 0x00, 0x00, 0x0a, 0xf2, 0x00, 0x10, 0x00,
        0x09, 0x00, 0x00, 0x00, 0x26, 0x0d, 0x10, 0x00, 0x08, 0x00, 0x00, 0x00,
        0x02, 0x40, 0x00, 0x00, 0x00, 0x00, 0x00, 0x00, 0x00, 0x00, 0x00, 0x00,
        0x00, 0x00, 0x00, 0x00, 0x00, 0x00, 0x00, 0x00, 0x38, 0x00, 0x00, 0x0a,
        0xf2, 0x00, 0x10, 0x00, 0x0a, 0x00, 0x00, 0x00, 0x46, 0x0e, 0x10, 0x00,
        0x09, 0x00, 0x00, 0x00, 0x02, 0x40, 0x00, 0x00, 0x52, 0xb8, 0x4e, 0x41,
        0x52, 0xb8, 0x4e, 0x41, 0x52, 0xb8, 0x4e, 0x41, 0x52, 0xb8, 0x4e, 0x41,
        0x31, 0x00, 0x00, 0x0a, 0xf2, 0x00, 0x10, 0x00, 0x0b, 0x00, 0x00, 0x00,
        0x02, 0x40, 0x00, 0x00, 0x1c, 0x2e, 0x4d, 0x3b, 0x1c, 0x2e, 0x4d, 0x3b,
        0x1c, 0x2e, 0x4d, 0x3b, 0x1c, 0x2e, 0x4d, 0x3b, 0x46, 0x0e, 0x10, 0x00,
        0x09, 0x00, 0x00, 0x00, 0x2f, 0x00, 0x00, 0x05, 0xf2, 0x00, 0x10, 0x00,
        0x09, 0x00, 0x00, 0x00, 0x46, 0x0e, 0x10, 0x00, 0x09, 0x00, 0x00, 0x00,
        0x38, 0x00, 0x00, 0x0a, 0xf2, 0x00, 0x10, 0x00, 0x09, 0x00, 0x00, 0x00,
        0x46, 0x0e, 0x10, 0x00, 0x09, 0x00, 0x00, 0x00, 0x02, 0x40, 0x00, 0x00,
        0x55, 0x55, 0xd5, 0x3e, 0x55, 0x55, 0xd5, 0x3e, 0x55, 0x55, 0xd5, 0x3e,
        0x55, 0x55, 0xd5, 0x3e, 0x19, 0x00, 0x00, 0x05, 0xf2, 0x00, 0x10, 0x00,
        0x09, 0x00, 0x00, 0x00, 0x46, 0x0e, 0x10, 0x00, 0x09, 0x00, 0x00, 0x00,
        0x32, 0x00, 0x00, 0x0f, 0xf2, 0x00, 0x10, 0x00, 0x09, 0x00, 0x00, 0x00,
        0x46, 0x0e, 0x10, 0x00, 0x09, 0x00, 0x00, 0x00, 0x02, 0x40, 0x00, 0x00,
        0x3d, 0x0a, 0x87, 0x3f, 0x3d, 0x0a, 0x87, 0x3f, 0x3d, 0x0a, 0x87, 0x3f,
        0x3d, 0x0a, 0x87, 0x3f, 0x02, 0x40, 0x00, 0x00, 0xae, 0x47, 0x61, 0xbd,
        0xae, 0x47, 0x61, 0xbd, 0xae, 0x47, 0x61, 0xbd, 0xae, 0x47, 0x61, 0xbd,
        0x37, 0x20, 0x00, 0x09, 0xf2, 0x00, 0x10, 0x00, 0x08, 0x00, 0x00, 0x00,
        0x96, 0x0c, 0x10, 0x00, 0x0b, 0x00, 0x00, 0x00, 0x96, 0x0c, 0x10, 0x00,
        0x09, 0x00, 0x00, 0x00, 0x96, 0x0c, 0x10, 0x00, 0x0a, 0x00, 0x00, 0x00,
        0x15, 0x00, 0x00, 0x01, 0x6d, 0x00, 0x00, 0x8b, 0xc2, 0x00, 0x00, 0x80,
        0x43, 0x55, 0x15, 0x00, 0xf2, 0x00, 0x10, 0x00, 0x09, 0x00, 0x00, 0x00,
        0xe6, 0x0a, 0x10, 0x00, 0x03, 0x00, 0x00, 0x00, 0x46, 0x7e, 0x10, 0x00,
        0x00, 0x00, 0x00, 0x00, 0x0a, 0x60, 0x10, 0x00, 0x00, 0x00, 0x00, 0x00,
        0x1f, 0x00, 0x04, 0x04, 0x0a, 0x80, 0x20, 0x00, 0x00, 0x00, 0x00, 0x00,
        0x04, 0x00, 0x00, 0x00, 0x34, 0x00, 0x00, 0x0a, 0xf2, 0x00, 0x10, 0x00,
        0x0a, 0x00, 0x00, 0x00, 0x46, 0x0e, 0x10, 0x00, 0x09, 0x00, 0x00, 0x00,
        0x02, 0x40, 0x00, 0x00, 0x00, 0x00, 0x00, 0x00, 0x00, 0x00, 0x00, 0x00,
        0x00, 0x00, 0x00, 0x00, 0x00, 0x00, 0x00, 0x00, 0x38, 0x00, 0x00, 0x0a,
        0xf2, 0x00, 0x10, 0x00, 0x0b, 0x00, 0x00, 0x00, 0x46, 0x0e, 0x10, 0x00,
        0x0a, 0x00, 0x00, 0x00, 0x02, 0x40, 0x00, 0x00, 0x52, 0xb8, 0x4e, 0x41,
        0x52, 0xb8, 0x4e, 0x41, 0x52, 0xb8, 0x4e, 0x41, 0x52, 0xb8, 0x4e, 0x41,
        0x31, 0x00, 0x00, 0x0a, 0xf2, 0x00, 0x10, 0x00, 0x0c, 0x00, 0x00, 0x00,
        0x02, 0x40, 0x00, 0x00, 0x1c, 0x2e, 0x4d, 0x3b, 0x1c, 0x2e, 0x4d, 0x3b,
        0x1c, 0x2e, 0x4d, 0x3b, 0x1c, 0x2e, 0x4d, 0x3b, 0x46, 0x0e, 0x10, 0x00,
        0x0a, 0x00, 0x00, 0x00, 0x2f, 0x00, 0x00, 0x05, 0xf2, 0x00, 0x10, 0x00,
        0x0a, 0x00, 0x00, 0x00, 0x46, 0x0e, 0x10, 0x00, 0x0a, 0x00, 0x00, 0x00,
        0x38, 0x00, 0x00, 0x0a, 0xf2, 0x00, 0x10, 0x00, 0x0a, 0x00, 0x00, 0x00,
        0x46, 0x0e, 0x10, 0x00, 0x0a, 0x00, 0x00, 0x00, 0x02, 0x40, 0x00, 0x00,
        0x55, 0x55, 0xd5, 0x3e, 0x55, 0x55, 0xd5, 0x3e, 0x55, 0x55, 0xd5, 0x3e,
        0x55, 0x55, 0xd5, 0x3e, 0x19, 0x00, 0x00, 0x05, 0xf2, 0x00, 0x10, 0x00,
        0x0a, 0x00, 0x00, 0x00, 0x46, 0x0e, 0x10, 0x00, 0x0a, 0x00, 0x00, 0x00,
        0x32, 0x00, 0x00, 0x0f, 0xf2, 0x00, 0x10, 0x00, 0x0a, 0x00, 0x00, 0x00,
        0x46, 0x0e, 0x10, 0x00, 0x0a, 0x00, 0x00, 0x00, 0x02, 0x40, 0x00, 0x00,
        0x3d, 0x0a, 0x87, 0x3f, 0x3d, 0x0a, 0x87, 0x3f, 0x3d, 0x0a, 0x87, 0x3f,
        0x3d, 0x0a, 0x87, 0x3f, 0x02, 0x40, 0x00, 0x00, 0xae, 0x47, 0x61, 0xbd,
        0xae, 0x47, 0x61, 0xbd, 0xae, 0x47, 0x61, 0xbd, 0xae, 0x47, 0x61, 0xbd,
        0x37, 0x20, 0x00, 0x09, 0xf2, 0x00, 0x10, 0x00, 0x09, 0x00, 0x00, 0x00,
        0x46, 0x0e, 0x10, 0x00, 0x0c, 0x00, 0x00, 0x00, 0x46, 0x0e, 0x10, 0x00,
        0x0a, 0x00, 0x00, 0x00, 0x46, 0x0e, 0x10, 0x00, 0x0b, 0x00, 0x00, 0x00,
        0x15, 0x00, 0x00, 0x01, 0x6d, 0x00, 0x00, 0x8b, 0xc2, 0x00, 0x00, 0x80,
        0x43, 0x55, 0x15, 0x00, 0xf2, 0x00, 0x10, 0x00, 0x0a, 0x00, 0x00, 0x00,
        0xe6, 0x0a, 0x10, 0x00, 0x03, 0x00, 0x00, 0x00, 0x46, 0x7e, 0x10, 0x00,
        0x00, 0x00, 0x00, 0x00, 0x1a, 0x60, 0x10, 0x00, 0x00, 0x00, 0x00, 0x00,
        0x1f, 0x00, 0x04, 0x04, 0x0a, 0x80, 0x20, 0x00, 0x00, 0x00, 0x00, 0x00,
        0x04, 0x00, 0x00, 0x00, 0x34, 0x00, 0x00, 0x0a, 0xf2, 0x00, 0x10, 0x00,
        0x0b, 0x00, 0x00, 0x00, 0x46, 0x0e, 0x10, 0x00, 0x0a, 0x00, 0x00, 0x00,
        0x02, 0x40, 0x00, 0x00, 0x00, 0x00, 0x00, 0x00, 0x00, 0x00, 0x00, 0x00,
        0x00, 0x00, 0x00, 0x00, 0x00, 0x00, 0x00, 0x00, 0x38, 0x00, 0x00, 0x0a,
        0xf2, 0x00, 0x10, 0x00, 0x0c, 0x00, 0x00, 0x00, 0x46, 0x0e, 0x10, 0x00,
        0x0b, 0x00, 0x00, 0x00, 0x02, 0x40, 0x00, 0x00, 0x52, 0xb8, 0x4e, 0x41,
        0x52, 0xb8, 0x4e, 0x41, 0x52, 0xb8, 0x4e, 0x41, 0x52, 0xb8, 0x4e, 0x41,
        0x31, 0x00, 0x00, 0x0a, 0xf2, 0x00, 0x10, 0x00, 0x0d, 0x00, 0x00, 0x00,
        0x02, 0x40, 0x00, 0x00, 0x1c, 0x2e, 0x4d, 0x3b, 0x1c, 0x2e, 0x4d, 0x3b,
        0x1c, 0x2e, 0x4d, 0x3b, 0x1c, 0x2e, 0x4d, 0x3b, 0x46, 0x0e, 0x10, 0x00,
        0x0b, 0x00, 0x00, 0x00, 0x2f, 0x00, 0x00, 0x05, 0xf2, 0x00, 0x10, 0x00,
        0x0b, 0x00, 0x00, 0x00, 0x46, 0x0e, 0x10, 0x00, 0x0b, 0x00, 0x00, 0x00,
        0x38, 0x00, 0x00, 0x0a, 0xf2, 0x00, 0x10, 0x00, 0x0b, 0x00, 0x00, 0x00,
        0x46, 0x0e, 0x10, 0x00, 0x0b, 0x00, 0x00, 0x00, 0x02, 0x40, 0x00, 0x00,
        0x55, 0x55, 0xd5, 0x3e, 0x55, 0x55, 0xd5, 0x3e, 0x55, 0x55, 0xd5, 0x3e,
        0x55, 0x55, 0xd5, 0x3e, 0x19, 0x00, 0x00, 0x05, 0xf2, 0x00, 0x10, 0x00,
        0x0b, 0x00, 0x00, 0x00, 0x46, 0x0e, 0x10, 0x00, 0x0b, 0x00, 0x00, 0x00,
        0x32, 0x00, 0x00, 0x0f, 0xf2, 0x00, 0x10, 0x00, 0x0b, 0x00, 0x00, 0x00,
        0x46, 0x0e, 0x10, 0x00, 0x0b, 0x00, 0x00, 0x00, 0x02, 0x40, 0x00, 0x00,
        0x3d, 0x0a, 0x87, 0x3f, 0x3d, 0x0a, 0x87, 0x3f, 0x3d, 0x0a, 0x87, 0x3f,
        0x3d, 0x0a, 0x87, 0x3f, 0x02, 0x40, 0x00, 0x00, 0xae, 0x47, 0x61, 0xbd,
        0xae, 0x47, 0x61, 0xbd, 0xae, 0x47, 0x61, 0xbd, 0xae, 0x47, 0x61, 0xbd,
        0x37, 0x20, 0x00, 0x09, 0xf2, 0x00, 0x10, 0x00, 0x0a, 0x00, 0x00, 0x00,
        0x46, 0x0e, 0x10, 0x00, 0x0d, 0x00, 0x00, 0x00, 0x46, 0x0e, 0x10, 0x00,
        0x0b, 0x00, 0x00, 0x00, 0x46, 0x0e, 0x10, 0x00, 0x0c, 0x00, 0x00, 0x00,
        0x15, 0x00, 0x00, 0x01, 0x6d, 0x00, 0x00, 0x8b, 0xc2, 0x00, 0x00, 0x80,
        0x43, 0x55, 0x15, 0x00, 0xf2, 0x00, 0x10, 0x00, 0x03, 0x00, 0x00, 0x00,
        0xe6, 0x0a, 0x10, 0x00, 0x03, 0x00, 0x00, 0x00, 0x46, 0x7e, 0x10, 0x00,
        0x00, 0x00, 0x00, 0x00, 0x2a, 0x60, 0x10, 0x00, 0x00, 0x00, 0x00, 0x00,
        0x1f, 0x00, 0x04, 0x04, 0x0a, 0x80, 0x20, 0x00, 0x00, 0x00, 0x00, 0x00,
        0x04, 0x00, 0x00, 0x00, 0x34, 0x00, 0x00, 0x0a, 0xf2, 0x00, 0x10, 0x00,
        0x0b, 0x00, 0x00, 0x00, 0x46, 0x0e, 0x10, 0x00, 0x03, 0x00, 0x00, 0x00,
        0x02, 0x40, 0x00, 0x00, 0x00, 0x00, 0x00, 0x00, 0x00, 0x00, 0x00, 0x00,
        0x00, 0x00, 0x00, 0x00, 0x00, 0x00, 0x00, 0x00, 0x38, 0x00, 0x00, 0x0a,
        0xf2, 0x00, 0x10, 0x00, 0x0c, 0x00, 0x00, 0x00, 0x46, 0x0e, 0x10, 0x00,
        0x0b, 0x00, 0x00, 0x00, 0x02, 0x40, 0x00, 0x00, 0x52, 0xb8, 0x4e, 0x41,
        0x52, 0xb8, 0x4e, 0x41, 0x52, 0xb8, 0x4e, 0x41, 0x52, 0xb8, 0x4e, 0x41,
        0x31, 0x00, 0x00, 0x0a, 0xf2, 0x00, 0x10, 0x00, 0x0d, 0x00, 0x00, 0x00,
        0x02, 0x40, 0x00, 0x00, 0x1c, 0x2e, 0x4d, 0x3b, 0x1c, 0x2e, 0x4d, 0x3b,
        0x1c, 0x2e, 0x4d, 0x3b, 0x1c, 0x2e, 0x4d, 0x3b, 0x46, 0x0e, 0x10, 0x00,
        0x0b, 0x00, 0x00, 0x00, 0x2f, 0x00, 0x00, 0x05, 0xf2, 0x00, 0x10, 0x00,
        0x0b, 0x00, 0x00, 0x00, 0x46, 0x0e, 0x10, 0x00, 0x0b, 0x00, 0x00, 0x00,
        0x38, 0x00, 0x00, 0x0a, 0xf2, 0x00, 0x10, 0x00, 0x0b, 0x00, 0x00, 0x00,
        0x46, 0x0e, 0x10, 0x00, 0x0b, 0x00, 0x00, 0x00, 0x02, 0x40, 0x00, 0x00,
        0x55, 0x55, 0xd5, 0x3e, 0x55, 0x55, 0xd5, 0x3e, 0x55, 0x55, 0xd5, 0x3e,
        0x55, 0x55, 0xd5, 0x3e, 0x19, 0x00, 0x00, 0x05, 0xf2, 0x00, 0x10, 0x00,
        0x0b, 0x00, 0x00, 0x00, 0x46, 0x0e, 0x10, 0x00, 0x0b, 0x00, 0x00, 0x00,
        0x32, 0x00, 0x00, 0x0f, 0xf2, 0x00, 0x10, 0x00, 0x0b, 0x00, 0x00, 0x00,
        0x46, 0x0e, 0x10, 0x00, 0x0b, 0x00, 0x00, 0x00, 0x02, 0x40, 0x00, 0x00,
        0x3d, 0x0a, 0x87, 0x3f, 0x3d, 0x0a, 0x87, 0x3f, 0x3d, 0x0a, 0x87, 0x3f,
        0x3d, 0x0a, 0x87, 0x3f, 0x02, 0x40, 0x00, 0x00, 0xae, 0x47, 0x61, 0xbd,
        0xae, 0x47, 0x61, 0xbd, 0xae, 0x47, 0x61, 0xbd, 0xae, 0x47, 0x61, 0xbd,
        0x37, 0x20, 0x00, 0x09, 0xf2, 0x00, 0x10, 0x00, 0x03, 0x00, 0x00, 0x00,
        0x46, 0x0e, 0x10, 0x00, 0x0d, 0x00, 0x00, 0x00, 0x46, 0x0e, 0x10, 0x00,
        0x0b, 0x00, 0x00, 0x00, 0x46, 0x0e, 0x10, 0x00, 0x0c, 0x00, 0x00, 0x00,
        0x15, 0x00, 0x00, 0x01, 0x6d, 0x00, 0x00, 0x8b, 0xc2, 0x00, 0x00, 0x80,
        0x43, 0x55, 0x15, 0x00, 0x32, 0x00, 0x10, 0x00, 0x0b, 0x00, 0x00, 0x00,
        0xe6, 0x0a, 0x10, 0x00, 0x02, 0x00, 0x00, 0x00, 0xe6, 0x74, 0x10, 0x00,
        0x00, 0x00, 0x00, 0x00, 0x0a, 0x60, 0x10, 0x00, 0x00, 0x00, 0x00, 0x00,
        0x1f, 0x00, 0x04, 0x04, 0x0a, 0x80, 0x20, 0x00, 0x00, 0x00, 0x00, 0x00,
        0x04, 0x00, 0x00, 0x00, 0x34, 0x00, 0x00, 0x0a, 0x32, 0x00, 0x10, 0x00,
        0x0c, 0x00, 0x00, 0x00, 0x46, 0x00, 0x10, 0x00, 0x0b, 0x00, 0x00, 0x00,
        0x02, 0x40, 0x00, 0x00, 0x00, 0x00, 0x00, 0x00, 0x00, 0x00, 0x00, 0x00,
        0x00, 0x00, 0x00, 0x00, 0x00, 0x00, 0x00, 0x00, 0x38, 0x00, 0x00, 0x0a,
        0xc2, 0x00, 0x10, 0x00, 0x0c, 0x00, 0x00, 0x00, 0x06, 0x04, 0x10, 0x00,
        0x0c, 0x00, 0x00, 0x00, 0x02, 0x40, 0x00, 0x00, 0x00, 0x00, 0x00, 0x00,
        0x00, 0x00, 0x00, 0x00, 0x52, 0xb8, 0x4e, 0x41, 0x52, 0xb8, 0x4e, 0x41,
        0x31, 0x00, 0x00, 0x0a, 0x32, 0x00, 0x10, 0x00, 0x0d, 0x00, 0x00, 0x00,
        0x02, 0x40, 0x00, 0x00, 0x1c, 0x2e, 0x4d, 0x3b, 0x1c, 0x2e, 0x4d, 0x3b,
        0x00, 0x00, 0x00, 0x00, 0x00, 0x00, 0x00, 0x00, 0x46, 0x00, 0x10, 0x00,
        0x0c, 0x00, 0x00, 0x00, 0x2f, 0x00, 0x00, 0x05, 0x32, 0x00, 0x10, 0x00,
        0x0c, 0x00, 0x00, 0x00, 0x46, 0x00, 0x10, 0x00, 0x0c, 0x00, 0x00, 0x00,
        0x38, 0x00, 0x00, 0x0a, 0x32, 0x00, 0x10, 0x00, 0x0c, 0x00, 0x00, 0x00,
        0x46, 0x00, 0x10, 0x00, 0x0c, 0x00, 0x00, 0x00, 0x02, 0x40, 0x00, 0x00,
        0x55, 0x55, 0xd5, 0x3e, 0x55, 0x55, 0xd5, 0x3e, 0x00, 0x00, 0x00, 0x00,
        0x00, 0x00, 0x00, 0x00, 0x19, 0x00, 0x00, 0x05, 0x32, 0x00, 0x10, 0x00,
        0x0c, 0x00, 0x00, 0x00, 0x46, 0x00, 0x10, 0x00, 0x0c, 0x00, 0x00, 0x00,
        0x32, 0x00, 0x00, 0x0f, 0x32, 0x00, 0x10, 0x00, 0x0c, 0x00, 0x00, 0x00,
        0x46, 0x00, 0x10, 0x00, 0x0c, 0x00, 0x00, 0x00, 0x02, 0x40, 0x00, 0x00,
        0x3d, 0x0a, 0x87, 0x3f, 0x3d, 0x0a, 0x87, 0x3f, 0x00, 0x00, 0x00, 0x00,
        0x00, 0x00, 0x00, 0x00, 0x02, 0x40, 0x00, 0x00, 0xae, 0x47, 0x61, 0xbd,
        0xae, 0x47, 0x61, 0xbd, 0x00, 0x00, 0x00, 0x00, 0x00, 0x00, 0x00, 0x00,
        0x37, 0x20, 0x00, 0x09, 0x32, 0x00, 0x10, 0x00, 0x0b, 0x00, 0x00, 0x00,
        0x46, 0x00, 0x10, 0x00, 0x0d, 0x00, 0x00, 0x00, 0x46, 0x00, 0x10, 0x00,
        0x0c, 0x00, 0x00, 0x00, 0xe6, 0x0a, 0x10, 0x00, 0x0c, 0x00, 0x00, 0x00,
        0x15, 0x00, 0x00, 0x01, 0x6d, 0x00, 0x00, 0x8b, 0xc2, 0x00, 0x00, 0x80,
        0x43, 0x55, 0x15, 0x00, 0x32, 0x00, 0x10, 0x00, 0x0c, 0x00, 0x00, 0x00,
        0xe6, 0x0a, 0x10, 0x00, 0x02, 0x00, 0x00, 0x00, 0xe6, 0x74, 0x10, 0x00,
        0x00, 0x00, 0x00, 0x00, 0x1a, 0x60, 0x10, 0x00, 0x00, 0x00, 0x00, 0x00,
        0x1f, 0x00, 0x04, 0x04, 0x0a, 0x80, 0x20, 0x00, 0x00, 0x00, 0x00, 0x00,
        0x04, 0x00, 0x00, 0x00, 0x34, 0x00, 0x00, 0x0a, 0x32, 0x00, 0x10, 0x00,
        0x0d, 0x00, 0x00, 0x00, 0x46, 0x00, 0x10, 0x00, 0x0c, 0x00, 0x00, 0x00,
        0x02, 0x40, 0x00, 0x00, 0x00, 0x00, 0x00, 0x00, 0x00, 0x00, 0x00, 0x00,
        0x00, 0x00, 0x00, 0x00, 0x00, 0x00, 0x00, 0x00, 0x38, 0x00, 0x00, 0x0a,
        0xc2, 0x00, 0x10, 0x00, 0x0d, 0x00, 0x00, 0x00, 0x06, 0x04, 0x10, 0x00,
        0x0d, 0x00, 0x00, 0x00, 0x02, 0x40, 0x00, 0x00, 0x00, 0x00, 0x00, 0x00,
        0x00, 0x00, 0x00, 0x00, 0x52, 0xb8, 0x4e, 0x41, 0x52, 0xb8, 0x4e, 0x41,
        0x31, 0x00, 0x00, 0x0a, 0x32, 0x00, 0x10, 0x00, 0x0e, 0x00, 0x00, 0x00,
        0x02, 0x40, 0x00, 0x00, 0x1c, 0x2e, 0x4d, 0x3b, 0x1c, 0x2e, 0x4d, 0x3b,
        0x00, 0x00, 0x00, 0x00, 0x00, 0x00, 0x00, 0x00, 0x46, 0x00, 0x10, 0x00,
        0x0d, 0x00, 0x00, 0x00, 0x2f, 0x00, 0x00, 0x05, 0x32, 0x00, 0x10, 0x00,
        0x0d, 0x00, 0x00, 0x00, 0x46, 0x00, 0x10, 0x00, 0x0d, 0x00, 0x00, 0x00,
        0x38, 0x00, 0x00, 0x0a, 0x32, 0x00, 0x10, 0x00, 0x0d, 0x00, 0x00, 0x00,
        0x46, 0x00, 0x10, 0x00, 0x0d, 0x00, 0x00, 0x00, 0x02, 0x40, 0x00, 0x00,
        0x55, 0x55, 0xd5, 0x3e, 0x55, 0x55, 0xd5, 0x3e, 0x00, 0x00, 0x00, 0x00,
        0x00, 0x00, 0x00, 0x00, 0x19, 0x00, 0x00, 0x05, 0x32, 0x00, 0x10, 0x00,
        0x0d, 0x00, 0x00, 0x00, 0x46, 0x00, 0x10, 0x00, 0x0d, 0x00, 0x00, 0x00,
        0x32, 0x00, 0x00, 0x0f, 0x32, 0x00, 0x10, 0x00, 0x0d, 0x00, 0x00, 0x00,
        0x46, 0x00, 0x10, 0x00, 0x0d, 0x00, 0x00, 0x00, 0x02, 0x40, 0x00, 0x00,
        0x3d, 0x0a, 0x87, 0x3f, 0x3d, 0x0a, 0x87, 0x3f, 0x00, 0x00, 0x00, 0x00,
        0x00, 0x00, 0x00, 0x00, 0x02, 0x40, 0x00, 0x00, 0xae, 0x47, 0x61, 0xbd,
        0xae, 0x47, 0x61, 0xbd, 0x00, 0x00, 0x00, 0x00, 0x00, 0x00, 0x00, 0x00,
        0x37, 0x20, 0x00, 0x09, 0x32, 0x00, 0x10, 0x00, 0x0c, 0x00, 0x00, 0x00,
        0x46, 0x00, 0x10, 0x00, 0x0e, 0x00, 0x00, 0x00, 0x46, 0x00, 0x10, 0x00,
        0x0d, 0x00, 0x00, 0x00, 0xe6, 0x0a, 0x10, 0x00, 0x0d, 0x00, 0x00, 0x00,
        0x15, 0x00, 0x00, 0x01, 0x6d, 0x00, 0x00, 0x8b, 0xc2, 0x00, 0x00, 0x80,
        0x43, 0x55, 0x15, 0x00, 0xc2, 0x00, 0x10, 0x00, 0x02, 0x00, 0x00, 0x00,
        0xe6, 0x0a, 0x10, 0x00, 0x02, 0x00, 0x00, 0x00, 0x46, 0x7e, 0x10, 0x00,
        0x00, 0x00, 0x00, 0x00, 0x2a, 0x60, 0x10, 0x00, 0x00, 0x00, 0x00, 0x00,
        0x1f, 0x00, 0x04, 0x04, 0x0a, 0x80, 0x20, 0x00, 0x00, 0x00, 0x00, 0x00,
        0x04, 0x00, 0x00, 0x00, 0x34, 0x00, 0x00, 0x0a, 0x32, 0x00, 0x10, 0x00,
        0x0d, 0x00, 0x00, 0x00, 0xe6, 0x0a, 0x10, 0x00, 0x02, 0x00, 0x00, 0x00,
        0x02, 0x40, 0x00, 0x00, 0x00, 0x00, 0x00, 0x00, 0x00, 0x00, 0x00, 0x00,
        0x00, 0x00, 0x00, 0x00, 0x00, 0x00, 0x00, 0x00, 0x38, 0x00, 0x00, 0x0a,
        0xc2, 0x00, 0x10, 0x00, 0x0d, 0x00, 0x00, 0x00, 0x06, 0x04, 0x10, 0x00,
        0x0d, 0x00, 0x00, 0x00, 0x02, 0x40, 0x00, 0x00, 0x00, 0x00, 0x00, 0x00,
        0x00, 0x00, 0x00, 0x00, 0x52, 0xb8, 0x4e, 0x41, 0x52, 0xb8, 0x4e, 0x41,
        0x31, 0x00, 0x00, 0x0a, 0x32, 0x00, 0x10, 0x00, 0x0e, 0x00, 0x00, 0x00,
        0x02, 0x40, 0x00, 0x00, 0x1c, 0x2e, 0x4d, 0x3b, 0x1c, 0x2e, 0x4d, 0x3b,
        0x00, 0x00, 0x00, 0x00, 0x00, 0x00, 0x00, 0x00, 0x46, 0x00, 0x10, 0x00,
        0x0d, 0x00, 0x00, 0x00, 0x2f, 0x00, 0x00, 0x05, 0x32, 0x00, 0x10, 0x00,
        0x0d, 0x00, 0x00, 0x00, 0x46, 0x00, 0x10, 0x00, 0x0d, 0x00, 0x00, 0x00,
        0x38, 0x00, 0x00, 0x0a, 0x32, 0x00, 0x10, 0x00, 0x0d, 0x00, 0x00, 0x00,
        0x46, 0x00, 0x10, 0x00, 0x0d, 0x00, 0x00, 0x00, 0x02, 0x40, 0x00, 0x00,
        0x55, 0x55, 0xd5, 0x3e, 0x55, 0x55, 0xd5, 0x3e, 0x00, 0x00, 0x00, 0x00,
        0x00, 0x00, 0x00, 0x00, 0x19, 0x00, 0x00, 0x05, 0x32, 0x00, 0x10, 0x00,
        0x0d, 0x00, 0x00, 0x00, 0x46, 0x00, 0x10, 0x00, 0x0d, 0x00, 0x00, 0x00,
        0x32, 0x00, 0x00, 0x0f, 0x32, 0x00, 0x10, 0x00, 0x0d, 0x00, 0x00, 0x00,
        0x46, 0x00, 0x10, 0x00, 0x0d, 0x00, 0x00, 0x00, 0x02, 0x40, 0x00, 0x00,
        0x3d, 0x0a, 0x87, 0x3f, 0x3d, 0x0a, 0x87, 0x3f, 0x00, 0x00, 0x00, 0x00,
        0x00, 0x00, 0x00, 0x00, 0x02, 0x40, 0x00, 0x00, 0xae, 0x47, 0x61, 0xbd,
        0xae, 0x47, 0x61, 0xbd, 0x00, 0x00, 0x00, 0x00, 0x00, 0x00, 0x00, 0x00,
        0x37, 0x20, 0x00, 0x09, 0xc2, 0x00, 0x10, 0x00, 0x02, 0x00, 0x00, 0x00,
        0x06, 0x04, 0x10, 0x00, 0x0e, 0x00, 0x00, 0x00, 0x06, 0x04, 0x10, 0x00,
        0x0d, 0x00, 0x00, 0x00, 0xa6, 0x0e, 0x10, 0x00, 0x0d, 0x00, 0x00, 0x00,
        0x15, 0x00, 0x00, 0x01, 0x32, 0x00, 0x00, 0x0c, 0x32, 0x00, 0x10, 0x00,
        0x0d, 0x00, 0x00, 0x00, 0x46, 0x00, 0x10, 0x00, 0x04, 0x00, 0x00, 0x00,
        0x02, 0x40, 0x00, 0x00, 0x00, 0x00, 0x00, 0x3f, 0x00, 0x00, 0x00, 0x3f,
        0x00, 0x00, 0x00, 0x00, 0x00, 0x00, 0x00, 0x00, 0x46, 0x00, 0x10, 0x00,
        0x05, 0x00, 0x00, 0x00, 0x32, 0x00, 0x00, 0x0c, 0x32, 0x00, 0x10, 0x00,
        0x0d, 0x00, 0x00, 0x00, 0x46, 0x00, 0x10, 0x00, 0x02, 0x00, 0x00, 0x00,
        0x02, 0x40, 0x00, 0x00, 0x00, 0x00, 0x00, 0x3f, 0x00, 0x00, 0x00, 0x3f,
        0x00, 0x00, 0x00, 0x00, 0x00, 0x00, 0x00, 0x00, 0x46, 0x00, 0x10, 0x00,
        0x0d, 0x00, 0x00, 0x00, 0x32, 0x00, 0x00, 0x0c, 0xf2, 0x00, 0x10, 0x00,
        0x0e, 0x00, 0x00, 0x00, 0xe6, 0x01, 0x10, 0x00, 0x06, 0x00, 0x00, 0x00,
        0x02, 0x40, 0x00, 0x00, 0x00, 0x00, 0x00, 0x3f, 0x00, 0x00, 0x00, 0x3f,
        0x00, 0x00, 0x00, 0x3f, 0x00, 0x00, 0x00, 0x3f, 0xe6, 0x01, 0x10, 0x00,
        0x07, 0x00, 0x00, 0x00, 0x32, 0x00, 0x00, 0x0c, 0xf2, 0x00, 0x10, 0x00,
        0x0e, 0x00, 0x00, 0x00, 0xd6, 0x08, 0x10, 0x00, 0x08, 0x00, 0x00, 0x00,
        0x02, 0x40, 0x00, 0x00, 0x00, 0x00, 0x00, 0x3f, 0x00, 0x00, 0x00, 0x3f,
        0x00, 0x00, 0x00, 0x3f, 0x00, 0x00, 0x00, 0x3f, 0x46, 0x0e, 0x10, 0x00,
        0x0e, 0x00, 0x00, 0x00, 0x32, 0x00, 0x00, 0x0c, 0xf2, 0x00, 0x10, 0x00,
        0x0f, 0x00, 0x00, 0x00, 0x46, 0x0e, 0x10, 0x00, 0x09, 0x00, 0x00, 0x00,
        0x02, 0x40, 0x00, 0x00, 0x00, 0x00, 0x00, 0x3f, 0x00, 0x00, 0x00, 0x3f,
        0x00, 0x00, 0x00, 0x3f, 0x00, 0x00, 0x00, 0x3f, 0x46, 0x0e, 0x10, 0x00,
        0x0a, 0x00, 0x00, 0x00, 0x32, 0x00, 0x00, 0x0c, 0xf2, 0x00, 0x10, 0x00,
        0x0f, 0x00, 0x00, 0x00, 0x46, 0x0e, 0x10, 0x00, 0x03, 0x00, 0x00, 0x00,
        0x02, 0x40, 0x00, 0x00, 0x00, 0x00, 0x00, 0x3f, 0x00, 0x00, 0x00, 0x3f,
        0x00, 0x00, 0x00, 0x3f, 0x00, 0x00, 0x00, 0x3f, 0x46, 0x0e, 0x10, 0x00,
        0x0f, 0x00, 0x00, 0x00, 0x32, 0x00, 0x00, 0x0c, 0xc2, 0x00, 0x10, 0x00,
        0x0d, 0x00, 0x00, 0x00, 0x06, 0x04, 0x10, 0x00, 0x0b, 0x00, 0x00, 0x00,
        0x02, 0x40, 0x00, 0x00, 0x00, 0x00, 0x00, 0x00, 0x00, 0x00, 0x00, 0x00,
        0x00, 0x00, 0x00, 0x3f, 0x00, 0x00, 0x00, 0x3f, 0x06, 0x04, 0x10, 0x00,
        0x0c, 0x00, 0x00, 0x00, 0x32, 0x00, 0x00, 0x0c, 0xc2, 0x00, 0x10, 0x00,
        0x0d, 0x00, 0x00, 0x00, 0xa6, 0x0e, 0x10, 0x00, 0x02, 0x00, 0x00, 0x00,
        0x02, 0x40, 0x00, 0x00, 0x00, 0x00, 0x00, 0x00, 0x00, 0x00, 0x00, 0x00,
        0x00, 0x00, 0x00, 0x3f, 0x00, 0x00, 0x00, 0x3f, 0xa6, 0x0e, 0x10, 0x00,
        0x0d, 0x00, 0x00, 0x00, 0x00, 0x00, 0x00, 0x0b, 0xf2, 0x00, 0x10, 0x00,
        0x10, 0x00, 0x00, 0x00, 0x46, 0x04, 0x10, 0x80, 0x41, 0x00, 0x00, 0x00,
        0x01, 0x00, 0x00, 0x00, 0x02, 0x40, 0x00, 0x00, 0x00, 0x00, 0x80, 0x3f,
        0x00, 0x00, 0x80, 0x3f, 0x00, 0x00, 0x00, 0x00, 0x00, 0x00, 0x80, 0xbf,
        0x38, 0x00, 0x00, 0x07, 0x12, 0x00, 0x10, 0x00, 0x11, 0x00, 0x00, 0x00,
        0x1a, 0x00, 0x10, 0x00, 0x10, 0x00, 0x00, 0x00, 0x0a, 0x00, 0x10, 0x00,
        0x10, 0x00, 0x00, 0x00, 0x00, 0x00, 0x00, 0x08, 0xf2, 0x00, 0x10, 0x00,
        0x12, 0x00, 0x00, 0x00, 0x46, 0x08, 0x10, 0x80, 0x41, 0x00, 0x00, 0x00,
        0x0e, 0x00, 0x00, 0x00, 0xf6, 0x02, 0x10, 0x00, 0x0f, 0x00, 0x00, 0x00,
        0x00, 0x00, 0x00, 0x08, 0xe2, 0x00, 0x10, 0x00, 0x11, 0x00, 0x00, 0x00,
        0x56, 0x0c, 0x10, 0x80, 0x41, 0x00, 0x00, 0x00, 0x0e, 0x00, 0x00, 0x00,
        0x06, 0x0a, 0x10, 0x00, 0x0e, 0x00, 0x00, 0x00, 0x34, 0x00, 0x00, 0x09,
        0xa2, 0x00, 0x10, 0x00, 0x11, 0x00, 0x00, 0x00, 0x56, 0x0d, 0x10, 0x80,
        0x81, 0x00, 0x00, 0x00, 0x11, 0x00, 0x00, 0x00, 0x06, 0x0c, 0x10, 0x80,
        0x81, 0x00, 0x00, 0x00, 0x12, 0x00, 0x00, 0x00, 0x1e, 0x00, 0x00, 0x0b,
        0xa2, 0x00, 0x10, 0x00, 0x11, 0x00, 0x00, 0x00, 0x56, 0x0d, 0x10, 0x80,
        0x41, 0x00, 0x00, 0x00, 0x11, 0x00, 0x00, 0x00, 0x02, 0x40, 0x00, 0x00,
        0x00, 0x00, 0x00, 0x00, 0xbb, 0x7e, 0xf0, 0x7e, 0x00, 0x00, 0x00, 0x00,
        0xbb, 0x7e, 0xf0, 0x7e, 0x38, 0x20, 0x00, 0x08, 0x22, 0x00, 0x10, 0x00,
        0x0e, 0x00, 0x00, 0x00, 0x1a, 0x00, 0x10, 0x00, 0x11, 0x00, 0x00, 0x00,
        0x1a, 0x00, 0x10, 0x80, 0x81, 0x00, 0x00, 0x00, 0x12, 0x00, 0x00, 0x00,
        0x38, 0x00, 0x00, 0x07, 0x22, 0x00, 0x10, 0x00, 0x0e, 0x00, 0x00, 0x00,
        0x1a, 0x00, 0x10, 0x00, 0x0e, 0x00, 0x00, 0x00, 0x1a, 0x00, 0x10, 0x00,
        0x0e, 0x00, 0x00, 0x00, 0x00, 0x00, 0x00, 0x08, 0x32, 0x00, 0x10, 0x00,
        0x13, 0x00, 0x00, 0x00, 0x06, 0x00, 0x10, 0x80, 0x41, 0x00, 0x00, 0x00,
        0x0d, 0x00, 0x00, 0x00, 0x86, 0x00, 0x10, 0x00, 0x0e, 0x00, 0x00, 0x00,
        0x34, 0x00, 0x00, 0x09, 0x12, 0x00, 0x10, 0x00, 0x0d, 0x00, 0x00, 0x00,
        0x2a, 0x00, 0x10, 0x80, 0x81, 0x00, 0x00, 0x00, 0x11, 0x00, 0x00, 0x00,
        0x0a, 0x00, 0x10, 0x80, 0x81, 0x00, 0x00, 0x00, 0x13, 0x00, 0x00, 0x00,
        0x1e, 0x00, 0x00, 0x08, 0x12, 0x00, 0x10, 0x00, 0x0d, 0x00, 0x00, 0x00,
        0x0a, 0x00, 0x10, 0x80, 0x41, 0x00, 0x00, 0x00, 0x0d, 0x00, 0x00, 0x00,
        0x01, 0x40, 0x00, 0x00, 0xbb, 0x7e, 0xf0, 0x7e, 0x38, 0x20, 0x00, 0x08,
        0x12, 0x00, 0x10, 0x00, 0x0d, 0x00, 0x00, 0x00, 0x0a, 0x00, 0x10, 0x00,
        0x0d, 0x00, 0x00, 0x00, 0x1a, 0x00, 0x10, 0x80, 0x81, 0x00, 0x00, 0x00,
        0x13, 0x00, 0x00, 0x00, 0x38, 0x00, 0x00, 0x07, 0x12, 0x00, 0x10, 0x00,
        0x0d, 0x00, 0x00, 0x00, 0x0a, 0x00, 0x10, 0x00, 0x0d, 0x00, 0x00, 0x00,
        0x0a, 0x00, 0x10, 0x00, 0x0d, 0x00, 0x00, 0x00, 0x38, 0x00, 0x00, 0x07,
        0x12, 0x00, 0x10, 0x00, 0x0d, 0x00, 0x00, 0x00, 0x0a, 0x00, 0x10, 0x00,
        0x11, 0x00, 0x00, 0x00, 0x0a, 0x00, 0x10, 0x00, 0x0d, 0x00, 0x00, 0x00,
        0x32, 0x00, 0x00, 0x09, 0x12, 0x00, 0x10, 0x00, 0x0d, 0x00, 0x00, 0x00,
        0x1a, 0x00, 0x10, 0x00, 0x0e, 0x00, 0x00, 0x00, 0x0a, 0x00, 0x10, 0x00,
        0x11, 0x00, 0x00, 0x00, 0x0a, 0x00, 0x10, 0x00, 0x0d, 0x00, 0x00, 0x00,
        0x38, 0x00, 0x00, 0x07, 0x32, 0x00, 0x10, 0x00, 0x10, 0x00, 0x00, 0x00,
        0x46, 0x00, 0x10, 0x00, 0x01, 0x00, 0x00, 0x00, 0x16, 0x05, 0x10, 0x00,
        0x10, 0x00, 0x00, 0x00, 0x00, 0x00, 0x00, 0x08, 0xd2, 0x00, 0x10, 0x00,
        0x13, 0x00, 0x00, 0x00, 0xf6, 0x03, 0x10, 0x80, 0x41, 0x00, 0x00, 0x00,
        0x0f, 0x00, 0x00, 0x00, 0xa6, 0x04, 0x10, 0x00, 0x0f, 0x00, 0x00, 0x00,
        0x34, 0x00, 0x00, 0x09, 0x92, 0x00, 0x10, 0x00, 0x12, 0x00, 0x00, 0x00,
        0x06, 0x0c, 0x10, 0x80, 0x81, 0x00, 0x00, 0x00, 0x12, 0x00, 0x00, 0x00,
        0x06, 0x0c, 0x10, 0x80, 0x81, 0x00, 0x00, 0x00, 0x13, 0x00, 0x00, 0x00,
        0x1e, 0x00, 0x00, 0x0b, 0x92, 0x00, 0x10, 0x00, 0x12, 0x00, 0x00, 0x00,
        0x06, 0x0c, 0x10, 0x80, 0x41, 0x00, 0x00, 0x00, 0x12, 0x00, 0x00, 0x00,
        0x02, 0x40, 0x00, 0x00, 0xbb, 0x7e, 0xf0, 0x7e, 0x00, 0x00, 0x00, 0x00,
        0x00, 0x00, 0x00, 0x00, 0xbb, 0x7e, 0xf0, 0x7e, 0x38, 0x00, 0x00, 0x07,
        0x22, 0x00, 0x10, 0x00, 0x0e, 0x00, 0x00, 0x00, 0x0a, 0x00, 0x10, 0x00,
        0x10, 0x00, 0x00, 0x00, 0x2a, 0x00, 0x10, 0x00, 0x12, 0x00, 0x00, 0x00,
        0x32, 0x00, 0x00, 0x09, 0x22, 0x00, 0x10, 0x00, 0x0e, 0x00, 0x00, 0x00,
        0x1a, 0x00, 0x10, 0x00, 0x12, 0x00, 0x00, 0x00, 0x0a, 0x00, 0x10, 0x00,
        0x11, 0x00, 0x00, 0x00, 0x1a, 0x00, 0x10, 0x00, 0x0e, 0x00, 0x00, 0x00,
        0x38, 0x20, 0x00, 0x08, 0x42, 0x00, 0x10, 0x00, 0x0f, 0x00, 0x00, 0x00,
        0x0a, 0x00, 0x10, 0x00, 0x12, 0x00, 0x00, 0x00, 0x2a, 0x00, 0x10, 0x80,
        0x81, 0x00, 0x00, 0x00, 0x12, 0x00, 0x00, 0x00, 0x38, 0x00, 0x00, 0x07,
        0x42, 0x00, 0x10, 0x00, 0x0f, 0x00, 0x00, 0x00, 0x2a, 0x00, 0x10, 0x00,
        0x0f, 0x00, 0x00, 0x00, 0x2a, 0x00, 0x10, 0x00, 0x0f, 0x00, 0x00, 0x00,
        0x32, 0x00, 0x00, 0x09, 0x12, 0x00, 0x10, 0x00, 0x0d, 0x00, 0x00, 0x00,
        0x2a, 0x00, 0x10, 0x00, 0x0f, 0x00, 0x00, 0x00, 0x0a, 0x00, 0x10, 0x00,
        0x10, 0x00, 0x00, 0x00, 0x0a, 0x00, 0x10, 0x00, 0x0d, 0x00, 0x00, 0x00,
        0x00, 0x00, 0x00, 0x08, 0x32, 0x00, 0x10, 0x00, 0x12, 0x00, 0x00, 0x00,
        0x56, 0x05, 0x10, 0x80, 0x41, 0x00, 0x00, 0x00, 0x0d, 0x00, 0x00, 0x00,
        0x36, 0x0f, 0x10, 0x00, 0x0f, 0x00, 0x00, 0x00, 0x34, 0x00, 0x00, 0x09,
        0x22, 0x00, 0x10, 0x00, 0x0d, 0x00, 0x00, 0x00, 0x0a, 0x00, 0x10, 0x80,
        0x81, 0x00, 0x00, 0x00, 0x12, 0x00, 0x00, 0x00, 0x2a, 0x00, 0x10, 0x80,
        0x81, 0x00, 0x00, 0x00, 0x13, 0x00, 0x00, 0x00, 0x1e, 0x00, 0x00, 0x08,
        0x22, 0x00, 0x10, 0x00, 0x0d, 0x00, 0x00, 0x00, 0x1a, 0x00, 0x10, 0x80,
        0x41, 0x00, 0x00, 0x00, 0x0d, 0x00, 0x00, 0x00, 0x01, 0x40, 0x00, 0x00,
        0xbb, 0x7e, 0xf0, 0x7e, 0x38, 0x00, 0x00, 0x07, 0x42, 0x00, 0x10, 0x00,
        0x0f, 0x00, 0x00, 0x00, 0x0a, 0x00, 0x10, 0x00, 0x10, 0x00, 0x00, 0x00,
        0x1a, 0x00, 0x10, 0x00, 0x12, 0x00, 0x00, 0x00, 0x32, 0x00, 0x00, 0x09,
        0x42, 0x00, 0x10, 0x00, 0x0f, 0x00, 0x00, 0x00, 0x1a, 0x00, 0x10, 0x00,
        0x13, 0x00, 0x00, 0x00, 0x0a, 0x00, 0x10, 0x00, 0x11, 0x00, 0x00, 0x00,
        0x2a, 0x00, 0x10, 0x00, 0x0f, 0x00, 0x00, 0x00, 0x38, 0x20, 0x00, 0x08,
        0x22, 0x00, 0x10, 0x00, 0x0d, 0x00, 0x00, 0x00, 0x1a, 0x00, 0x10, 0x00,
        0x0d, 0x00, 0x00, 0x00, 0x1a, 0x00, 0x10, 0x80, 0x81, 0x00, 0x00, 0x00,
        0x12, 0x00, 0x00, 0x00, 0x38, 0x00, 0x00, 0x07, 0x22, 0x00, 0x10, 0x00,
        0x0d, 0x00, 0x00, 0x00, 0x1a, 0x00, 0x10, 0x00, 0x0d, 0x00, 0x00, 0x00,
        0x1a, 0x00, 0x10, 0x00, 0x0d, 0x00, 0x00, 0x00, 0x32, 0x00, 0x00, 0x09,
        0x12, 0x00, 0x10, 0x00, 0x0d, 0x00, 0x00, 0x00, 0x1a, 0x00, 0x10, 0x00,
        0x0d, 0x00, 0x00, 0x00, 0x0a, 0x00, 0x10, 0x00, 0x10, 0x00, 0x00, 0x00,
        0x0a, 0x00, 0x10, 0x00, 0x0d, 0x00, 0x00, 0x00, 0x00, 0x00, 0x00, 0x08,
        0x32, 0x00, 0x10, 0x00, 0x11, 0x00, 0x00, 0x00, 0xb6, 0x0f, 0x10, 0x80,
        0x41, 0x00, 0x00, 0x00, 0x0e, 0x00, 0x00, 0x00, 0x46, 0x00, 0x10, 0x00,
        0x0f, 0x00, 0x00, 0x00, 0x32, 0x00, 0x00, 0x09, 0x22, 0x00, 0x10, 0x00,
        0x0d, 0x00, 0x00, 0x00, 0x0a, 0x00, 0x10, 0x00, 0x11, 0x00, 0x00, 0x00,
        0x1a, 0x00, 0x10, 0x00, 0x10, 0x00, 0x00, 0x00, 0x1a, 0x00, 0x10, 0x00,
        0x0e, 0x00, 0x00, 0x00, 0x38, 0x20, 0x00, 0x08, 0x22, 0x00, 0x10, 0x00,
        0x0e, 0x00, 0x00, 0x00, 0x3a, 0x00, 0x10, 0x00, 0x11, 0x00, 0x00, 0x00,
        0x0a, 0x00, 0x10, 0x80, 0x81, 0x00, 0x00, 0x00, 0x11, 0x00, 0x00, 0x00,
        0x38, 0x00, 0x00, 0x07, 0x22, 0x00, 0x10, 0x00, 0x0e, 0x00, 0x00, 0x00,
        0x1a, 0x00, 0x10, 0x00, 0x0e, 0x00, 0x00, 0x00, 0x1a, 0x00, 0x10, 0x00,
        0x0e, 0x00, 0x00, 0x00, 0x32, 0x00, 0x00, 0x09, 0x12, 0x00, 0x10, 0x00,
        0x0d, 0x00, 0x00, 0x00, 0x1a, 0x00, 0x10, 0x00, 0x0e, 0x00, 0x00, 0x00,
        0x1a, 0x00, 0x10, 0x00, 0x10, 0x00, 0x00, 0x00, 0x0a, 0x00, 0x10, 0x00,
        0x0d, 0x00, 0x00, 0x00, 0x00, 0x00, 0x00, 0x08, 0x32, 0x00, 0x10, 0x00,
        0x0e, 0x00, 0x00, 0x00, 0x26, 0x0a, 0x10, 0x80, 0x41, 0x00, 0x00, 0x00,
        0x0e, 0x00, 0x00, 0x00, 0xf6, 0x0f, 0x10, 0x00, 0x0d, 0x00, 0x00, 0x00,
        0x34, 0x00, 0x00, 0x09, 0x82, 0x00, 0x10, 0x00, 0x0d, 0x00, 0x00, 0x00,
        0x2a, 0x00, 0x10, 0x80, 0x81, 0x00, 0x00, 0x00, 0x11, 0x00, 0x00, 0x00,
        0x0a, 0x00, 0x10, 0x80, 0x81, 0x00, 0x00, 0x00, 0x0e, 0x00, 0x00, 0x00,
        0x1e, 0x00, 0x00, 0x08, 0x82, 0x00, 0x10, 0x00, 0x0d, 0x00, 0x00, 0x00,
        0x3a, 0x00, 0x10, 0x80, 0x41, 0x00, 0x00, 0x00, 0x0d, 0x00, 0x00, 0x00,
        0x01, 0x40, 0x00, 0x00, 0xbb, 0x7e, 0xf0, 0x7e, 0x32, 0x00, 0x00, 0x09,
        0x12, 0x00, 0x10, 0x00, 0x0e, 0x00, 0x00, 0x00, 0x1a, 0x00, 0x10, 0x00,
        0x0e, 0x00, 0x00, 0x00, 0x1a, 0x00, 0x10, 0x00, 0x10, 0x00, 0x00, 0x00,
        0x2a, 0x00, 0x10, 0x00, 0x0f, 0x00, 0x00, 0x00, 0x38, 0x20, 0x00, 0x08,
        0x82, 0x00, 0x10, 0x00, 0x0d, 0x00, 0x00, 0x00, 0x3a, 0x00, 0x10, 0x00,
        0x0d, 0x00, 0x00, 0x00, 0x1a, 0x00, 0x10, 0x80, 0x81, 0x00, 0x00, 0x00,
        0x0e, 0x00, 0x00, 0x00, 0x38, 0x00, 0x00, 0x07, 0x82, 0x00, 0x10, 0x00,
        0x0d, 0x00, 0x00, 0x00, 0x3a, 0x00, 0x10, 0x00, 0x0d, 0x00, 0x00, 0x00,
        0x3a, 0x00, 0x10, 0x00, 0x0d, 0x00, 0x00, 0x00, 0x32, 0x00, 0x00, 0x09,
        0x12, 0x00, 0x10, 0x00, 0x0d, 0x00, 0x00, 0x00, 0x3a, 0x00, 0x10, 0x00,
        0x0d, 0x00, 0x00, 0x00, 0x1a, 0x00, 0x10, 0x00, 0x10, 0x00, 0x00, 0x00,
        0x0a, 0x00, 0x10, 0x00, 0x0d, 0x00, 0x00, 0x00, 0x38, 0x00, 0x00, 0x07,
        0x82, 0x00, 0x10, 0x00, 0x0d, 0x00, 0x00, 0x00, 0x1a, 0x00, 0x10, 0x00,
        0x01, 0x00, 0x00, 0x00, 0x0a, 0x00, 0x10, 0x00, 0x01, 0x00, 0x00, 0x00,
        0x32, 0x00, 0x00, 0x09, 0x22, 0x00, 0x10, 0x00, 0x12, 0x00, 0x00, 0x00,
        0x1a, 0x00, 0x10, 0x00, 0x11, 0x00, 0x00, 0x00, 0x3a, 0x00, 0x10, 0x00,
        0x0d, 0x00, 0x00, 0x00, 0x1a, 0x00, 0x10, 0x00, 0x0d, 0x00, 0x00, 0x00,
        0x38, 0x20, 0x00, 0x08, 0x22, 0x00, 0x10, 0x00, 0x0d, 0x00, 0x00, 0x00,
        0x3a, 0x00, 0x10, 0x00, 0x12, 0x00, 0x00, 0x00, 0x1a, 0x00, 0x10, 0x80,
        0x81, 0x00, 0x00, 0x00, 0x11, 0x00, 0x00, 0x00, 0x38, 0x00, 0x00, 0x07,
        0x22, 0x00, 0x10, 0x00, 0x0d, 0x00, 0x00, 0x00, 0x1a, 0x00, 0x10, 0x00,
        0x0d, 0x00, 0x00, 0x00, 0x1a, 0x00, 0x10, 0x00, 0x0d, 0x00, 0x00, 0x00,
        0x32, 0x00, 0x00, 0x09, 0x12, 0x00, 0x10, 0x00, 0x0d, 0x00, 0x00, 0x00,
        0x1a, 0x00, 0x10, 0x00, 0x0d, 0x00, 0x00, 0x00, 0x3a, 0x00, 0x10, 0x00,
        0x0d, 0x00, 0x00, 0x00, 0x0a, 0x00, 0x10, 0x00, 0x0d, 0x00, 0x00, 0x00,
        0x00, 0x00, 0x00, 0x08, 0x62, 0x00, 0x10, 0x00, 0x0d, 0x00, 0x00, 0x00,
        0x06, 0x03, 0x10, 0x80, 0x41, 0x00, 0x00, 0x00, 0x0f, 0x00, 0x00, 0x00,
        0xa6, 0x0a, 0x10, 0x00, 0x0d, 0x00, 0x00, 0x00, 0x34, 0x00, 0x00, 0x09,
        0x22, 0x00, 0x10, 0x00, 0x0d, 0x00, 0x00, 0x00, 0x2a, 0x00, 0x10, 0x80,
        0x81, 0x00, 0x00, 0x00, 0x13, 0x00, 0x00, 0x00, 0x1a, 0x00, 0x10, 0x80,
        0x81, 0x00, 0x00, 0x00, 0x0d, 0x00, 0x00, 0x00, 0x1e, 0x00, 0x00, 0x08,
        0x22, 0x00, 0x10, 0x00, 0x0d, 0x00, 0x00, 0x00, 0x1a, 0x00, 0x10, 0x80,
        0x41, 0x00, 0x00, 0x00, 0x0d, 0x00, 0x00, 0x00, 0x01, 0x40, 0x00, 0x00,
        0xbb, 0x7e, 0xf0, 0x7e, 0x32, 0x00, 0x00, 0x09, 0x42, 0x00, 0x10, 0x00,
        0x12, 0x00, 0x00, 0x00, 0x2a, 0x00, 0x10, 0x00, 0x0d, 0x00, 0x00, 0x00,
        0x3a, 0x00, 0x10, 0x00, 0x0d, 0x00, 0x00, 0x00, 0x0a, 0x00, 0x10, 0x00,
        0x0e, 0x00, 0x00, 0x00, 0x38, 0x20, 0x00, 0x08, 0x22, 0x00, 0x10, 0x00,
        0x0d, 0x00, 0x00, 0x00, 0x1a, 0x00, 0x10, 0x00, 0x0d, 0x00, 0x00, 0x00,
        0x2a, 0x00, 0x10, 0x80, 0x81, 0x00, 0x00, 0x00, 0x0d, 0x00, 0x00, 0x00,
        0x38, 0x00, 0x00, 0x07, 0x22, 0x00, 0x10, 0x00, 0x0d, 0x00, 0x00, 0x00,
        0x1a, 0x00, 0x10, 0x00, 0x0d, 0x00, 0x00, 0x00, 0x1a, 0x00, 0x10, 0x00,
        0x0d, 0x00, 0x00, 0x00, 0x32, 0x00, 0x00, 0x09, 0x12, 0x00, 0x10, 0x00,
        0x0d, 0x00, 0x00, 0x00, 0x1a, 0x00, 0x10, 0x00, 0x0d, 0x00, 0x00, 0x00,
        0x3a, 0x00, 0x10, 0x00, 0x0d, 0x00, 0x00, 0x00, 0x0a, 0x00, 0x10, 0x00,
        0x0d, 0x00, 0x00, 0x00, 0x38, 0x00, 0x00, 0x07, 0x62, 0x00, 0x10, 0x00,
        0x0d, 0x00, 0x00, 0x00, 0x56, 0x06, 0x10, 0x00, 0x12, 0x00, 0x00, 0x00,
        0x56, 0x06, 0x10, 0x00, 0x12, 0x00, 0x00, 0x00, 0x00, 0x00, 0x00, 0x07,
        0x22, 0x00, 0x10, 0x00, 0x0d, 0x00, 0x00, 0x00, 0x2a, 0x00, 0x10, 0x00,
        0x0d, 0x00, 0x00, 0x00, 0x1a, 0x00, 0x10, 0x00, 0x0d, 0x00, 0x00, 0x00,
        0x31, 0x00, 0x00, 0x07, 0x42, 0x00, 0x10, 0x00, 0x0d, 0x00, 0x00, 0x00,
        0x1a, 0x00, 0x10, 0x00, 0x0d, 0x00, 0x00, 0x00, 0x01, 0x40, 0x00, 0x00,
        0x00, 0x00, 0x00, 0x38, 0x55, 0x00, 0x00, 0x07, 0x22, 0x00, 0x10, 0x00,
        0x0d, 0x00, 0x00, 0x00, 0x1a, 0x00, 0x10, 0x00, 0x0d, 0x00, 0x00, 0x00,
        0x01, 0x40, 0x00, 0x00, 0x01, 0x00, 0x00, 0x00, 0x1e, 0x00, 0x00, 0x08,
        0x22, 0x00, 0x10, 0x00, 0x0d, 0x00, 0x00, 0x00, 0x1a, 0x00, 0x10, 0x80,
        0x41, 0x00, 0x00, 0x00, 0x0d, 0x00, 0x00, 0x00, 0x01, 0x40, 0x00, 0x00,
        0x74, 0x7d, 0x34, 0x5f, 0x37, 0x00, 0x00, 0x09, 0x22, 0x00, 0x10, 0x00,
        0x0d, 0x00, 0x00, 0x00, 0x2a, 0x00, 0x10, 0x00, 0x0d, 0x00, 0x00, 0x00,
        0x01, 0x40, 0x00, 0x00, 0x00, 0x00, 0x80, 0x3f, 0x1a, 0x00, 0x10, 0x00,
        0x0d, 0x00, 0x00, 0x00, 0x37, 0x00, 0x00, 0x09, 0x12, 0x00, 0x10, 0x00,
        0x12, 0x00, 0x00, 0x00, 0x2a, 0x00, 0x10, 0x00, 0x0d, 0x00, 0x00, 0x00,
        0x01, 0x40, 0x00, 0x00, 0x00, 0x00, 0x80, 0x3f, 0x1a, 0x00, 0x10, 0x00,
        0x12, 0x00, 0x00, 0x00, 0x38, 0x00, 0x00, 0x07, 0x62, 0x00, 0x10, 0x00,
        0x0d, 0x00, 0x00, 0x00, 0x56, 0x05, 0x10, 0x00, 0x0d, 0x00, 0x00, 0x00,
        0x06, 0x02, 0x10, 0x00, 0x12, 0x00, 0x00, 0x00, 0x38, 0x00, 0x00, 0x07,
        0x12, 0x00, 0x10, 0x00, 0x0d, 0x00, 0x00, 0x00, 0x0a, 0x00, 0x10, 0x00,
        0x0d, 0x00, 0x00, 0x00, 0x01, 0x40, 0x00, 0x00, 0x00, 0x00, 0x00, 0x3f,
        0x38, 0x00, 0x00, 0x07, 0x12, 0x00, 0x10, 0x00, 0x0d, 0x00, 0x00, 0x00,
        0x0a, 0x00, 0x10, 0x00, 0x0d, 0x00, 0x00, 0x00, 0x0a, 0x00, 0x10, 0x00,
        0x0d, 0x00, 0x00, 0x00, 0x0f, 0x00, 0x00, 0x07, 0x82, 0x00, 0x10, 0x00,
        0x0d, 0x00, 0x00, 0x00, 0x96, 0x05, 0x10, 0x00, 0x0d, 0x00, 0x00, 0x00,
        0x96, 0x05, 0x10, 0x00, 0x0d, 0x00, 0x00, 0x00, 0x34, 0x00, 0x00, 0x09,
        0x12, 0x00, 0x10, 0x00, 0x0e, 0x00, 0x00, 0x00, 0x2a, 0x00, 0x10, 0x80,
        0x81, 0x00, 0x00, 0x00, 0x0d, 0x00, 0x00, 0x00, 0x1a, 0x00, 0x10, 0x80,
        0x81, 0x00, 0x00, 0x00, 0x0d, 0x00, 0x00, 0x00, 0x1e, 0x00, 0x00, 0x08,
        0x12, 0x00, 0x10, 0x00, 0x0e, 0x00, 0x00, 0x00, 0x0a, 0x00, 0x10, 0x80,
        0x41, 0x00, 0x00, 0x00, 0x0e, 0x00, 0x00, 0x00, 0x01, 0x40, 0x00, 0x00,
        0xbb, 0x7e, 0xf0, 0x7e, 0x32, 0x00, 0x00, 0x09, 0x82, 0x00, 0x10, 0x00,
        0x0d, 0x00, 0x00, 0x00, 0x3a, 0x00, 0x10, 0x00, 0x0d, 0x00, 0x00, 0x00,
        0x0a, 0x00, 0x10, 0x00, 0x0e, 0x00, 0x00, 0x00, 0x01, 0x40, 0x00, 0x00,
        0x00, 0x00, 0x80, 0xbf, 0x32, 0x00, 0x00, 0x09, 0x12, 0x00, 0x10, 0x00,
        0x0e, 0x00, 0x00, 0x00, 0x3a, 0x00, 0x10, 0x00, 0x0d, 0x00, 0x00, 0x00,
        0x0a, 0x00, 0x10, 0x00, 0x0d, 0x00, 0x00, 0x00, 0x01, 0x40, 0x00, 0x00,
        0x00, 0x00, 0x80, 0x3f, 0x32, 0x00, 0x00, 0x0f, 0x62, 0x00, 0x10, 0x00,
        0x0e, 0x00, 0x00, 0x00, 0x06, 0x00, 0x10, 0x00, 0x0d, 0x00, 0x00, 0x00,
        0x02, 0x40, 0x00, 0x00, 0x00, 0x00, 0x00, 0x00, 0x00, 0x00, 0x00, 0xbf,
        0xe1, 0x7a, 0x94, 0xbe, 0x00, 0x00, 0x00, 0x00, 0x02, 0x40, 0x00, 0x00,
        0x00, 0x00, 0x00, 0x00, 0x00, 0x00, 0x80, 0x3f, 0x00, 0x00, 0x00, 0x3f,
        0x00, 0x00, 0x00, 0x00, 0x1e, 0x00, 0x00, 0x08, 0x12, 0x00, 0x10, 0x00,
        0x0d, 0x00, 0x00, 0x00, 0x2a, 0x00, 0x10, 0x80, 0x41, 0x00, 0x00, 0x00,
        0x0e, 0x00, 0x00, 0x00, 0x01, 0x40, 0x00, 0x00, 0xbb, 0x7e, 0xf0, 0x7e,
        0x36, 0x00, 0x00, 0x05, 0x12, 0x00, 0x10, 0x00, 0x0f, 0x00, 0x00, 0x00,
        0x3a, 0x00, 0x10, 0x00, 0x09, 0x00, 0x00, 0x00, 0x36, 0x00, 0x00, 0x05,
        0x22, 0x00, 0x10, 0x00, 0x0f, 0x00, 0x00, 0x00, 0x3a, 0x00, 0x10, 0x00,
        0x0a, 0x00, 0x00, 0x00, 0x36, 0x00, 0x00, 0x05, 0x42, 0x00, 0x10, 0x00,
        0x0f, 0x00, 0x00, 0x00, 0x3a, 0x00, 0x10, 0x00, 0x03, 0x00, 0x00, 0x00,
        0x36, 0x00, 0x00, 0x05, 0x12, 0x00, 0x10, 0x00, 0x11, 0x00, 0x00, 0x00,
        0x1a, 0x00, 0x10, 0x00, 0x06, 0x00, 0x00, 0x00, 0x36, 0x00, 0x00, 0x05,
        0x22, 0x00, 0x10, 0x00, 0x11, 0x00, 0x00, 0x00, 0x1a, 0x00, 0x10, 0x00,
        0x07, 0x00, 0x00, 0x00, 0x36, 0x00, 0x00, 0x05, 0x42, 0x00, 0x10, 0x00,
        0x11, 0x00, 0x00, 0x00, 0x0a, 0x00, 0x10, 0x00, 0x08, 0x00, 0x00, 0x00,
        0x33, 0x00, 0x00, 0x07, 0x72, 0x00, 0x10, 0x00, 0x12, 0x00, 0x00, 0x00,
        0x46, 0x02, 0x10, 0x00, 0x0f, 0x00, 0x00, 0x00, 0x46, 0x02, 0x10, 0x00,
        0x11, 0x00, 0x00, 0x00, 0x36, 0x00, 0x00, 0x05, 0x12, 0x00, 0x10, 0x00,
        0x13, 0x00, 0x00, 0x00, 0x2a, 0x00, 0x10, 0x00, 0x06, 0x00, 0x00, 0x00,
        0x36, 0x00, 0x00, 0x05, 0x22, 0x00, 0x10, 0x00, 0x13, 0x00, 0x00, 0x00,
        0x2a, 0x00, 0x10, 0x00, 0x07, 0x00, 0x00, 0x00, 0x36, 0x00, 0x00, 0x05,
        0x42, 0x00, 0x10, 0x00, 0x13, 0x00, 0x00, 0x00, 0x1a, 0x00, 0x10, 0x00,
        0x08, 0x00, 0x00, 0x00, 0x33, 0x00, 0x00, 0x07, 0x72, 0x00, 0x10, 0x00,
        0x12, 0x00, 0x00, 0x00, 0x46, 0x02, 0x10, 0x00, 0x12, 0x00, 0x00, 0x00,
        0x46, 0x02, 0x10, 0x00, 0x13, 0x00, 0x00, 0x00, 0x36, 0x00, 0x00, 0x05,
        0x12, 0x00, 0x10, 0x00, 0x14, 0x00, 0x00, 0x00, 0x0a, 0x00, 0x10, 0x00,
        0x09, 0x00, 0x00, 0x00, 0x36, 0x00, 0x00, 0x05, 0x22, 0x00, 0x10, 0x00,
        0x14, 0x00, 0x00, 0x00, 0x0a, 0x00, 0x10, 0x00, 0x0a, 0x00, 0x00, 0x00,
        0x36, 0x00, 0x00, 0x05, 0x42, 0x00, 0x10, 0x00, 0x14, 0x00, 0x00, 0x00,
        0x0a, 0x00, 0x10, 0x00, 0x03, 0x00, 0x00, 0x00, 0x33, 0x00, 0x00, 0x07,
        0x72, 0x00, 0x10, 0x00, 0x12, 0x00, 0x00, 0x00, 0x46, 0x02, 0x10, 0x00,
        0x12, 0x00, 0x00, 0x00, 0x46, 0x02, 0x10, 0x00, 0x14, 0x00, 0x00, 0x00,
        0x34, 0x00, 0x00, 0x07, 0x72, 0x00, 0x10, 0x00, 0x15, 0x00, 0x00, 0x00,
        0x46, 0x02, 0x10, 0x00, 0x0f, 0x00, 0x00, 0x00, 0x46, 0x02, 0x10, 0x00,
        0x11, 0x00, 0x00, 0x00, 0x34, 0x00, 0x00, 0x07, 0x72, 0x00, 0x10, 0x00,
        0x15, 0x00, 0x00, 0x00, 0x46, 0x02, 0x10, 0x00, 0x13, 0x00, 0x00, 0x00,
        0x46, 0x02, 0x10, 0x00, 0x15, 0x00, 0x00, 0x00, 0x34, 0x00, 0x00, 0x07,
        0x72, 0x00, 0x10, 0x00, 0x15, 0x00, 0x00, 0x00, 0x46, 0x02, 0x10, 0x00,
        0x14, 0x00, 0x00, 0x00, 0x46, 0x02, 0x10, 0x00, 0x15, 0x00, 0x00, 0x00,
        0x0f, 0x00, 0x00, 0x07, 0x12, 0x00, 0x10, 0x00, 0x10, 0x00, 0x00, 0x00,
        0xe6, 0x0a, 0x10, 0x00, 0x10, 0x00, 0x00, 0x00, 0x96, 0x05, 0x10, 0x00,
        0x0d, 0x00, 0x00, 0x00, 0x38, 0x00, 0x00, 0x07, 0x82, 0x00, 0x10, 0x00,
        0x03, 0x00, 0x00, 0x00, 0x1a, 0x00, 0x10, 0x00, 0x0d, 0x00, 0x00, 0x00,
        0x3a, 0x00, 0x10, 0x00, 0x10, 0x00, 0x00, 0x00, 0x32, 0x00, 0x00, 0x0a,
        0x22, 0x00, 0x10, 0x00, 0x10, 0x00, 0x00, 0x00, 0x2a, 0x00, 0x10, 0x00,
        0x10, 0x00, 0x00, 0x00, 0x2a, 0x00, 0x10, 0x80, 0x41, 0x00, 0x00, 0x00,
        0x0d, 0x00, 0x00, 0x00, 0x3a, 0x00, 0x10, 0x00, 0x03, 0x00, 0x00, 0x00,
        0x38, 0x00, 0x00, 0x07, 0x62, 0x00, 0x10, 0x00, 0x06, 0x00, 0x00, 0x00,
        0x06, 0x01, 0x10, 0x00, 0x0e, 0x00, 0x00, 0x00, 0x06, 0x01, 0x10, 0x00,
        0x10, 0x00, 0x00, 0x00, 0x0f, 0x00, 0x00, 0x07, 0x82, 0x00, 0x10, 0x00,
        0x03, 0x00, 0x00, 0x00, 0x96, 0x05, 0x10, 0x00, 0x06, 0x00, 0x00, 0x00,
        0x96, 0x05, 0x10, 0x00, 0x06, 0x00, 0x00, 0x00, 0x33, 0x00, 0x00, 0x07,
        0x82, 0x00, 0x10, 0x00, 0x03, 0x00, 0x00, 0x00, 0x0a, 0x00, 0x10, 0x00,
        0x0d, 0x00, 0x00, 0x00, 0x3a, 0x00, 0x10, 0x00, 0x03, 0x00, 0x00, 0x00,
        0x32, 0x00, 0x00, 0x09, 0x22, 0x00, 0x10, 0x00, 0x06, 0x00, 0x00, 0x00,
        0x3a, 0x00, 0x10, 0x00, 0x03, 0x00, 0x00, 0x00, 0x01, 0x40, 0x00, 0x00,
        0xcd, 0xcc, 0xcc, 0x3e, 0x01, 0x40, 0x00, 0x00, 0x00, 0x00, 0x80, 0xbf,
        0x32, 0x00, 0x00, 0x09, 0x82, 0x00, 0x10, 0x00, 0x03, 0x00, 0x00, 0x00,
        0x2a, 0x00, 0x10, 0x00, 0x0e, 0x00, 0x00, 0x00, 0x3a, 0x00, 0x10, 0x00,
        0x03, 0x00, 0x00, 0x00, 0x01, 0x40, 0x00, 0x00, 0x00, 0x00, 0x80, 0xbf,
        0x38, 0x00, 0x00, 0x07, 0x22, 0x00, 0x10, 0x00, 0x06, 0x00, 0x00, 0x00,
        0x1a, 0x00, 0x10, 0x00, 0x06, 0x00, 0x00, 0x00, 0x1a, 0x00, 0x10, 0x00,
        0x06, 0x00, 0x00, 0x00, 0x38, 0x00, 0x00, 0x07, 0x82, 0x00, 0x10, 0x00,
        0x03, 0x00, 0x00, 0x00, 0x3a, 0x00, 0x10, 0x00, 0x03, 0x00, 0x00, 0x00,
        0x3a, 0x00, 0x10, 0x00, 0x03, 0x00, 0x00, 0x00, 0x32, 0x00, 0x00, 0x09,
        0x22, 0x00, 0x10, 0x00, 0x06, 0x00, 0x00, 0x00, 0x1a, 0x00, 0x10, 0x00,
        0x06, 0x00, 0x00, 0x00, 0x01, 0x40, 0x00, 0x00, 0x00, 0x00, 0xc8, 0x3f,
        0x01, 0x40, 0x00, 0x00, 0x00, 0x00, 0x10, 0xbf, 0x38, 0x00, 0x00, 0x07,
        0x42, 0x00, 0x10, 0x00, 0x06, 0x00, 0x00, 0x00, 0x3a, 0x00, 0x10, 0x00,
        0x03, 0x00, 0x00, 0x00, 0x1a, 0x00, 0x10, 0x00, 0x06, 0x00, 0x00, 0x00,
        0x36, 0x00, 0x00, 0x05, 0x42, 0x00, 0x10, 0x00, 0x04, 0x00, 0x00, 0x00,
        0x0a, 0x00, 0x10, 0x00, 0x05, 0x00, 0x00, 0x00, 0x36, 0x00, 0x00, 0x05,
        0x82, 0x00, 0x10, 0x00, 0x04, 0x00, 0x00, 0x00, 0x0a, 0x00, 0x10, 0x00,
        0x02, 0x00, 0x00, 0x00, 0x00, 0x00, 0x00, 0x0b, 0xf2, 0x00, 0x10, 0x00,
        0x10, 0x00, 0x00, 0x00, 0x46, 0x04, 0x10, 0x80, 0x41, 0x00, 0x00, 0x00,
        0x01, 0x00, 0x00, 0x00, 0x02, 0x40, 0x00, 0x00, 0x00, 0x00, 0x80, 0x3f,
        0x00, 0x00, 0x80, 0xbf, 0x00, 0x00, 0x80, 0xbf, 0x00, 0x00, 0x80, 0x3f,
        0x0f, 0x00, 0x00, 0x07, 0x22, 0x00, 0x10, 0x00, 0x16, 0x00, 0x00, 0x00,
        0x46, 0x00, 0x10, 0x00, 0x10, 0x00, 0x00, 0x00, 0x96, 0x05, 0x10, 0x00,
        0x0d, 0x00, 0x00, 0x00, 0x38, 0x00, 0x00, 0x07, 0x62, 0x00, 0x10, 0x00,
        0x07, 0x00, 0x00, 0x00, 0x56, 0x05, 0x10, 0x00, 0x0d, 0x00, 0x00, 0x00,
        0x56, 0x07, 0x10, 0x00, 0x10, 0x00, 0x00, 0x00, 0x32, 0x00, 0x00, 0x0a,
        0xc2, 0x00, 0x10, 0x00, 0x16, 0x00, 0x00, 0x00, 0x06, 0x08, 0x10, 0x00,
        0x10, 0x00, 0x00, 0x00, 0xa6, 0x0a, 0x10, 0x80, 0x41, 0x00, 0x00, 0x00,
        0x0d, 0x00, 0x00, 0x00, 0x56, 0x09, 0x10, 0x00, 0x07, 0x00, 0x00, 0x00,
        0x38, 0x00, 0x00, 0x07, 0x62, 0x00, 0x10, 0x00, 0x07, 0x00, 0x00, 0x00,
        0x06, 0x01, 0x10, 0x00, 0x0e, 0x00, 0x00, 0x00, 0x56, 0x06, 0x10, 0x00,
        0x16, 0x00, 0x00, 0x00, 0x0f, 0x00, 0x00, 0x07, 0x12, 0x00, 0x10, 0x00,
        0x02, 0x00, 0x00, 0x00, 0x96, 0x05, 0x10, 0x00, 0x07, 0x00, 0x00, 0x00,
        0x96, 0x05, 0x10, 0x00, 0x07, 0x00, 0x00, 0x00, 0x33, 0x00, 0x00, 0x07,
        0x12, 0x00, 0x10, 0x00, 0x02, 0x00, 0x00, 0x00, 0x0a, 0x00, 0x10, 0x00,
        0x0d, 0x00, 0x00, 0x00, 0x0a, 0x00, 0x10, 0x00, 0x02, 0x00, 0x00, 0x00,
        0x32, 0x00, 0x00, 0x09, 0x12, 0x00, 0x10, 0x00, 0x05, 0x00, 0x00, 0x00,
        0x0a, 0x00, 0x10, 0x00, 0x02, 0x00, 0x00, 0x00, 0x01, 0x40, 0x00, 0x00,
        0xcd, 0xcc, 0xcc, 0x3e, 0x01, 0x40, 0x00, 0x00, 0x00, 0x00, 0x80, 0xbf,
        0x32, 0x00, 0x00, 0x09, 0x12, 0x00, 0x10, 0x00, 0x02, 0x00, 0x00, 0x00,
        0x2a, 0x00, 0x10, 0x00, 0x0e, 0x00, 0x00, 0x00, 0x0a, 0x00, 0x10, 0x00,
        0x02, 0x00, 0x00, 0x00, 0x01, 0x40, 0x00, 0x00, 0x00, 0x00, 0x80, 0xbf,
        0x38, 0x00, 0x00, 0x07, 0x12, 0x00, 0x10, 0x00, 0x05, 0x00, 0x00, 0x00,
        0x0a, 0x00, 0x10, 0x00, 0x05, 0x00, 0x00, 0x00, 0x0a, 0x00, 0x10, 0x00,
        0x05, 0x00, 0x00, 0x00, 0x38, 0x00, 0x00, 0x07, 0x12, 0x00, 0x10, 0x00,
        0x02, 0x00, 0x00, 0x00, 0x0a, 0x00, 0x10, 0x00, 0x02, 0x00, 0x00, 0x00,
        0x0a, 0x00, 0x10, 0x00, 0x02, 0x00, 0x00, 0x00, 0x32, 0x00, 0x00, 0x09,
        0x12, 0x00, 0x10, 0x00, 0x05, 0x00, 0x00, 0x00, 0x0a, 0x00, 0x10, 0x00,
        0x05, 0x00, 0x00, 0x00, 0x01, 0x40, 0x00, 0x00, 0x00, 0x00, 0xc8, 0x3f,
        0x01, 0x40, 0x00, 0x00, 0x00, 0x00, 0x10, 0xbf, 0x38, 0x00, 0x00, 0x07,
        0x12, 0x00, 0x10, 0x00, 0x02, 0x00, 0x00, 0x00, 0x0a, 0x00, 0x10, 0x00,
        0x02, 0x00, 0x00, 0x00, 0x0a, 0x00, 0x10, 0x00, 0x05, 0x00, 0x00, 0x00,
        0x36, 0x00, 0x00, 0x05, 0x42, 0x00, 0x10, 0x00, 0x05, 0x00, 0x00, 0x00,
        0x1a, 0x00, 0x10, 0x00, 0x04, 0x00, 0x00, 0x00, 0x36, 0x00, 0x00, 0x05,
        0x82, 0x00, 0x10, 0x00, 0x05, 0x00, 0x00, 0x00, 0x1a, 0x00, 0x10, 0x00,
        0x02, 0x00, 0x00, 0x00, 0x38, 0x00, 0x00, 0x07, 0x72, 0x00, 0x10, 0x00,
        0x05, 0x00, 0x00, 0x00, 0x06, 0x00, 0x10, 0x00, 0x02, 0x00, 0x00, 0x00,
        0x66, 0x0b, 0x10, 0x00, 0x05, 0x00, 0x00, 0x00, 0x32, 0x00, 0x00, 0x09,
        0x72, 0x00, 0x10, 0x00, 0x04, 0x00, 0x00, 0x00, 0x86, 0x03, 0x10, 0x00,
        0x04, 0x00, 0x00, 0x00, 0xa6, 0x0a, 0x10, 0x00, 0x06, 0x00, 0x00, 0x00,
        0x46, 0x02, 0x10, 0x00, 0x05, 0x00, 0x00, 0x00, 0x32, 0x00, 0x00, 0x09,
        0x12, 0x00, 0x10, 0x00, 0x02, 0x00, 0x00, 0x00, 0x1a, 0x00, 0x10, 0x00,
        0x06, 0x00, 0x00, 0x00, 0x3a, 0x00, 0x10, 0x00, 0x03, 0x00, 0x00, 0x00,
        0x0a, 0x00, 0x10, 0x00, 0x02, 0x00, 0x00, 0x00, 0x0f, 0x00, 0x00, 0x07,
        0x12, 0x00, 0x10, 0x00, 0x16, 0x00, 0x00, 0x00, 0xe6, 0x0a, 0x10, 0x00,
        0x10, 0x00, 0x00, 0x00, 0x96, 0x05, 0x10, 0x00, 0x0d, 0x00, 0x00, 0x00,
        0x38, 0x00, 0x00, 0x07, 0x32, 0x00, 0x10, 0x00, 0x05, 0x00, 0x00, 0x00,
        0x46, 0x00, 0x10, 0x00, 0x0e, 0x00, 0x00, 0x00, 0xc6, 0x00, 0x10, 0x00,
        0x16, 0x00, 0x00, 0x00, 0x0f, 0x00, 0x00, 0x07, 0x22, 0x00, 0x10, 0x00,
        0x02, 0x00, 0x00, 0x00, 0x46, 0x00, 0x10, 0x00, 0x05, 0x00, 0x00, 0x00,
        0x46, 0x00, 0x10, 0x00, 0x05, 0x00, 0x00, 0x00, 0x33, 0x00, 0x00, 0x07,
        0x22, 0x00, 0x10, 0x00, 0x02, 0x00, 0x00, 0x00, 0x0a, 0x00, 0x10, 0x00,
        0x0d, 0x00, 0x00, 0x00, 0x1a, 0x00, 0x10, 0x00, 0x02, 0x00, 0x00, 0x00,
        0x32, 0x00, 0x00, 0x09, 0x82, 0x00, 0x10, 0x00, 0x03, 0x00, 0x00, 0x00,
        0x1a, 0x00, 0x10, 0x00, 0x02, 0x00, 0x00, 0x00, 0x01, 0x40, 0x00, 0x00,
        0xcd, 0xcc, 0xcc, 0x3e, 0x01, 0x40, 0x00, 0x00, 0x00, 0x00, 0x80, 0xbf,
        0x32, 0x00, 0x00, 0x09, 0x22, 0x00, 0x10, 0x00, 0x02, 0x00, 0x00, 0x00,
        0x2a, 0x00, 0x10, 0x00, 0x0e, 0x00, 0x00, 0x00, 0x1a, 0x00, 0x10, 0x00,
        0x02, 0x00, 0x00, 0x00, 0x01, 0x40, 0x00, 0x00, 0x00, 0x00, 0x80, 0xbf,
        0x38, 0x00, 0x00, 0x07, 0x82, 0x00, 0x10, 0x00, 0x03, 0x00, 0x00, 0x00,
        0x3a, 0x00, 0x10, 0x00, 0x03, 0x00, 0x00, 0x00, 0x3a, 0x00, 0x10, 0x00,
        0x03, 0x00, 0x00, 0x00, 0x38, 0x00, 0x00, 0x07, 0x22, 0x00, 0x10, 0x00,
        0x02, 0x00, 0x00, 0x00, 0x1a, 0x00, 0x10, 0x00, 0x02, 0x00, 0x00, 0x00,
        0x1a, 0x00, 0x10, 0x00, 0x02, 0x00, 0x00, 0x00, 0x32, 0x00, 0x00, 0x09,
        0x82, 0x00, 0x10, 0x00, 0x03, 0x00, 0x00, 0x00, 0x3a, 0x00, 0x10, 0x00,
        0x03, 0x00, 0x00, 0x00, 0x01, 0x40, 0x00, 0x00, 0x00, 0x00, 0xc8, 0x3f,
        0x01, 0x40, 0x00, 0x00, 0x00, 0x00, 0x10, 0xbf, 0x38, 0x00, 0x00, 0x07,
        0x82, 0x00, 0x10, 0x00, 0x04, 0x00, 0x00, 0x00, 0x1a, 0x00, 0x10, 0x00,
        0x02, 0x00, 0x00, 0x00, 0x3a, 0x00, 0x10, 0x00, 0x03, 0x00, 0x00, 0x00,
        0x36, 0x00, 0x00, 0x05, 0x12, 0x00, 0x10, 0x00, 0x08, 0x00, 0x00, 0x00,
        0x0a, 0x00, 0x10, 0x00, 0x06, 0x00, 0x00, 0x00, 0x36, 0x00, 0x00, 0x05,
        0x22, 0x00, 0x10, 0x00, 0x08, 0x00, 0x00, 0x00, 0x0a, 0x00, 0x10, 0x00,
        0x07, 0x00, 0x00, 0x00, 0x32, 0x00, 0x00, 0x09, 0x72, 0x00, 0x10, 0x00,
        0x04, 0x00, 0x00, 0x00, 0x46, 0x02, 0x10, 0x00, 0x08, 0x00, 0x00, 0x00,
        0xf6, 0x0f, 0x10, 0x00, 0x04, 0x00, 0x00, 0x00, 0x46, 0x02, 0x10, 0x00,
        0x04, 0x00, 0x00, 0x00, 0x32, 0x00, 0x00, 0x09, 0x12, 0x00, 0x10, 0x00,
        0x02, 0x00, 0x00, 0x00, 0x3a, 0x00, 0x10, 0x00, 0x03, 0x00, 0x00, 0x00,
        0x1a, 0x00, 0x10, 0x00, 0x02, 0x00, 0x00, 0x00, 0x0a, 0x00, 0x10, 0x00,
        0x02, 0x00, 0x00, 0x00, 0x00, 0x00, 0x00, 0x0b, 0xf2, 0x00, 0x10, 0x00,
        0x05, 0x00, 0x00, 0x00, 0x46, 0x04, 0x10, 0x80, 0x41, 0x00, 0x00, 0x00,
        0x01, 0x00, 0x00, 0x00, 0x02, 0x40, 0x00, 0x00, 0x00, 0x00, 0x00, 0x00,
        0x00, 0x00, 0x80, 0x3f, 0x00, 0x00, 0x80, 0xbf, 0x00, 0x00, 0x00, 0x00,
        0x0f, 0x00, 0x00, 0x07, 0x22, 0x00, 0x10, 0x00, 0x10, 0x00, 0x00, 0x00,
        0x46, 0x00, 0x10, 0x00, 0x05, 0x00, 0x00, 0x00, 0x96, 0x05, 0x10, 0x00,
        0x0d, 0x00, 0x00, 0x00, 0x38, 0x00, 0x00, 0x07, 0x32, 0x00, 0x10, 0x00,
        0x06, 0x00, 0x00, 0x00, 0x56, 0x05, 0x10, 0x00, 0x0d, 0x00, 0x00, 0x00,
        0xd6, 0x05, 0x10, 0x00, 0x05, 0x00, 0x00, 0x00, 0x32, 0x00, 0x00, 0x0a,
        0xc2, 0x00, 0x10, 0x00, 0x10, 0x00, 0x00, 0x00, 0x06, 0x08, 0x10, 0x00,
        0x05, 0x00, 0x00, 0x00, 0xa6, 0x0a, 0x10, 0x80, 0x41, 0x00, 0x00, 0x00,
        0x0d, 0x00, 0x00, 0x00, 0x06, 0x04, 0x10, 0x00, 0x06, 0x00, 0x00, 0x00,
        0x38, 0x00, 0x00, 0x07, 0x32, 0x00, 0x10, 0x00, 0x05, 0x00, 0x00, 0x00,
        0x46, 0x00, 0x10, 0x00, 0x0e, 0x00, 0x00, 0x00, 0x96, 0x05, 0x10, 0x00,
        0x10, 0x00, 0x00, 0x00, 0x0f, 0x00, 0x00, 0x07, 0x22, 0x00, 0x10, 0x00,
        0x02, 0x00, 0x00, 0x00, 0x46, 0x00, 0x10, 0x00, 0x05, 0x00, 0x00, 0x00,
        0x46, 0x00, 0x10, 0x00, 0x05, 0x00, 0x00, 0x00, 0x33, 0x00, 0x00, 0x07,
        0x22, 0x00, 0x10, 0x00, 0x02, 0x00, 0x00, 0x00, 0x0a, 0x00, 0x10, 0x00,
        0x0d, 0x00, 0x00, 0x00, 0x1a, 0x00, 0x10, 0x00, 0x02, 0x00, 0x00, 0x00,
        0x32, 0x00, 0x00, 0x09, 0x82, 0x00, 0x10, 0x00, 0x03, 0x00, 0x00, 0x00,
        0x1a, 0x00, 0x10, 0x00, 0x02, 0x00, 0x00, 0x00, 0x01, 0x40, 0x00, 0x00,
        0xcd, 0xcc, 0xcc, 0x3e, 0x01, 0x40, 0x00, 0x00, 0x00, 0x00, 0x80, 0xbf,
        0x32, 0x00, 0x00, 0x09, 0x22, 0x00, 0x10, 0x00, 0x02, 0x00, 0x00, 0x00,
        0x2a, 0x00, 0x10, 0x00, 0x0e, 0x00, 0x00, 0x00, 0x1a, 0x00, 0x10, 0x00,
        0x02, 0x00, 0x00, 0x00, 0x01, 0x40, 0x00, 0x00, 0x00, 0x00, 0x80, 0xbf,
        0x38, 0x00, 0x00, 0x07, 0x82, 0x00, 0x10, 0x00, 0x03, 0x00, 0x00, 0x00,
        0x3a, 0x00, 0x10, 0x00, 0x03, 0x00, 0x00, 0x00, 0x3a, 0x00, 0x10, 0x00,
        0x03, 0x00, 0x00, 0x00, 0x38, 0x00, 0x00, 0x07, 0x22, 0x00, 0x10, 0x00,
        0x02, 0x00, 0x00, 0x00, 0x1a, 0x00, 0x10, 0x00, 0x02, 0x00, 0x00, 0x00,
        0x1a, 0x00, 0x10, 0x00, 0x02, 0x00, 0x00, 0x00, 0x32, 0x00, 0x00, 0x09,
        0x82, 0x00, 0x10, 0x00, 0x03, 0x00, 0x00, 0x00, 0x3a, 0x00, 0x10, 0x00,
        0x03, 0x00, 0x00, 0x00, 0x01, 0x40, 0x00, 0x00, 0x00, 0x00, 0xc8, 0x3f,
        0x01, 0x40, 0x00, 0x00, 0x00, 0x00, 0x10, 0xbf, 0x38, 0x00, 0x00, 0x07,
        0x82, 0x00, 0x10, 0x00, 0x04, 0x00, 0x00, 0x00, 0x1a, 0x00, 0x10, 0x00,
        0x02, 0x00, 0x00, 0x00, 0x3a, 0x00, 0x10, 0x00, 0x03, 0x00, 0x00, 0x00,
        0x32, 0x00, 0x00, 0x09, 0x72, 0x00, 0x10, 0x00, 0x04, 0x00, 0x00, 0x00,
        0x46, 0x02, 0x10, 0x00, 0x11, 0x00, 0x00, 0x00, 0xf6, 0x0f, 0x10, 0x00,
        0x04, 0x00, 0x00, 0x00, 0x46, 0x02, 0x10, 0x00, 0x04, 0x00, 0x00, 0x00,
        0x32, 0x00, 0x00, 0x09, 0x12, 0x00, 0x10, 0x00, 0x02, 0x00, 0x00, 0x00,
        0x3a, 0x00, 0x10, 0x00, 0x03, 0x00, 0x00, 0x00, 0x1a, 0x00, 0x10, 0x00,
        0x02, 0x00, 0x00, 0x00, 0x0a, 0x00, 0x10, 0x00, 0x02, 0x00, 0x00, 0x00,
        0x0f, 0x00, 0x00, 0x08, 0x12, 0x00, 0x10, 0x00, 0x05, 0x00, 0x00, 0x00,
        0x46, 0x00, 0x10, 0x80, 0x41, 0x00, 0x00, 0x00, 0x01, 0x00, 0x00, 0x00,
        0x96, 0x05, 0x10, 0x00, 0x0d, 0x00, 0x00, 0x00, 0x38, 0x00, 0x00, 0x08,
        0x22, 0x00, 0x10, 0x00, 0x02, 0x00, 0x00, 0x00, 0x1a, 0x00, 0x10, 0x80,
        0x41, 0x00, 0x00, 0x00, 0x01, 0x00, 0x00, 0x00, 0x1a, 0x00, 0x10, 0x00,
        0x0d, 0x00, 0x00, 0x00, 0x32, 0x00, 0x00, 0x09, 0x22, 0x00, 0x10, 0x00,
        0x05, 0x00, 0x00, 0x00, 0x0a, 0x00, 0x10, 0x00, 0x01, 0x00, 0x00, 0x00,
        0x2a, 0x00, 0x10, 0x00, 0x0d, 0x00, 0x00, 0x00, 0x1a, 0x00, 0x10, 0x00,
        0x02, 0x00, 0x00, 0x00, 0x38, 0x00, 0x00, 0x07, 0x32, 0x00, 0x10, 0x00,
        0x05, 0x00, 0x00, 0x00, 0x46, 0x00, 0x10, 0x00, 0x0e, 0x00, 0x00, 0x00,
        0x46, 0x00, 0x10, 0x00, 0x05, 0x00, 0x00, 0x00, 0x0f, 0x00, 0x00, 0x07,
        0x22, 0x00, 0x10, 0x00, 0x02, 0x00, 0x00, 0x00, 0x46, 0x00, 0x10, 0x00,
        0x05, 0x00, 0x00, 0x00, 0x46, 0x00, 0x10, 0x00, 0x05, 0x00, 0x00, 0x00,
        0x33, 0x00, 0x00, 0x07, 0x22, 0x00, 0x10, 0x00, 0x02, 0x00, 0x00, 0x00,
        0x0a, 0x00, 0x10, 0x00, 0x0d, 0x00, 0x00, 0x00, 0x1a, 0x00, 0x10, 0x00,
        0x02, 0x00, 0x00, 0x00, 0x32, 0x00, 0x00, 0x09, 0x82, 0x00, 0x10, 0x00,
        0x03, 0x00, 0x00, 0x00, 0x1a, 0x00, 0x10, 0x00, 0x02, 0x00, 0x00, 0x00,
        0x01, 0x40, 0x00, 0x00, 0xcd, 0xcc, 0xcc, 0x3e, 0x01, 0x40, 0x00, 0x00,
        0x00, 0x00, 0x80, 0xbf, 0x32, 0x00, 0x00, 0x09, 0x22, 0x00, 0x10, 0x00,
        0x02, 0x00, 0x00, 0x00, 0x2a, 0x00, 0x10, 0x00, 0x0e, 0x00, 0x00, 0x00,
        0x1a, 0x00, 0x10, 0x00, 0x02, 0x00, 0x00, 0x00, 0x01, 0x40, 0x00, 0x00,
        0x00, 0x00, 0x80, 0xbf, 0x38, 0x00, 0x00, 0x07, 0x82, 0x00, 0x10, 0x00,
        0x03, 0x00, 0x00, 0x00, 0x3a, 0x00, 0x10, 0x00, 0x03, 0x00, 0x00, 0x00,
        0x3a, 0x00, 0x10, 0x00, 0x03, 0x00, 0x00, 0x00, 0x38, 0x00, 0x00, 0x07,
        0x22, 0x00, 0x10, 0x00, 0x02, 0x00, 0x00, 0x00, 0x1a, 0x00, 0x10, 0x00,
        0x02, 0x00, 0x00, 0x00, 0x1a, 0x00, 0x10, 0x00, 0x02, 0x00, 0x00, 0x00,
        0x32, 0x00, 0x00, 0x09, 0x82, 0x00, 0x10, 0x00, 0x03, 0x00, 0x00, 0x00,
        0x3a, 0x00, 0x10, 0x00, 0x03, 0x00, 0x00, 0x00, 0x01, 0x40, 0x00, 0x00,
        0x00, 0x00, 0xc8, 0x3f, 0x01, 0x40, 0x00, 0x00, 0x00, 0x00, 0x10, 0xbf,
        0x38, 0x00, 0x00, 0x07, 0x82, 0x00, 0x10, 0x00, 0x04, 0x00, 0x00, 0x00,
        0x1a, 0x00, 0x10, 0x00, 0x02, 0x00, 0x00, 0x00, 0x3a, 0x00, 0x10, 0x00,
        0x03, 0x00, 0x00, 0x00, 0x32, 0x00, 0x00, 0x09, 0x72, 0x00, 0x10, 0x00,
        0x04, 0x00, 0x00, 0x00, 0x46, 0x02, 0x10, 0x00, 0x13, 0x00, 0x00, 0x00,
        0xf6, 0x0f, 0x10, 0x00, 0x04, 0x00, 0x00, 0x00, 0x46, 0x02, 0x10, 0x00,
        0x04, 0x00, 0x00, 0x00, 0x32, 0x00, 0x00, 0x09, 0x12, 0x00, 0x10, 0x00,
        0x02, 0x00, 0x00, 0x00, 0x3a, 0x00, 0x10, 0x00, 0x03, 0x00, 0x00, 0x00,
        0x1a, 0x00, 0x10, 0x00, 0x02, 0x00, 0x00, 0x00, 0x0a, 0x00, 0x10, 0x00,
        0x02, 0x00, 0x00, 0x00, 0x0f, 0x00, 0x00, 0x07, 0x12, 0x00, 0x10, 0x00,
        0x10, 0x00, 0x00, 0x00, 0xe6, 0x0a, 0x10, 0x00, 0x05, 0x00, 0x00, 0x00,
        0x96, 0x05, 0x10, 0x00, 0x0d, 0x00, 0x00, 0x00, 0x38, 0x00, 0x00, 0x07,
        0x32, 0x00, 0x10, 0x00, 0x05, 0x00, 0x00, 0x00, 0x46, 0x00, 0x10, 0x00,
        0x0e, 0x00, 0x00, 0x00, 0xc6, 0x00, 0x10, 0x00, 0x10, 0x00, 0x00, 0x00,
        0x0f, 0x00, 0x00, 0x07, 0x22, 0x00, 0x10, 0x00, 0x02, 0x00, 0x00, 0x00,
        0x46, 0x00, 0x10, 0x00, 0x05, 0x00, 0x00, 0x00, 0x46, 0x00, 0x10, 0x00,
        0x05, 0x00, 0x00, 0x00, 0x33, 0x00, 0x00, 0x07, 0x22, 0x00, 0x10, 0x00,
        0x02, 0x00, 0x00, 0x00, 0x0a, 0x00, 0x10, 0x00, 0x0d, 0x00, 0x00, 0x00,
        0x1a, 0x00, 0x10, 0x00, 0x02, 0x00, 0x00, 0x00, 0x32, 0x00, 0x00, 0x09,
        0x82, 0x00, 0x10, 0x00, 0x03, 0x00, 0x00, 0x00, 0x1a, 0x00, 0x10, 0x00,
        0x02, 0x00, 0x00, 0x00, 0x01, 0x40, 0x00, 0x00, 0xcd, 0xcc, 0xcc, 0x3e,
        0x01, 0x40, 0x00, 0x00, 0x00, 0x00, 0x80, 0xbf, 0x32, 0x00, 0x00, 0x09,
        0x22, 0x00, 0x10, 0x00, 0x02, 0x00, 0x00, 0x00, 0x2a, 0x00, 0x10, 0x00,
        0x0e, 0x00, 0x00, 0x00, 0x1a, 0x00, 0x10, 0x00, 0x02, 0x00, 0x00, 0x00,
        0x01, 0x40, 0x00, 0x00, 0x00, 0x00, 0x80, 0xbf, 0x38, 0x00, 0x00, 0x07,
        0x82, 0x00, 0x10, 0x00, 0x03, 0x00, 0x00, 0x00, 0x3a, 0x00, 0x10, 0x00,
        0x03, 0x00, 0x00, 0x00, 0x3a, 0x00, 0x10, 0x00, 0x03, 0x00, 0x00, 0x00,
        0x38, 0x00, 0x00, 0x07, 0x22, 0x00, 0x10, 0x00, 0x02, 0x00, 0x00, 0x00,
        0x1a, 0x00, 0x10, 0x00, 0x02, 0x00, 0x00, 0x00, 0x1a, 0x00, 0x10, 0x00,
        0x02, 0x00, 0x00, 0x00, 0x32, 0x00, 0x00, 0x09, 0x82, 0x00, 0x10, 0x00,
        0x03, 0x00, 0x00, 0x00, 0x3a, 0x00, 0x10, 0x00, 0x03, 0x00, 0x00, 0x00,
        0x01, 0x40, 0x00, 0x00, 0x00, 0x00, 0xc8, 0x3f, 0x01, 0x40, 0x00, 0x00,
        0x00, 0x00, 0x10, 0xbf, 0x38, 0x00, 0x00, 0x07, 0x82, 0x00, 0x10, 0x00,
        0x04, 0x00, 0x00, 0x00, 0x1a, 0x00, 0x10, 0x00, 0x02, 0x00, 0x00, 0x00,
        0x3a, 0x00, 0x10, 0x00, 0x03, 0x00, 0x00, 0x00, 0x36, 0x00, 0x00, 0x05,
        0x42, 0x00, 0x10, 0x00, 0x08, 0x00, 0x00, 0x00, 0x3a, 0x00, 0x10, 0x00,
        0x06, 0x00, 0x00, 0x00, 0x36, 0x00, 0x00, 0x05, 0x12, 0x00, 0x10, 0x00,
        0x08, 0x00, 0x00, 0x00, 0x3a, 0x00, 0x10, 0x00, 0x07, 0x00, 0x00, 0x00,
        0x32, 0x00, 0x00, 0x09, 0x72, 0x00, 0x10, 0x00, 0x04, 0x00, 0x00, 0x00,
        0x26, 0x0b, 0x10, 0x00, 0x08, 0x00, 0x00, 0x00, 0xf6, 0x0f, 0x10, 0x00,
        0x04, 0x00, 0x00, 0x00, 0x46, 0x02, 0x10, 0x00, 0x04, 0x00, 0x00, 0x00,
        0x32, 0x00, 0x00, 0x09, 0x12, 0x00, 0x10, 0x00, 0x02, 0x00, 0x00, 0x00,
        0x3a, 0x00, 0x10, 0x00, 0x03, 0x00, 0x00, 0x00, 0x1a, 0x00, 0x10, 0x00,
        0x02, 0x00, 0x00, 0x00, 0x0a, 0x00, 0x10, 0x00, 0x02, 0x00, 0x00, 0x00,
        0x00, 0x00, 0x00, 0x0b, 0xf2, 0x00, 0x10, 0x00, 0x05, 0x00, 0x00, 0x00,
        0x46, 0x04, 0x10, 0x80, 0x41, 0x00, 0x00, 0x00, 0x01, 0x00, 0x00, 0x00,
        0x02, 0x40, 0x00, 0x00, 0x00, 0x00, 0x80, 0x3f, 0x00, 0x00, 0x80, 0x3f,
        0x00, 0x00, 0x00, 0x40, 0x00, 0x00, 0x80, 0x3f, 0x0f, 0x00, 0x00, 0x07,
        0x22, 0x00, 0x10, 0x00, 0x06, 0x00, 0x00, 0x00, 0x46, 0x00, 0x10, 0x00,
        0x05, 0x00, 0x00, 0x00, 0x96, 0x05, 0x10, 0x00, 0x0d, 0x00, 0x00, 0x00,
        0x38, 0x00, 0x00, 0x07, 0x32, 0x00, 0x10, 0x00, 0x07, 0x00, 0x00, 0x00,
        0x56, 0x05, 0x10, 0x00, 0x0d, 0x00, 0x00, 0x00, 0xd6, 0x05, 0x10, 0x00,
        0x05, 0x00, 0x00, 0x00, 0x32, 0x00, 0x00, 0x0a, 0xc2, 0x00, 0x10, 0x00,
        0x06, 0x00, 0x00, 0x00, 0x06, 0x08, 0x10, 0x00, 0x05, 0x00, 0x00, 0x00,
        0xa6, 0x0a, 0x10, 0x80, 0x41, 0x00, 0x00, 0x00, 0x0d, 0x00, 0x00, 0x00,
        0x06, 0x04, 0x10, 0x00, 0x07, 0x00, 0x00, 0x00, 0x38, 0x00, 0x00, 0x07,
        0x32, 0x00, 0x10, 0x00, 0x05, 0x00, 0x00, 0x00, 0x46, 0x00, 0x10, 0x00,
        0x0e, 0x00, 0x00, 0x00, 0x96, 0x05, 0x10, 0x00, 0x06, 0x00, 0x00, 0x00,
        0x0f, 0x00, 0x00, 0x07, 0x22, 0x00, 0x10, 0x00, 0x02, 0x00, 0x00, 0x00,
        0x46, 0x00, 0x10, 0x00, 0x05, 0x00, 0x00, 0x00, 0x46, 0x00, 0x10, 0x00,
        0x05, 0x00, 0x00, 0x00, 0x33, 0x00, 0x00, 0x07, 0x22, 0x00, 0x10, 0x00,
        0x02, 0x00, 0x00, 0x00, 0x0a, 0x00, 0x10, 0x00, 0x0d, 0x00, 0x00, 0x00,
        0x1a, 0x00, 0x10, 0x00, 0x02, 0x00, 0x00, 0x00, 0x32, 0x00, 0x00, 0x09,
        0x82, 0x00, 0x10, 0x00, 0x03, 0x00, 0x00, 0x00, 0x1a, 0x00, 0x10, 0x00,
        0x02, 0x00, 0x00, 0x00, 0x01, 0x40, 0x00, 0x00, 0xcd, 0xcc, 0xcc, 0x3e,
        0x01, 0x40, 0x00, 0x00, 0x00, 0x00, 0x80, 0xbf, 0x32, 0x00, 0x00, 0x09,
        0x22, 0x00, 0x10, 0x00, 0x02, 0x00, 0x00, 0x00, 0x2a, 0x00, 0x10, 0x00,
        0x0e, 0x00, 0x00, 0x00, 0x1a, 0x00, 0x10, 0x00, 0x02, 0x00, 0x00, 0x00,
        0x01, 0x40, 0x00, 0x00, 0x00, 0x00, 0x80, 0xbf, 0x38, 0x00, 0x00, 0x07,
        0x82, 0x00, 0x10, 0x00, 0x03, 0x00, 0x00, 0x00, 0x3a, 0x00, 0x10, 0x00,
        0x03, 0x00, 0x00, 0x00, 0x3a, 0x00, 0x10, 0x00, 0x03, 0x00, 0x00, 0x00,
        0x38, 0x00, 0x00, 0x07, 0x22, 0x00, 0x10, 0x00, 0x02, 0x00, 0x00, 0x00,
        0x1a, 0x00, 0x10, 0x00, 0x02, 0x00, 0x00, 0x00, 0x1a, 0x00, 0x10, 0x00,
        0x02, 0x00, 0x00, 0x00, 0x32, 0x00, 0x00, 0x09, 0x82, 0x00, 0x10, 0x00,
        0x03, 0x00, 0x00, 0x00, 0x3a, 0x00, 0x10, 0x00, 0x03, 0x00, 0x00, 0x00,
        0x01, 0x40, 0x00, 0x00, 0x00, 0x00, 0xc8, 0x3f, 0x01, 0x40, 0x00, 0x00,
        0x00, 0x00, 0x10, 0xbf, 0x38, 0x00, 0x00, 0x07, 0x82, 0x00, 0x10, 0x00,
        0x04, 0x00, 0x00, 0x00, 0x1a, 0x00, 0x10, 0x00, 0x02, 0x00, 0x00, 0x00,
        0x3a, 0x00, 0x10, 0x00, 0x03, 0x00, 0x00, 0x00, 0x32, 0x00, 0x00, 0x09,
        0x72, 0x00, 0x10, 0x00, 0x04, 0x00, 0x00, 0x00, 0x46, 0x02, 0x10, 0x00,
        0x14, 0x00, 0x00, 0x00, 0xf6, 0x0f, 0x10, 0x00, 0x04, 0x00, 0x00, 0x00,
        0x46, 0x02, 0x10, 0x00, 0x04, 0x00, 0x00, 0x00, 0x32, 0x00, 0x00, 0x09,
        0x12, 0x00, 0x10, 0x00, 0x02, 0x00, 0x00, 0x00, 0x3a, 0x00, 0x10, 0x00,
        0x03, 0x00, 0x00, 0x00, 0x1a, 0x00, 0x10, 0x00, 0x02, 0x00, 0x00, 0x00,
        0x0a, 0x00, 0x10, 0x00, 0x02, 0x00, 0x00, 0x00, 0x0f, 0x00, 0x00, 0x07,
        0x12, 0x00, 0x10, 0x00, 0x06, 0x00, 0x00, 0x00, 0xe6, 0x0a, 0x10, 0x00,
        0x05, 0x00, 0x00, 0x00, 0x96, 0x05, 0x10, 0x00, 0x0d, 0x00, 0x00, 0x00,
        0x38, 0x00, 0x00, 0x07, 0x32, 0x00, 0x10, 0x00, 0x05, 0x00, 0x00, 0x00,
        0x46, 0x00, 0x10, 0x00, 0x0e, 0x00, 0x00, 0x00, 0xc6, 0x00, 0x10, 0x00,
        0x06, 0x00, 0x00, 0x00, 0x0f, 0x00, 0x00, 0x07, 0x22, 0x00, 0x10, 0x00,
        0x02, 0x00, 0x00, 0x00, 0x46, 0x00, 0x10, 0x00, 0x05, 0x00, 0x00, 0x00,
        0x46, 0x00, 0x10, 0x00, 0x05, 0x00, 0x00, 0x00, 0x33, 0x00, 0x00, 0x07,
        0x22, 0x00, 0x10, 0x00, 0x02, 0x00, 0x00, 0x00, 0x0a, 0x00, 0x10, 0x00,
        0x0d, 0x00, 0x00, 0x00, 0x1a, 0x00, 0x10, 0x00, 0x02, 0x00, 0x00, 0x00,
        0x32, 0x00, 0x00, 0x09, 0x82, 0x00, 0x10, 0x00, 0x03, 0x00, 0x00, 0x00,
        0x1a, 0x00, 0x10, 0x00, 0x02, 0x00, 0x00, 0x00, 0x01, 0x40, 0x00, 0x00,
        0xcd, 0xcc, 0xcc, 0x3e, 0x01, 0x40, 0x00, 0x00, 0x00, 0x00, 0x80, 0xbf,
        0x32, 0x00, 0x00, 0x09, 0x22, 0x00, 0x10, 0x00, 0x02, 0x00, 0x00, 0x00,
        0x2a, 0x00, 0x10, 0x00, 0x0e, 0x00, 0x00, 0x00, 0x1a, 0x00, 0x10, 0x00,
        0x02, 0x00, 0x00, 0x00, 0x01, 0x40, 0x00, 0x00, 0x00, 0x00, 0x80, 0xbf,
        0x38, 0x00, 0x00, 0x07, 0x82, 0x00, 0x10, 0x00, 0x03, 0x00, 0x00, 0x00,
        0x3a, 0x00, 0x10, 0x00, 0x03, 0x00, 0x00, 0x00, 0x3a, 0x00, 0x10, 0x00,
        0x03, 0x00, 0x00, 0x00, 0x38, 0x00, 0x00, 0x07, 0x22, 0x00, 0x10, 0x00,
        0x02, 0x00, 0x00, 0x00, 0x1a, 0x00, 0x10, 0x00, 0x02, 0x00, 0x00, 0x00,
        0x1a, 0x00, 0x10, 0x00, 0x02, 0x00, 0x00, 0x00, 0x32, 0x00, 0x00, 0x09,
        0x82, 0x00, 0x10, 0x00, 0x03, 0x00, 0x00, 0x00, 0x3a, 0x00, 0x10, 0x00,
        0x03, 0x00, 0x00, 0x00, 0x01, 0x40, 0x00, 0x00, 0x00, 0x00, 0xc8, 0x3f,
        0x01, 0x40, 0x00, 0x00, 0x00, 0x00, 0x10, 0xbf, 0x38, 0x00, 0x00, 0x07,
        0x82, 0x00, 0x10, 0x00, 0x04, 0x00, 0x00, 0x00, 0x1a, 0x00, 0x10, 0x00,
        0x02, 0x00, 0x00, 0x00, 0x3a, 0x00, 0x10, 0x00, 0x03, 0x00, 0x00, 0x00,
        0x36, 0x00, 0x00, 0x05, 0x12, 0x00, 0x10, 0x00, 0x05, 0x00, 0x00, 0x00,
        0x1a, 0x00, 0x10, 0x00, 0x09, 0x00, 0x00, 0x00, 0x36, 0x00, 0x00, 0x05,
        0x22, 0x00, 0x10, 0x00, 0x05, 0x00, 0x00, 0x00, 0x1a, 0x00, 0x10, 0x00,
        0x0a, 0x00, 0x00, 0x00, 0x36, 0x00, 0x00, 0x05, 0x42, 0x00, 0x10, 0x00,
        0x05, 0x00, 0x00, 0x00, 0x1a, 0x00, 0x10, 0x00, 0x03, 0x00, 0x00, 0x00,
        0x32, 0x00, 0x00, 0x09, 0x72, 0x00, 0x10, 0x00, 0x04, 0x00, 0x00, 0x00,
        0x46, 0x02, 0x10, 0x00, 0x05, 0x00, 0x00, 0x00, 0xf6, 0x0f, 0x10, 0x00,
        0x04, 0x00, 0x00, 0x00, 0x46, 0x02, 0x10, 0x00, 0x04, 0x00, 0x00, 0x00,
        0x32, 0x00, 0x00, 0x09, 0x12, 0x00, 0x10, 0x00, 0x02, 0x00, 0x00, 0x00,
        0x3a, 0x00, 0x10, 0x00, 0x03, 0x00, 0x00, 0x00, 0x1a, 0x00, 0x10, 0x00,
        0x02, 0x00, 0x00, 0x00, 0x0a, 0x00, 0x10, 0x00, 0x02, 0x00, 0x00, 0x00,
        0x00, 0x00, 0x00, 0x0b, 0xf2, 0x00, 0x10, 0x00, 0x05, 0x00, 0x00, 0x00,
        0x46, 0x04, 0x10, 0x80, 0x41, 0x00, 0x00, 0x00, 0x01, 0x00, 0x00, 0x00,
        0x02, 0x40, 0x00, 0x00, 0x00, 0x00, 0x00, 0x40, 0x00, 0x00, 0x00, 0x00,
        0x00, 0x00, 0x80, 0x3f, 0x00, 0x00, 0x00, 0x00, 0x0f, 0x00, 0x00, 0x07,
        0x22, 0x00, 0x10, 0x00, 0x06, 0x00, 0x00, 0x00, 0x46, 0x00, 0x10, 0x00,
        0x05, 0x00, 0x00, 0x00, 0x96, 0x05, 0x10, 0x00, 0x0d, 0x00, 0x00, 0x00,
        0x38, 0x00, 0x00, 0x07, 0x32, 0x00, 0x10, 0x00, 0x07, 0x00, 0x00, 0x00,
        0x56, 0x05, 0x10, 0x00, 0x0d, 0x00, 0x00, 0x00, 0xd6, 0x05, 0x10, 0x00,
        0x05, 0x00, 0x00, 0x00, 0x32, 0x00, 0x00, 0x0a, 0xc2, 0x00, 0x10, 0x00,
        0x06, 0x00, 0x00, 0x00, 0x06, 0x08, 0x10, 0x00, 0x05, 0x00, 0x00, 0x00,
        0xa6, 0x0a, 0x10, 0x80, 0x41, 0x00, 0x00, 0x00, 0x0d, 0x00, 0x00, 0x00,
        0x06, 0x04, 0x10, 0x00, 0x07, 0x00, 0x00, 0x00, 0x38, 0x00, 0x00, 0x07,
        0x32, 0x00, 0x10, 0x00, 0x05, 0x00, 0x00, 0x00, 0x46, 0x00, 0x10, 0x00,
        0x0e, 0x00, 0x00, 0x00, 0x96, 0x05, 0x10, 0x00, 0x06, 0x00, 0x00, 0x00,
        0x0f, 0x00, 0x00, 0x07, 0x22, 0x00, 0x10, 0x00, 0x02, 0x00, 0x00, 0x00,
        0x46, 0x00, 0x10, 0x00, 0x05, 0x00, 0x00, 0x00, 0x46, 0x00, 0x10, 0x00,
        0x05, 0x00, 0x00, 0x00, 0x33, 0x00, 0x00, 0x07, 0x22, 0x00, 0x10, 0x00,
        0x02, 0x00, 0x00, 0x00, 0x0a, 0x00, 0x10, 0x00, 0x0d, 0x00, 0x00, 0x00,
        0x1a, 0x00, 0x10, 0x00, 0x02, 0x00, 0x00, 0x00, 0x32, 0x00, 0x00, 0x09,
        0x82, 0x00, 0x10, 0x00, 0x03, 0x00, 0x00, 0x00, 0x1a, 0x00, 0x10, 0x00,
        0x02, 0x00, 0x00, 0x00, 0x01, 0x40, 0x00, 0x00, 0xcd, 0xcc, 0xcc, 0x3e,
        0x01, 0x40, 0x00, 0x00, 0x00, 0x00, 0x80, 0xbf, 0x32, 0x00, 0x00, 0x09,
        0x22, 0x00, 0x10, 0x00, 0x02, 0x00, 0x00, 0x00, 0x2a, 0x00, 0x10, 0x00,
        0x0e, 0x00, 0x00, 0x00, 0x1a, 0x00, 0x10, 0x00, 0x02, 0x00, 0x00, 0x00,
        0x01, 0x40, 0x00, 0x00, 0x00, 0x00, 0x80, 0xbf, 0x38, 0x00, 0x00, 0x07,
        0x82, 0x00, 0x10, 0x00, 0x03, 0x00, 0x00, 0x00, 0x3a, 0x00, 0x10, 0x00,
        0x03, 0x00, 0x00, 0x00, 0x3a, 0x00, 0x10, 0x00, 0x03, 0x00, 0x00, 0x00,
        0x38, 0x00, 0x00, 0x07, 0x22, 0x00, 0x10, 0x00, 0x02, 0x00, 0x00, 0x00,
        0x1a, 0x00, 0x10, 0x00, 0x02, 0x00, 0x00, 0x00, 0x1a, 0x00, 0x10, 0x00,
        0x02, 0x00, 0x00, 0x00, 0x32, 0x00, 0x00, 0x09, 0x82, 0x00, 0x10, 0x00,
        0x03, 0x00, 0x00, 0x00, 0x3a, 0x00, 0x10, 0x00, 0x03, 0x00, 0x00, 0x00,
        0x01, 0x40, 0x00, 0x00, 0x00, 0x00, 0xc8, 0x3f, 0x01, 0x40, 0x00, 0x00,
        0x00, 0x00, 0x10, 0xbf, 0x38, 0x00, 0x00, 0x07, 0x82, 0x00, 0x10, 0x00,
        0x04, 0x00, 0x00, 0x00, 0x1a, 0x00, 0x10, 0x00, 0x02, 0x00, 0x00, 0x00,
        0x3a, 0x00, 0x10, 0x00, 0x03, 0x00, 0x00, 0x00, 0x36, 0x00, 0x00, 0x05,
        0x12, 0x00, 0x10, 0x00, 0x03, 0x00, 0x00, 0x00, 0x2a, 0x00, 0x10, 0x00,
        0x09, 0x00, 0x00, 0x00, 0x36, 0x00, 0x00, 0x05, 0x22, 0x00, 0x10, 0x00,
        0x03, 0x00, 0x00, 0x00, 0x2a, 0x00, 0x10, 0x00, 0x0a, 0x00, 0x00, 0x00,
        0x32, 0x00, 0x00, 0x09, 0x72, 0x00, 0x10, 0x00, 0x03, 0x00, 0x00, 0x00,
        0x46, 0x02, 0x10, 0x00, 0x03, 0x00, 0x00, 0x00, 0xf6, 0x0f, 0x10, 0x00,
        0x04, 0x00, 0x00, 0x00, 0x46, 0x02, 0x10, 0x00, 0x04, 0x00, 0x00, 0x00,
        0x32, 0x00, 0x00, 0x09, 0x12, 0x00, 0x10, 0x00, 0x02, 0x00, 0x00, 0x00,
        0x3a, 0x00, 0x10, 0x00, 0x03, 0x00, 0x00, 0x00, 0x1a, 0x00, 0x10, 0x00,
        0x02, 0x00, 0x00, 0x00, 0x0a, 0x00, 0x10, 0x00, 0x02, 0x00, 0x00, 0x00,
        0x0f, 0x00, 0x00, 0x07, 0x12, 0x00, 0x10, 0x00, 0x06, 0x00, 0x00, 0x00,
        0xe6, 0x0a, 0x10, 0x00, 0x05, 0x00, 0x00, 0x00, 0x96, 0x05, 0x10, 0x00,
        0x0d, 0x00, 0x00, 0x00, 0x38, 0x00, 0x00, 0x07, 0x32, 0x00, 0x10, 0x00,
        0x04, 0x00, 0x00, 0x00, 0x46, 0x00, 0x10, 0x00, 0x0e, 0x00, 0x00, 0x00,
        0xc6, 0x00, 0x10, 0x00, 0x06, 0x00, 0x00, 0x00, 0x0f, 0x00, 0x00, 0x07,
        0x22, 0x00, 0x10, 0x00, 0x02, 0x00, 0x00, 0x00, 0x46, 0x00, 0x10, 0x00,
        0x04, 0x00, 0x00, 0x00, 0x46, 0x00, 0x10, 0x00, 0x04, 0x00, 0x00, 0x00,
        0x33, 0x00, 0x00, 0x07, 0x22, 0x00, 0x10, 0x00, 0x02, 0x00, 0x00, 0x00,
        0x0a, 0x00, 0x10, 0x00, 0x0d, 0x00, 0x00, 0x00, 0x1a, 0x00, 0x10, 0x00,
        0x02, 0x00, 0x00, 0x00, 0x32, 0x00, 0x00, 0x09, 0x82, 0x00, 0x10, 0x00,
        0x03, 0x00, 0x00, 0x00, 0x1a, 0x00, 0x10, 0x00, 0x02, 0x00, 0x00, 0x00,
        0x01, 0x40, 0x00, 0x00, 0xcd, 0xcc, 0xcc, 0x3e, 0x01, 0x40, 0x00, 0x00,
        0x00, 0x00, 0x80, 0xbf, 0x32, 0x00, 0x00, 0x09, 0x22, 0x00, 0x10, 0x00,
        0x02, 0x00, 0x00, 0x00, 0x2a, 0x00, 0x10, 0x00, 0x0e, 0x00, 0x00, 0x00,
        0x1a, 0x00, 0x10, 0x00, 0x02, 0x00, 0x00, 0x00, 0x01, 0x40, 0x00, 0x00,
        0x00, 0x00, 0x80, 0xbf, 0x38, 0x00, 0x00, 0x07, 0x82, 0x00, 0x10, 0x00,
        0x03, 0x00, 0x00, 0x00, 0x3a, 0x00, 0x10, 0x00, 0x03, 0x00, 0x00, 0x00,
        0x3a, 0x00, 0x10, 0x00, 0x03, 0x00, 0x00, 0x00, 0x38, 0x00, 0x00, 0x07,
        0x22, 0x00, 0x10, 0x00, 0x02, 0x00, 0x00, 0x00, 0x1a, 0x00, 0x10, 0x00,
        0x02, 0x00, 0x00, 0x00, 0x1a, 0x00, 0x10, 0x00, 0x02, 0x00, 0x00, 0x00,
        0x32, 0x00, 0x00, 0x09, 0x82, 0x00, 0x10, 0x00, 0x03, 0x00, 0x00, 0x00,
        0x3a, 0x00, 0x10, 0x00, 0x03, 0x00, 0x00, 0x00, 0x01, 0x40, 0x00, 0x00,
        0x00, 0x00, 0xc8, 0x3f, 0x01, 0x40, 0x00, 0x00, 0x00, 0x00, 0x10, 0xbf,
        0x38, 0x00, 0x00, 0x07, 0x12, 0x00, 0x10, 0x00, 0x04, 0x00, 0x00, 0x00,
        0x1a, 0x00, 0x10, 0x00, 0x02, 0x00, 0x00, 0x00, 0x3a, 0x00, 0x10, 0x00,
        0x03, 0x00, 0x00, 0x00, 0x32, 0x00, 0x00, 0x09, 0x72, 0x00, 0x10, 0x00,
        0x03, 0x00, 0x00, 0x00, 0x46, 0x02, 0x10, 0x00, 0x0f, 0x00, 0x00, 0x00,
        0x06, 0x00, 0x10, 0x00, 0x04, 0x00, 0x00, 0x00, 0x46, 0x02, 0x10, 0x00,
        0x03, 0x00, 0x00, 0x00, 0x32, 0x00, 0x00, 0x09, 0x12, 0x00, 0x10, 0x00,
        0x02, 0x00, 0x00, 0x00, 0x3a, 0x00, 0x10, 0x00, 0x03, 0x00, 0x00, 0x00,
        0x1a, 0x00, 0x10, 0x00, 0x02, 0x00, 0x00, 0x00, 0x0a, 0x00, 0x10, 0x00,
        0x02, 0x00, 0x00, 0x00, 0x00, 0x00, 0x00, 0x0b, 0xf2, 0x00, 0x10, 0x00,
        0x04, 0x00, 0x00, 0x00, 0x46, 0x04, 0x10, 0x80, 0x41, 0x00, 0x00, 0x00,
        0x01, 0x00, 0x00, 0x00, 0x02, 0x40, 0x00, 0x00, 0x00, 0x00, 0x80, 0x3f,
        0x00, 0x00, 0x00, 0x40, 0x00, 0x00, 0x00, 0x00, 0x00, 0x00, 0x00, 0x40,
        0x0f, 0x00, 0x00, 0x07, 0x22, 0x00, 0x10, 0x00, 0x05, 0x00, 0x00, 0x00,
        0x46, 0x00, 0x10, 0x00, 0x04, 0x00, 0x00, 0x00, 0x96, 0x05, 0x10, 0x00,
        0x0d, 0x00, 0x00, 0x00, 0x38, 0x00, 0x00, 0x07, 0x32, 0x00, 0x10, 0x00,
        0x01, 0x00, 0x00, 0x00, 0x56, 0x05, 0x10, 0x00, 0x0d, 0x00, 0x00, 0x00,
        0xd6, 0x05, 0x10, 0x00, 0x04, 0x00, 0x00, 0x00, 0x32, 0x00, 0x00, 0x0a,
        0xc2, 0x00, 0x10, 0x00, 0x05, 0x00, 0x00, 0x00, 0x06, 0x08, 0x10, 0x00,
        0x04, 0x00, 0x00, 0x00, 0xa6, 0x0a, 0x10, 0x80, 0x41, 0x00, 0x00, 0x00,
        0x0d, 0x00, 0x00, 0x00, 0x06, 0x04, 0x10, 0x00, 0x01, 0x00, 0x00, 0x00,
        0x38, 0x00, 0x00, 0x07, 0x32, 0x00, 0x10, 0x00, 0x01, 0x00, 0x00, 0x00,
        0x46, 0x00, 0x10, 0x00, 0x0e, 0x00, 0x00, 0x00, 0x96, 0x05, 0x10, 0x00,
        0x05, 0x00, 0x00, 0x00, 0x0f, 0x00, 0x00, 0x07, 0x12, 0x00, 0x10, 0x00,
        0x01, 0x00, 0x00, 0x00, 0x46, 0x00, 0x10, 0x00, 0x01, 0x00, 0x00, 0x00,
        0x46, 0x00, 0x10, 0x00, 0x01, 0x00, 0x00, 0x00, 0x33, 0x00, 0x00, 0x07,
        0x12, 0x00, 0x10, 0x00, 0x01, 0x00, 0x00, 0x00, 0x0a, 0x00, 0x10, 0x00,
        0x0d, 0x00, 0x00, 0x00, 0x0a, 0x00, 0x10, 0x00, 0x01, 0x00, 0x00, 0x00,
        0x32, 0x00, 0x00, 0x09, 0x22, 0x00, 0x10, 0x00, 0x01, 0x00, 0x00, 0x00,
        0x0a, 0x00, 0x10, 0x00, 0x01, 0x00, 0x00, 0x00, 0x01, 0x40, 0x00, 0x00,
        0xcd, 0xcc, 0xcc, 0x3e, 0x01, 0x40, 0x00, 0x00, 0x00, 0x00, 0x80, 0xbf,
        0x32, 0x00, 0x00, 0x09, 0x12, 0x00, 0x10, 0x00, 0x01, 0x00, 0x00, 0x00,
        0x2a, 0x00, 0x10, 0x00, 0x0e, 0x00, 0x00, 0x00, 0x0a, 0x00, 0x10, 0x00,
        0x01, 0x00, 0x00, 0x00, 0x01, 0x40, 0x00, 0x00, 0x00, 0x00, 0x80, 0xbf,
        0x38, 0x00, 0x00, 0x07, 0x32, 0x00, 0x10, 0x00, 0x01, 0x00, 0x00, 0x00,
        0x46, 0x00, 0x10, 0x00, 0x01, 0x00, 0x00, 0x00, 0x46, 0x00, 0x10, 0x00,
        0x01, 0x00, 0x00, 0x00, 0x32, 0x00, 0x00, 0x09, 0x22, 0x00, 0x10, 0x00,
        0x01, 0x00, 0x00, 0x00, 0x1a, 0x00, 0x10, 0x00, 0x01, 0x00, 0x00, 0x00,
        0x01, 0x40, 0x00, 0x00, 0x00, 0x00, 0xc8, 0x3f, 0x01, 0x40, 0x00, 0x00,
        0x00, 0x00, 0x10, 0xbf, 0x38, 0x00, 0x00, 0x07, 0x22, 0x00, 0x10, 0x00,
        0x02, 0x00, 0x00, 0x00, 0x0a, 0x00, 0x10, 0x00, 0x01, 0x00, 0x00, 0x00,
        0x1a, 0x00, 0x10, 0x00, 0x01, 0x00, 0x00, 0x00, 0x36, 0x00, 0x00, 0x05,
        0x42, 0x00, 0x10, 0x00, 0x0b, 0x00, 0x00, 0x00, 0x0a, 0x00, 0x10, 0x00,
        0x0c, 0x00, 0x00, 0x00, 0x36, 0x00, 0x00, 0x05, 0x82, 0x00, 0x10, 0x00,
        0x0b, 0x00, 0x00, 0x00, 0x2a, 0x00, 0x10, 0x00, 0x02, 0x00, 0x00, 0x00,
        0x32, 0x00, 0x00, 0x09, 0x72, 0x00, 0x10, 0x00, 0x03, 0x00, 0x00, 0x00,
        0x86, 0x03, 0x10, 0x00, 0x0b, 0x00, 0x00, 0x00, 0x56, 0x05, 0x10, 0x00,
        0x02, 0x00, 0x00, 0x00, 0x46, 0x02, 0x10, 0x00, 0x03, 0x00, 0x00, 0x00,
        0x32, 0x00, 0x00, 0x09, 0x12, 0x00, 0x10, 0x00, 0x01, 0x00, 0x00, 0x00,
        0x1a, 0x00, 0x10, 0x00, 0x01, 0x00, 0x00, 0x00, 0x0a, 0x00, 0x10, 0x00,
        0x01, 0x00, 0x00, 0x00, 0x0a, 0x00, 0x10, 0x00, 0x02, 0x00, 0x00, 0x00,
        0x0f, 0x00, 0x00, 0x07, 0x12, 0x00, 0x10, 0x00, 0x05, 0x00, 0x00, 0x00,
        0xe6, 0x0a, 0x10, 0x00, 0x04, 0x00, 0x00, 0x00, 0x96, 0x05, 0x10, 0x00,
        0x0d, 0x00, 0x00, 0x00, 0x38, 0x00, 0x00, 0x07, 0x32, 0x00, 0x10, 0x00,
        0x02, 0x00, 0x00, 0x00, 0x46, 0x00, 0x10, 0x00, 0x0e, 0x00, 0x00, 0x00,
        0xc6, 0x00, 0x10, 0x00, 0x05, 0x00, 0x00, 0x00, 0x0f, 0x00, 0x00, 0x07,
        0x22, 0x00, 0x10, 0x00, 0x01, 0x00, 0x00, 0x00, 0x46, 0x00, 0x10, 0x00,
        0x02, 0x00, 0x00, 0x00, 0x46, 0x00, 0x10, 0x00, 0x02, 0x00, 0x00, 0x00,
        0x33, 0x00, 0x00, 0x07, 0x22, 0x00, 0x10, 0x00, 0x01, 0x00, 0x00, 0x00,
        0x0a, 0x00, 0x10, 0x00, 0x0d, 0x00, 0x00, 0x00, 0x1a, 0x00, 0x10, 0x00,
        0x01, 0x00, 0x00, 0x00, 0x32, 0x00, 0x00, 0x09, 0x12, 0x00, 0x10, 0x00,
        0x02, 0x00, 0x00, 0x00, 0x1a, 0x00, 0x10, 0x00, 0x01, 0x00, 0x00, 0x00,
        0x01, 0x40, 0x00, 0x00, 0xcd, 0xcc, 0xcc, 0x3e, 0x01, 0x40, 0x00, 0x00,
        0x00, 0x00, 0x80, 0xbf, 0x32, 0x00, 0x00, 0x09, 0x22, 0x00, 0x10, 0x00,
        0x01, 0x00, 0x00, 0x00, 0x2a, 0x00, 0x10, 0x00, 0x0e, 0x00, 0x00, 0x00,
        0x1a, 0x00, 0x10, 0x00, 0x01, 0x00, 0x00, 0x00, 0x01, 0x40, 0x00, 0x00,
        0x00, 0x00, 0x80, 0xbf, 0x38, 0x00, 0x00, 0x07, 0x12, 0x00, 0x10, 0x00,
        0x02, 0x00, 0x00, 0x00, 0x0a, 0x00, 0x10, 0x00, 0x02, 0x00, 0x00, 0x00,
        0x0a, 0x00, 0x10, 0x00, 0x02, 0x00, 0x00, 0x00, 0x38, 0x00, 0x00, 0x07,
        0x22, 0x00, 0x10, 0x00, 0x01, 0x00, 0x00, 0x00, 0x1a, 0x00, 0x10, 0x00,
        0x01, 0x00, 0x00, 0x00, 0x1a, 0x00, 0x10, 0x00, 0x01, 0x00, 0x00, 0x00,
        0x32, 0x00, 0x00, 0x09, 0x12, 0x00, 0x10, 0x00, 0x02, 0x00, 0x00, 0x00,
        0x0a, 0x00, 0x10, 0x00, 0x02, 0x00, 0x00, 0x00, 0x01, 0x40, 0x00, 0x00,
        0x00, 0x00, 0xc8, 0x3f, 0x01, 0x40, 0x00, 0x00, 0x00, 0x00, 0x10, 0xbf,
        0x38, 0x00, 0x00, 0x07, 0x22, 0x00, 0x10, 0x00, 0x02, 0x00, 0x00, 0x00,
        0x1a, 0x00, 0x10, 0x00, 0x01, 0x00, 0x00, 0x00, 0x0a, 0x00, 0x10, 0x00,
        0x02, 0x00, 0x00, 0x00, 0x36, 0x00, 0x00, 0x05, 0x42, 0x00, 0x10, 0x00,
        0x0c, 0x00, 0x00, 0x00, 0x1a, 0x00, 0x10, 0x00, 0x0b, 0x00, 0x00, 0x00,
        0x36, 0x00, 0x00, 0x05, 0x82, 0x00, 0x10, 0x00, 0x0c, 0x00, 0x00, 0x00,
        0x3a, 0x00, 0x10, 0x00, 0x02, 0x00, 0x00, 0x00, 0x32, 0x00, 0x00, 0x09,
        0xe2, 0x00, 0x10, 0x00, 0x02, 0x00, 0x00, 0x00, 0xa6, 0x0d, 0x10, 0x00,
        0x0c, 0x00, 0x00, 0x00, 0x56, 0x05, 0x10, 0x00, 0x02, 0x00, 0x00, 0x00,
        0x06, 0x09, 0x10, 0x00, 0x03, 0x00, 0x00, 0x00, 0x32, 0x00, 0x00, 0x09,
        0x12, 0x00, 0x10, 0x00, 0x01, 0x00, 0x00, 0x00, 0x0a, 0x00, 0x10, 0x00,
        0x02, 0x00, 0x00, 0x00, 0x1a, 0x00, 0x10, 0x00, 0x01, 0x00, 0x00, 0x00,
        0x0a, 0x00, 0x10, 0x00, 0x01, 0x00, 0x00, 0x00, 0x81, 0x00, 0x00, 0x05,
        0x12, 0x00, 0x10, 0x00, 0x01, 0x00, 0x00, 0x00, 0x0a, 0x00, 0x10, 0x00,
        0x01, 0x00, 0x00, 0x00, 0x38, 0x00, 0x00, 0x07, 0x72, 0x00, 0x10, 0x00,
        0x02, 0x00, 0x00, 0x00, 0x06, 0x00, 0x10, 0x00, 0x01, 0x00, 0x00, 0x00,
        0x96, 0x07, 0x10, 0x00, 0x02, 0x00, 0x00, 0x00, 0x34, 0x00, 0x00, 0x07,
        0x72, 0x00, 0x10, 0x00, 0x02, 0x00, 0x00, 0x00, 0x46, 0x02, 0x10, 0x00,
        0x02, 0x00, 0x00, 0x00, 0x46, 0x02, 0x10, 0x00, 0x12, 0x00, 0x00, 0x00,
        0x33, 0x00, 0x00, 0x07, 0x72, 0x00, 0x10, 0x00, 0x02, 0x00, 0x00, 0x00,
        0x46, 0x02, 0x10, 0x00, 0x02, 0x00, 0x00, 0x00, 0x46, 0x02, 0x10, 0x00,
        0x15, 0x00, 0x00, 0x00, 0x36, 0x00, 0x00, 0x05, 0x82, 0x00, 0x10, 0x00,
        0x02, 0x00, 0x00, 0x00, 0x01, 0x40, 0x00, 0x00, 0x00, 0x00, 0x80, 0x3f,
        0xa4, 0x00, 0x00, 0x07, 0xf2, 0xe0, 0x11, 0x00, 0x00, 0x00, 0x00, 0x00,
        0xe6, 0x0f, 0x10, 0x00, 0x01, 0x00, 0x00, 0x00, 0x46, 0x0e, 0x10, 0x00,
        0x02, 0x00, 0x00, 0x00, 0x15, 0x00, 0x00, 0x01, 0x1e, 0x00, 0x00, 0x0a,
        0xf2, 0x00, 0x10, 0x00, 0x00, 0x00, 0x00, 0x00, 0x46, 0x0e, 0x10, 0x00,
        0x00, 0x00, 0x00, 0x00, 0x02, 0x40, 0x00, 0x00, 0x00, 0x00, 0x00, 0x00,
        0x08, 0x00, 0x00, 0x00, 0x08, 0x00, 0x00, 0x00, 0x08, 0x00, 0x00, 0x00,
        0x50, 0x00, 0x00, 0x08, 0x32, 0x00, 0x10, 0x00, 0x01, 0x00, 0x00, 0x00,
        0xc6, 0x00, 0x10, 0x00, 0x00, 0x00, 0x00, 0x00, 0x96, 0x85, 0x20, 0x00,
        0x00, 0x00, 0x00, 0x00, 0x04, 0x00, 0x00, 0x00, 0x3c, 0x00, 0x00, 0x07,
        0x12, 0x00, 0x10, 0x00, 0x01, 0x00, 0x00, 0x00, 0x1a, 0x00, 0x10, 0x00,
        0x01, 0x00, 0x00, 0x00, 0x0a, 0x00, 0x10, 0x00, 0x01, 0x00, 0x00, 0x00,
        0x1f, 0x00, 0x00, 0x03, 0x0a, 0x00, 0x10, 0x00, 0x01, 0x00, 0x00, 0x00,
        0x56, 0x00, 0x00, 0x05, 0x32, 0x00, 0x10, 0x00, 0x01, 0x00, 0x00, 0x00,
        0xc6, 0x00, 0x10, 0x00, 0x00, 0x00, 0x00, 0x00, 0x32, 0x00, 0x00, 0x0b,
        0x32, 0x00, 0x10, 0x00, 0x01, 0x00, 0x00, 0x00, 0x46, 0x00, 0x10, 0x00,
        0x01, 0x00, 0x00, 0x00, 0x46, 0x80, 0x20, 0x00, 0x00, 0x00, 0x00, 0x00,
        0x00, 0x00, 0x00, 0x00, 0xe6, 0x8a, 0x20, 0x00, 0x00, 0x00, 0x00, 0x00,
        0x00, 0x00, 0x00, 0x00, 0x41, 0x00, 0x00, 0x05, 0xc2, 0x00, 0x10, 0x00,
        0x01, 0x00, 0x00, 0x00, 0x06, 0x04, 0x10, 0x00, 0x01, 0x00, 0x00, 0x00,
        0x00, 0x00, 0x00, 0x08, 0x32, 0x00, 0x10, 0x00, 0x01, 0x00, 0x00, 0x00,
        0xe6, 0x0a, 0x10, 0x80, 0x41, 0x00, 0x00, 0x00, 0x01, 0x00, 0x00, 0x00,
        0x46, 0x00, 0x10, 0x00, 0x01, 0x00, 0x00, 0x00, 0x32, 0x00, 0x00, 0x0b,
        0xc2, 0x00, 0x10, 0x00, 0x01, 0x00, 0x00, 0x00, 0xa6, 0x0e, 0x10, 0x00,
        0x01, 0x00, 0x00, 0x00, 0x06, 0x84, 0x20, 0x00, 0x00, 0x00, 0x00, 0x00,
        0x01, 0x00, 0x00, 0x00, 0xa6, 0x8e, 0x20, 0x00, 0x00, 0x00, 0x00, 0x00,
        0x01, 0x00, 0x00, 0x00, 0x00, 0x00, 0x00, 0x08, 0xf2, 0x00, 0x10, 0x00,
        0x02, 0x00, 0x00, 0x00, 0xe6, 0x0e, 0x10, 0x00, 0x01, 0x00, 0x00, 0x00,
        0x46, 0x8e, 0x20, 0x00, 0x00, 0x00, 0x00, 0x00, 0x02, 0x00, 0x00, 0x00,
        0x00, 0x00, 0x00, 0x08, 0x32, 0x00, 0x10, 0x00, 0x03, 0x00, 0x00, 0x00,
        0xe6, 0x0a, 0x10, 0x00, 0x01, 0x00, 0x00, 0x00, 0x46, 0x80, 0x20, 0x00,
        0x00, 0x00, 0x00, 0x00, 0x03, 0x00, 0x00, 0x00, 0x6d, 0x00, 0x00, 0x8b,
        0xc2, 0x00, 0x00, 0x80, 0x43, 0x55, 0x15, 0x00, 0x32, 0x00, 0x10, 0x00,
        0x04, 0x00, 0x00, 0x00, 0xe6, 0x0a, 0x10, 0x00, 0x01, 0x00, 0x00, 0x00,
        0x46, 0x7e, 0x10, 0x00, 0x00, 0x00, 0x00, 0x00, 0x0a, 0x60, 0x10, 0x00,
        0x00, 0x00, 0x00, 0x00, 0x1f, 0x00, 0x04, 0x04, 0x0a, 0x80, 0x20, 0x00,
        0x00, 0x00, 0x00, 0x00, 0x04, 0x00, 0x00, 0x00, 0x34, 0x00, 0x00, 0x0a,
        0xc2, 0x00, 0x10, 0x00, 0x03, 0x00, 0x00, 0x00, 0x06, 0x04, 0x10, 0x00,
        0x04, 0x00, 0x00, 0x00, 0x02, 0x40, 0x00, 0x00, 0x00, 0x00, 0x00, 0x00,
        0x00, 0x00, 0x00, 0x00, 0x00, 0x00, 0x00, 0x00, 0x00, 0x00, 0x00, 0x00,
        0x38, 0x00, 0x00, 0x0a, 0x32, 0x00, 0x10, 0x00, 0x05, 0x00, 0x00, 0x00,
        0xe6, 0x0a, 0x10, 0x00, 0x03, 0x00, 0x00, 0x00, 0x02, 0x40, 0x00, 0x00,
        0x52, 0xb8, 0x4e, 0x41, 0x52, 0xb8, 0x4e, 0x41, 0x00, 0x00, 0x00, 0x00,
        0x00, 0x00, 0x00, 0x00, 0x31, 0x00, 0x00, 0x0a, 0xc2, 0x00, 0x10, 0x00,
        0x05, 0x00, 0x00, 0x00, 0x02, 0x40, 0x00, 0x00, 0x00, 0x00, 0x00, 0x00,
        0x00, 0x00, 0x00, 0x00, 0x1c, 0x2e, 0x4d, 0x3b, 0x1c, 0x2e, 0x4d, 0x3b,
        0xa6, 0x0e, 0x10, 0x00, 0x03, 0x00, 0x00, 0x00, 0x2f, 0x00, 0x00, 0x05,
        0xc2, 0x00, 0x10, 0x00, 0x03, 0x00, 0x00, 0x00, 0xa6, 0x0e, 0x10, 0x00,
        0x03, 0x00, 0x00, 0x00, 0x38, 0x00, 0x00, 0x0a, 0xc2, 0x00, 0x10, 0x00,
        0x03, 0x00, 0x00, 0x00, 0xa6, 0x0e, 0x10, 0x00, 0x03, 0x00, 0x00, 0x00,
        0x02, 0x40, 0x00, 0x00, 0x00, 0x00, 0x00, 0x00, 0x00, 0x00, 0x00, 0x00,
        0x55, 0x55, 0xd5, 0x3e, 0x55, 0x55, 0xd5, 0x3e, 0x19, 0x00, 0x00, 0x05,
        0xc2, 0x00, 0x10, 0x00, 0x03, 0x00, 0x00, 0x00, 0xa6, 0x0e, 0x10, 0x00,
        0x03, 0x00, 0x00, 0x00, 0x32, 0x00, 0x00, 0x0f, 0xc2, 0x00, 0x10, 0x00,
        0x03, 0x00, 0x00, 0x00, 0xa6, 0x0e, 0x10, 0x00, 0x03, 0x00, 0x00, 0x00,
        0x02, 0x40, 0x00, 0x00, 0x00, 0x00, 0x00, 0x00, 0x00, 0x00, 0x00, 0x00,
        0x3d, 0x0a, 0x87, 0x3f, 0x3d, 0x0a, 0x87, 0x3f, 0x02, 0x40, 0x00, 0x00,
        0x00, 0x00, 0x00, 0x00, 0x00, 0x00, 0x00, 0x00, 0xae, 0x47, 0x61, 0xbd,
        0xae, 0x47, 0x61, 0xbd, 0x37, 0x20, 0x00, 0x09, 0x32, 0x00, 0x10, 0x00,
        0x04, 0x00, 0x00, 0x00, 0xe6, 0x0a, 0x10, 0x00, 0x05, 0x00, 0x00, 0x00,
        0xe6, 0x0a, 0x10, 0x00, 0x03, 0x00, 0x00, 0x00, 0x46, 0x00, 0x10, 0x00,
        0x05, 0x00, 0x00, 0x00, 0x15, 0x00, 0x00, 0x01, 0x6d, 0x00, 0x00, 0x8b,
        0xc2, 0x00, 0x00, 0x80, 0x43, 0x55, 0x15, 0x00, 0x32, 0x00, 0x10, 0x00,
        0x05, 0x00, 0x00, 0x00, 0xe6, 0x0a, 0x10, 0x00, 0x01, 0x00, 0x00, 0x00,
        0x46, 0x7e, 0x10, 0x00, 0x00, 0x00, 0x00, 0x00, 0x1a, 0x60, 0x10, 0x00,
        0x00, 0x00, 0x00, 0x00, 0x1f, 0x00, 0x04, 0x04, 0x0a, 0x80, 0x20, 0x00,
        0x00, 0x00, 0x00, 0x00, 0x04, 0x00, 0x00, 0x00, 0x34, 0x00, 0x00, 0x0a,
        0xc2, 0x00, 0x10, 0x00, 0x03, 0x00, 0x00, 0x00, 0x06, 0x04, 0x10, 0x00,
        0x05, 0x00, 0x00, 0x00, 0x02, 0x40, 0x00, 0x00, 0x00, 0x00, 0x00, 0x00,
        0x00, 0x00, 0x00, 0x00, 0x00, 0x00, 0x00, 0x00, 0x00, 0x00, 0x00, 0x00,
        0x38, 0x00, 0x00, 0x0a, 0x32, 0x00, 0x10, 0x00, 0x06, 0x00, 0x00, 0x00,
        0xe6, 0x0a, 0x10, 0x00, 0x03, 0x00, 0x00, 0x00, 0x02, 0x40, 0x00, 0x00,
        0x52, 0xb8, 0x4e, 0x41, 0x52, 0xb8, 0x4e, 0x41, 0x00, 0x00, 0x00, 0x00,
        0x00, 0x00, 0x00, 0x00, 0x31, 0x00, 0x00, 0x0a, 0xc2, 0x00, 0x10, 0x00,
        0x06, 0x00, 0x00, 0x00, 0x02, 0x40, 0x00, 0x00, 0x00, 0x00, 0x00, 0x00,
        0x00, 0x00, 0x00, 0x00, 0x1c, 0x2e, 0x4d, 0x3b, 0x1c, 0x2e, 0x4d, 0x3b,
        0xa6, 0x0e, 0x10, 0x00, 0x03, 0x00, 0x00, 0x00, 0x2f, 0x00, 0x00, 0x05,
        0xc2, 0x00, 0x10, 0x00, 0x03, 0x00, 0x00, 0x00, 0xa6, 0x0e, 0x10, 0x00,
        0x03, 0x00, 0x00, 0x00, 0x38, 0x00, 0x00, 0x0a, 0xc2, 0x00, 0x10, 0x00,
        0x03, 0x00, 0x00, 0x00, 0xa6, 0x0e, 0x10, 0x00, 0x03, 0x00, 0x00, 0x00,
        0x02, 0x40, 0x00, 0x00, 0x00, 0x00, 0x00, 0x00, 0x00, 0x00, 0x00, 0x00,
        0x55, 0x55, 0xd5, 0x3e, 0x55, 0x55, 0xd5, 0x3e, 0x19, 0x00, 0x00, 0x05,
        0xc2, 0x00, 0x10, 0x00, 0x03, 0x00, 0x00, 0x00, 0xa6, 0x0e, 0x10, 0x00,
        0x03, 0x00, 0x00, 0x00, 0x32, 0x00, 0x00, 0x0f, 0xc2, 0x00, 0x10, 0x00,
        0x03, 0x00, 0x00, 0x00, 0xa6, 0x0e, 0x10, 0x00, 0x03, 0x00, 0x00, 0x00,
        0x02, 0x40, 0x00, 0x00, 0x00, 0x00, 0x00, 0x00, 0x00, 0x00, 0x00, 0x00,
        0x3d, 0x0a, 0x87, 0x3f, 0x3d, 0x0a, 0x87, 0x3f, 0x02, 0x40, 0x00, 0x00,
        0x00, 0x00, 0x00, 0x00, 0x00, 0x00, 0x00, 0x00, 0xae, 0x47, 0x61, 0xbd,
        0xae, 0x47, 0x61, 0xbd, 0x37, 0x20, 0x00, 0x09, 0x32, 0x00, 0x10, 0x00,
        0x05, 0x00, 0x00, 0x00, 0xe6, 0x0a, 0x10, 0x00, 0x06, 0x00, 0x00, 0x00,
        0xe6, 0x0a, 0x10, 0x00, 0x03, 0x00, 0x00, 0x00, 0x46, 0x00, 0x10, 0x00,
        0x06, 0x00, 0x00, 0x00, 0x15, 0x00, 0x00, 0x01, 0x6d, 0x00, 0x00, 0x8b,
        0xc2, 0x00, 0x00, 0x80, 0x43, 0x55, 0x15, 0x00, 0xc2, 0x00, 0x10, 0x00,
        0x01, 0x00, 0x00, 0x00, 0xe6, 0x0a, 0x10, 0x00, 0x01, 0x00, 0x00, 0x00,
        0xe6, 0x74, 0x10, 0x00, 0x00, 0x00, 0x00, 0x00, 0x2a, 0x60, 0x10, 0x00,
        0x00, 0x00, 0x00, 0x00, 0x1f, 0x00, 0x04, 0x04, 0x0a, 0x80, 0x20, 0x00,
        0x00, 0x00, 0x00, 0x00, 0x04, 0x00, 0x00, 0x00, 0x34, 0x00, 0x00, 0x0a,
        0xc2, 0x00, 0x10, 0x00, 0x03, 0x00, 0x00, 0x00, 0xa6, 0x0e, 0x10, 0x00,
        0x01, 0x00, 0x00, 0x00, 0x02, 0x40, 0x00, 0x00, 0x00, 0x00, 0x00, 0x00,
        0x00, 0x00, 0x00, 0x00, 0x00, 0x00, 0x00, 0x00, 0x00, 0x00, 0x00, 0x00,
        0x38, 0x00, 0x00, 0x0a, 0x32, 0x00, 0x10, 0x00, 0x06, 0x00, 0x00, 0x00,
        0xe6, 0x0a, 0x10, 0x00, 0x03, 0x00, 0x00, 0x00, 0x02, 0x40, 0x00, 0x00,
        0x52, 0xb8, 0x4e, 0x41, 0x52, 0xb8, 0x4e, 0x41, 0x00, 0x00, 0x00, 0x00,
        0x00, 0x00, 0x00, 0x00, 0x31, 0x00, 0x00, 0x0a, 0xc2, 0x00, 0x10, 0x00,
        0x06, 0x00, 0x00, 0x00, 0x02, 0x40, 0x00, 0x00, 0x00, 0x00, 0x00, 0x00,
        0x00, 0x00, 0x00, 0x00, 0x1c, 0x2e, 0x4d, 0x3b, 0x1c, 0x2e, 0x4d, 0x3b,
        0xa6, 0x0e, 0x10, 0x00, 0x03, 0x00, 0x00, 0x00, 0x2f, 0x00, 0x00, 0x05,
        0xc2, 0x00, 0x10, 0x00, 0x03, 0x00, 0x00, 0x00, 0xa6, 0x0e, 0x10, 0x00,
        0x03, 0x00, 0x00, 0x00, 0x38, 0x00, 0x00, 0x0a, 0xc2, 0x00, 0x10, 0x00,
        0x03, 0x00, 0x00, 0x00, 0xa6, 0x0e, 0x10, 0x00, 0x03, 0x00, 0x00, 0x00,
        0x02, 0x40, 0x00, 0x00, 0x00, 0x00, 0x00, 0x00, 0x00, 0x00, 0x00, 0x00,
        0x55, 0x55, 0xd5, 0x3e, 0x55, 0x55, 0xd5, 0x3e, 0x19, 0x00, 0x00, 0x05,
        0xc2, 0x00, 0x10, 0x00, 0x03, 0x00, 0x00, 0x00, 0xa6, 0x0e, 0x10, 0x00,
        0x03, 0x00, 0x00, 0x00, 0x32, 0x00, 0x00, 0x0f, 0xc2, 0x00, 0x10, 0x00,
        0x03, 0x00, 0x00, 0x00, 0xa6, 0x0e, 0x10, 0x00, 0x03, 0x00, 0x00, 0x00,
        0x02, 0x40, 0x00, 0x00, 0x00, 0x00, 0x00, 0x00, 0x00, 0x00, 0x00, 0x00,
        0x3d, 0x0a, 0x87, 0x3f, 0x3d, 0x0a, 0x87, 0x3f, 0x02, 0x40, 0x00, 0x00,
        0x00, 0x00, 0x00, 0x00, 0x00, 0x00, 0x00, 0x00, 0xae, 0x47, 0x61, 0xbd,
        0xae, 0x47, 0x61, 0xbd, 0x37, 0x20, 0x00, 0x09, 0xc2, 0x00, 0x10, 0x00,
        0x01, 0x00, 0x00, 0x00, 0xa6, 0x0e, 0x10, 0x00, 0x06, 0x00, 0x00, 0x00,
        0xa6, 0x0e, 0x10, 0x00, 0x03, 0x00, 0x00, 0x00, 0x06, 0x04, 0x10, 0x00,
        0x06, 0x00, 0x00, 0x00, 0x15, 0x00, 0x00, 0x01, 0x6d, 0x00, 0x00, 0x8b,
        0xc2, 0x00, 0x00, 0x80, 0x43, 0x55, 0x15, 0x00, 0xf2, 0x00, 0x10, 0x00,
        0x06, 0x00, 0x00, 0x00, 0x46, 0x00, 0x10, 0x00, 0x02, 0x00, 0x00, 0x00,
        0x46, 0x7e, 0x10, 0x00, 0x00, 0x00, 0x00, 0x00, 0x0a, 0x60, 0x10, 0x00,
        0x00, 0x00, 0x00, 0x00, 0x1f, 0x00, 0x04, 0x04, 0x0a, 0x80, 0x20, 0x00,
        0x00, 0x00, 0x00, 0x00, 0x04, 0x00, 0x00, 0x00, 0x34, 0x00, 0x00, 0x0a,
        0xf2, 0x00, 0x10, 0x00, 0x07, 0x00, 0x00, 0x00, 0x46, 0x0e, 0x10, 0x00,
        0x06, 0x00, 0x00, 0x00, 0x02, 0x40, 0x00, 0x00, 0x00, 0x00, 0x00, 0x00,
        0x00, 0x00, 0x00, 0x00, 0x00, 0x00, 0x00, 0x00, 0x00, 0x00, 0x00, 0x00,
        0x38, 0x00, 0x00, 0x0a, 0xf2, 0x00, 0x10, 0x00, 0x08, 0x00, 0x00, 0x00,
        0x46, 0x0e, 0x10, 0x00, 0x07, 0x00, 0x00, 0x00, 0x02, 0x40, 0x00, 0x00,
        0x52, 0xb8, 0x4e, 0x41, 0x52, 0xb8, 0x4e, 0x41, 0x52, 0xb8, 0x4e, 0x41,
        0x52, 0xb8, 0x4e, 0x41, 0x31, 0x00, 0x00, 0x0a, 0xf2, 0x00, 0x10, 0x00,
        0x09, 0x00, 0x00, 0x00, 0x02, 0x40, 0x00, 0x00, 0x1c, 0x2e, 0x4d, 0x3b,
        0x1c, 0x2e, 0x4d, 0x3b, 0x1c, 0x2e, 0x4d, 0x3b, 0x1c, 0x2e, 0x4d, 0x3b,
        0x46, 0x0e, 0x10, 0x00, 0x07, 0x00, 0x00, 0x00, 0x2f, 0x00, 0x00, 0x05,
        0xf2, 0x00, 0x10, 0x00, 0x07, 0x00, 0x00, 0x00, 0x46, 0x0e, 0x10, 0x00,
        0x07, 0x00, 0x00, 0x00, 0x38, 0x00, 0x00, 0x0a, 0xf2, 0x00, 0x10, 0x00,
        0x07, 0x00, 0x00, 0x00, 0x46, 0x0e, 0x10, 0x00, 0x07, 0x00, 0x00, 0x00,
        0x02, 0x40, 0x00, 0x00, 0x55, 0x55, 0xd5, 0x3e, 0x55, 0x55, 0xd5, 0x3e,
        0x55, 0x55, 0xd5, 0x3e, 0x55, 0x55, 0xd5, 0x3e, 0x19, 0x00, 0x00, 0x05,
        0xf2, 0x00, 0x10, 0x00, 0x07, 0x00, 0x00, 0x00, 0x46, 0x0e, 0x10, 0x00,
        0x07, 0x00, 0x00, 0x00, 0x32, 0x00, 0x00, 0x0f, 0xf2, 0x00, 0x10, 0x00,
        0x07, 0x00, 0x00, 0x00, 0x46, 0x0e, 0x10, 0x00, 0x07, 0x00, 0x00, 0x00,
        0x02, 0x40, 0x00, 0x00, 0x3d, 0x0a, 0x87, 0x3f, 0x3d, 0x0a, 0x87, 0x3f,
        0x3d, 0x0a, 0x87, 0x3f, 0x3d, 0x0a, 0x87, 0x3f, 0x02, 0x40, 0x00, 0x00,
        0xae, 0x47, 0x61, 0xbd, 0xae, 0x47, 0x61, 0xbd, 0xae, 0x47, 0x61, 0xbd,
        0xae, 0x47, 0x61, 0xbd, 0x37, 0x20, 0x00, 0x09, 0xf2, 0x00, 0x10, 0x00,
        0x06, 0x00, 0x00, 0x00, 0x46, 0x0e, 0x10, 0x00, 0x09, 0x00, 0x00, 0x00,
        0x46, 0x0e, 0x10, 0x00, 0x07, 0x00, 0x00, 0x00, 0x46, 0x0e, 0x10, 0x00,
        0x08, 0x00, 0x00, 0x00, 0x15, 0x00, 0x00, 0x01, 0x6d, 0x00, 0x00, 0x8b,
        0xc2, 0x00, 0x00, 0x80, 0x43, 0x55, 0x15, 0x00, 0xf2, 0x00, 0x10, 0x00,
        0x07, 0x00, 0x00, 0x00, 0x46, 0x00, 0x10, 0x00, 0x02, 0x00, 0x00, 0x00,
        0x46, 0x7e, 0x10, 0x00, 0x00, 0x00, 0x00, 0x00, 0x1a, 0x60, 0x10, 0x00,
        0x00, 0x00, 0x00, 0x00, 0x1f, 0x00, 0x04, 0x04, 0x0a, 0x80, 0x20, 0x00,
        0x00, 0x00, 0x00, 0x00, 0x04, 0x00, 0x00, 0x00, 0x34, 0x00, 0x00, 0x0a,
        0xf2, 0x00, 0x10, 0x00, 0x08, 0x00, 0x00, 0x00, 0x46, 0x0e, 0x10, 0x00,
        0x07, 0x00, 0x00, 0x00, 0x02, 0x40, 0x00, 0x00, 0x00, 0x00, 0x00, 0x00,
        0x00, 0x00, 0x00, 0x00, 0x00, 0x00, 0x00, 0x00, 0x00, 0x00, 0x00, 0x00,
        0x38, 0x00, 0x00, 0x0a, 0xf2, 0x00, 0x10, 0x00, 0x09, 0x00, 0x00, 0x00,
        0x46, 0x0e, 0x10, 0x00, 0x08, 0x00, 0x00, 0x00, 0x02, 0x40, 0x00, 0x00,
        0x52, 0xb8, 0x4e, 0x41, 0x52, 0xb8, 0x4e, 0x41, 0x52, 0xb8, 0x4e, 0x41,
        0x52, 0xb8, 0x4e, 0x41, 0x31, 0x00, 0x00, 0x0a, 0xf2, 0x00, 0x10, 0x00,
        0x0a, 0x00, 0x00, 0x00, 0x02, 0x40, 0x00, 0x00, 0x1c, 0x2e, 0x4d, 0x3b,
        0x1c, 0x2e, 0x4d, 0x3b, 0x1c, 0x2e, 0x4d, 0x3b, 0x1c, 0x2e, 0x4d, 0x3b,
        0x46, 0x0e, 0x10, 0x00, 0x08, 0x00, 0x00, 0x00, 0x2f, 0x00, 0x00, 0x05,
        0xf2, 0x00, 0x10, 0x00, 0x08, 0x00, 0x00, 0x00, 0x46, 0x0e, 0x10, 0x00,
        0x08, 0x00, 0x00, 0x00, 0x38, 0x00, 0x00, 0x0a, 0xf2, 0x00, 0x10, 0x00,
        0x08, 0x00, 0x00, 0x00, 0x46, 0x0e, 0x10, 0x00, 0x08, 0x00, 0x00, 0x00,
        0x02, 0x40, 0x00, 0x00, 0x55, 0x55, 0xd5, 0x3e, 0x55, 0x55, 0xd5, 0x3e,
        0x55, 0x55, 0xd5, 0x3e, 0x55, 0x55, 0xd5, 0x3e, 0x19, 0x00, 0x00, 0x05,
        0xf2, 0x00, 0x10, 0x00, 0x08, 0x00, 0x00, 0x00, 0x46, 0x0e, 0x10, 0x00,
        0x08, 0x00, 0x00, 0x00, 0x32, 0x00, 0x00, 0x0f, 0xf2, 0x00, 0x10, 0x00,
        0x08, 0x00, 0x00, 0x00, 0x46, 0x0e, 0x10, 0x00, 0x08, 0x00, 0x00, 0x00,
        0x02, 0x40, 0x00, 0x00, 0x3d, 0x0a, 0x87, 0x3f, 0x3d, 0x0a, 0x87, 0x3f,
        0x3d, 0x0a, 0x87, 0x3f, 0x3d, 0x0a, 0x87, 0x3f, 0x02, 0x40, 0x00, 0x00,
        0xae, 0x47, 0x61, 0xbd, 0xae, 0x47, 0x61, 0xbd, 0xae, 0x47, 0x61, 0xbd,
        0xae, 0x47, 0x61, 0xbd, 0x37, 0x20, 0x00, 0x09, 0xf2, 0x00, 0x10, 0x00,
        0x07, 0x00, 0x00, 0x00, 0x46, 0x0e, 0x10, 0x00, 0x0a, 0x00, 0x00, 0x00,
        0x46, 0x0e, 0x10, 0x00, 0x08, 0x00, 0x00, 0x00, 0x46, 0x0e, 0x10, 0x00,
        0x09, 0x00, 0x00, 0x00, 0x15, 0x00, 0x00, 0x01, 0x6d, 0x00, 0x00, 0x8b,
        0xc2, 0x00, 0x00, 0x80, 0x43, 0x55, 0x15, 0x00, 0xf2, 0x00, 0x10, 0x00,
        0x08, 0x00, 0x00, 0x00, 0x46, 0x00, 0x10, 0x00, 0x02, 0x00, 0x00, 0x00,
        0x96, 0x7c, 0x10, 0x00, 0x00, 0x00, 0x00, 0x00, 0x2a, 0x60, 0x10, 0x00,
        0x00, 0x00, 0x00, 0x00, 0x1f, 0x00, 0x04, 0x04, 0x0a, 0x80, 0x20, 0x00,
        0x00, 0x00, 0x00, 0x00, 0x04, 0x00, 0x00, 0x00, 0x34, 0x00, 0x00, 0x0a,
        0xf2, 0x00, 0x10, 0x00, 0x09, 0x00, 0x00, 0x00, 0x26, 0x0d, 0x10, 0x00,
        0x08, 0x00, 0x00, 0x00, 0x02, 0x40, 0x00, 0x00, 0x00, 0x00, 0x00, 0x00,
        0x00, 0x00, 0x00, 0x00, 0x00, 0x00, 0x00, 0x00, 0x00, 0x00, 0x00, 0x00,
        0x38, 0x00, 0x00, 0x0a, 0xf2, 0x00, 0x10, 0x00, 0x0a, 0x00, 0x00, 0x00,
        0x46, 0x0e, 0x10, 0x00, 0x09, 0x00, 0x00, 0x00, 0x02, 0x40, 0x00, 0x00,
        0x52, 0xb8, 0x4e, 0x41, 0x52, 0xb8, 0x4e, 0x41, 0x52, 0xb8, 0x4e, 0x41,
        0x52, 0xb8, 0x4e, 0x41, 0x31, 0x00, 0x00, 0x0a, 0xf2, 0x00, 0x10, 0x00,
        0x0b, 0x00, 0x00, 0x00, 0x02, 0x40, 0x00, 0x00, 0x1c, 0x2e, 0x4d, 0x3b,
        0x1c, 0x2e, 0x4d, 0x3b, 0x1c, 0x2e, 0x4d, 0x3b, 0x1c, 0x2e, 0x4d, 0x3b,
        0x46, 0x0e, 0x10, 0x00, 0x09, 0x00, 0x00, 0x00, 0x2f, 0x00, 0x00, 0x05,
        0xf2, 0x00, 0x10, 0x00, 0x09, 0x00, 0x00, 0x00, 0x46, 0x0e, 0x10, 0x00,
        0x09, 0x00, 0x00, 0x00, 0x38, 0x00, 0x00, 0x0a, 0xf2, 0x00, 0x10, 0x00,
        0x09, 0x00, 0x00, 0x00, 0x46, 0x0e, 0x10, 0x00, 0x09, 0x00, 0x00, 0x00,
        0x02, 0x40, 0x00, 0x00, 0x55, 0x55, 0xd5, 0x3e, 0x55, 0x55, 0xd5, 0x3e,
        0x55, 0x55, 0xd5, 0x3e, 0x55, 0x55, 0xd5, 0x3e, 0x19, 0x00, 0x00, 0x05,
        0xf2, 0x00, 0x10, 0x00, 0x09, 0x00, 0x00, 0x00, 0x46, 0x0e, 0x10, 0x00,
        0x09, 0x00, 0x00, 0x00, 0x32, 0x00, 0x00, 0x0f, 0xf2, 0x00, 0x10, 0x00,
        0x09, 0x00, 0x00, 0x00, 0x46, 0x0e, 0x10, 0x00, 0x09, 0x00, 0x00, 0x00,
        0x02, 0x40, 0x00, 0x00, 0x3d, 0x0a, 0x87, 0x3f, 0x3d, 0x0a, 0x87, 0x3f,
        0x3d, 0x0a, 0x87, 0x3f, 0x3d, 0x0a, 0x87, 0x3f, 0x02, 0x40, 0x00, 0x00,
        0xae, 0x47, 0x61, 0xbd, 0xae, 0x47, 0x61, 0xbd, 0xae, 0x47, 0x61, 0xbd,
        0xae, 0x47, 0x61, 0xbd, 0x37, 0x20, 0x00, 0x09, 0xf2, 0x00, 0x10, 0x00,
        0x08, 0x00, 0x00, 0x00, 0x96, 0x0c, 0x10, 0x00, 0x0b, 0x00, 0x00, 0x00,
        0x96, 0x0c, 0x10, 0x00, 0x09, 0x00, 0x00, 0x00, 0x96, 0x0c, 0x10, 0x00,
        0x0a, 0x00, 0x00, 0x00, 0x15, 0x00, 0x00, 0x01, 0x6d, 0x00, 0x00, 0x8b,
        0xc2, 0x00, 0x00, 0x80, 0x43, 0x55, 0x15, 0x00, 0xf2, 0x00, 0x10, 0x00,
        0x09, 0x00, 0x00, 0x00, 0xe6, 0x0a, 0x10, 0x00, 0x02, 0x00, 0x00, 0x00,
        0x46, 0x7e, 0x10, 0x00, 0x00, 0x00, 0x00, 0x00, 0x0a, 0x60, 0x10, 0x00,
        0x00, 0x00, 0x00, 0x00, 0x1f, 0x00, 0x04, 0x04, 0x0a, 0x80, 0x20, 0x00,
        0x00, 0x00, 0x00, 0x00, 0x04, 0x00, 0x00, 0x00, 0x34, 0x00, 0x00, 0x0a,
        0xf2, 0x00, 0x10, 0x00, 0x0a, 0x00, 0x00, 0x00, 0x46, 0x0e, 0x10, 0x00,
        0x09, 0x00, 0x00, 0x00, 0x02, 0x40, 0x00, 0x00, 0x00, 0x00, 0x00, 0x00,
        0x00, 0x00, 0x00, 0x00, 0x00, 0x00, 0x00, 0x00, 0x00, 0x00, 0x00, 0x00,
        0x38, 0x00, 0x00, 0x0a, 0xf2, 0x00, 0x10, 0x00, 0x0b, 0x00, 0x00, 0x00,
        0x46, 0x0e, 0x10, 0x00, 0x0a, 0x00, 0x00, 0x00, 0x02, 0x40, 0x00, 0x00,
        0x52, 0xb8, 0x4e, 0x41, 0x52, 0xb8, 0x4e, 0x41, 0x52, 0xb8, 0x4e, 0x41,
        0x52, 0xb8, 0x4e, 0x41, 0x31, 0x00, 0x00, 0x0a, 0xf2, 0x00, 0x10, 0x00,
        0x0c, 0x00, 0x00, 0x00, 0x02, 0x40, 0x00, 0x00, 0x1c, 0x2e, 0x4d, 0x3b,
        0x1c, 0x2e, 0x4d, 0x3b, 0x1c, 0x2e, 0x4d, 0x3b, 0x1c, 0x2e, 0x4d, 0x3b,
        0x46, 0x0e, 0x10, 0x00, 0x0a, 0x00, 0x00, 0x00, 0x2f, 0x00, 0x00, 0x05,
        0xf2, 0x00, 0x10, 0x00, 0x0a, 0x00, 0x00, 0x00, 0x46, 0x0e, 0x10, 0x00,
        0x0a, 0x00, 0x00, 0x00, 0x38, 0x00, 0x00, 0x0a, 0xf2, 0x00, 0x10, 0x00,
        0x0a, 0x00, 0x00, 0x00, 0x46, 0x0e, 0x10, 0x00, 0x0a, 0x00, 0x00, 0x00,
        0x02, 0x40, 0x00, 0x00, 0x55, 0x55, 0xd5, 0x3e, 0x55, 0x55, 0xd5, 0x3e,
        0x55, 0x55, 0xd5, 0x3e, 0x55, 0x55, 0xd5, 0x3e, 0x19, 0x00, 0x00, 0x05,
        0xf2, 0x00, 0x10, 0x00, 0x0a, 0x00, 0x00, 0x00, 0x46, 0x0e, 0x10, 0x00,
        0x0a, 0x00, 0x00, 0x00, 0x32, 0x00, 0x00, 0x0f, 0xf2, 0x00, 0x10, 0x00,
        0x0a, 0x00, 0x00, 0x00, 0x46, 0x0e, 0x10, 0x00, 0x0a, 0x00, 0x00, 0x00,
        0x02, 0x40, 0x00, 0x00, 0x3d, 0x0a, 0x87, 0x3f, 0x3d, 0x0a, 0x87, 0x3f,
        0x3d, 0x0a, 0x87, 0x3f, 0x3d, 0x0a, 0x87, 0x3f, 0x02, 0x40, 0x00, 0x00,
        0xae, 0x47, 0x61, 0xbd, 0xae, 0x47, 0x61, 0xbd, 0xae, 0x47, 0x61, 0xbd,
        0xae, 0x47, 0x61, 0xbd, 0x37, 0x20, 0x00, 0x09, 0xf2, 0x00, 0x10, 0x00,
        0x09, 0x00, 0x00, 0x00, 0x46, 0x0e, 0x10, 0x00, 0x0c, 0x00, 0x00, 0x00,
        0x46, 0x0e, 0x10, 0x00, 0x0a, 0x00, 0x00, 0x00, 0x46, 0x0e, 0x10, 0x00,
        0x0b, 0x00, 0x00, 0x00, 0x15, 0x00, 0x00, 0x01, 0x6d, 0x00, 0x00, 0x8b,
        0xc2, 0x00, 0x00, 0x80, 0x43, 0x55, 0x15, 0x00, 0xf2, 0x00, 0x10, 0x00,
        0x0a, 0x00, 0x00, 0x00, 0xe6, 0x0a, 0x10, 0x00, 0x02, 0x00, 0x00, 0x00,
        0x46, 0x7e, 0x10, 0x00, 0x00, 0x00, 0x00, 0x00, 0x1a, 0x60, 0x10, 0x00,
        0x00, 0x00, 0x00, 0x00, 0x1f, 0x00, 0x04, 0x04, 0x0a, 0x80, 0x20, 0x00,
        0x00, 0x00, 0x00, 0x00, 0x04, 0x00, 0x00, 0x00, 0x34, 0x00, 0x00, 0x0a,
        0xf2, 0x00, 0x10, 0x00, 0x0b, 0x00, 0x00, 0x00, 0x46, 0x0e, 0x10, 0x00,
        0x0a, 0x00, 0x00, 0x00, 0x02, 0x40, 0x00, 0x00, 0x00, 0x00, 0x00, 0x00,
        0x00, 0x00, 0x00, 0x00, 0x00, 0x00, 0x00, 0x00, 0x00, 0x00, 0x00, 0x00,
        0x38, 0x00, 0x00, 0x0a, 0xf2, 0x00, 0x10, 0x00, 0x0c, 0x00, 0x00, 0x00,
        0x46, 0x0e, 0x10, 0x00, 0x0b, 0x00, 0x00, 0x00, 0x02, 0x40, 0x00, 0x00,
        0x52, 0xb8, 0x4e, 0x41, 0x52, 0xb8, 0x4e, 0x41, 0x52, 0xb8, 0x4e, 0x41,
        0x52, 0xb8, 0x4e, 0x41, 0x31, 0x00, 0x00, 0x0a, 0xf2, 0x00, 0x10, 0x00,
        0x0d, 0x00, 0x00, 0x00, 0x02, 0x40, 0x00, 0x00, 0x1c, 0x2e, 0x4d, 0x3b,
        0x1c, 0x2e, 0x4d, 0x3b, 0x1c, 0x2e, 0x4d, 0x3b, 0x1c, 0x2e, 0x4d, 0x3b,
        0x46, 0x0e, 0x10, 0x00, 0x0b, 0x00, 0x00, 0x00, 0x2f, 0x00, 0x00, 0x05,
        0xf2, 0x00, 0x10, 0x00, 0x0b, 0x00, 0x00, 0x00, 0x46, 0x0e, 0x10, 0x00,
        0x0b, 0x00, 0x00, 0x00, 0x38, 0x00, 0x00, 0x0a, 0xf2, 0x00, 0x10, 0x00,
        0x0b, 0x00, 0x00, 0x00, 0x46, 0x0e, 0x10, 0x00, 0x0b, 0x00, 0x00, 0x00,
        0x02, 0x40, 0x00, 0x00, 0x55, 0x55, 0xd5, 0x3e, 0x55, 0x55, 0xd5, 0x3e,
        0x55, 0x55, 0xd5, 0x3e, 0x55, 0x55, 0xd5, 0x3e, 0x19, 0x00, 0x00, 0x05,
        0xf2, 0x00, 0x10, 0x00, 0x0b, 0x00, 0x00, 0x00, 0x46, 0x0e, 0x10, 0x00,
        0x0b, 0x00, 0x00, 0x00, 0x32, 0x00, 0x00, 0x0f, 0xf2, 0x00, 0x10, 0x00,
        0x0b, 0x00, 0x00, 0x00, 0x46, 0x0e, 0x10, 0x00, 0x0b, 0x00, 0x00, 0x00,
        0x02, 0x40, 0x00, 0x00, 0x3d, 0x0a, 0x87, 0x3f, 0x3d, 0x0a, 0x87, 0x3f,
        0x3d, 0x0a, 0x87, 0x3f, 0x3d, 0x0a, 0x87, 0x3f, 0x02, 0x40, 0x00, 0x00,
        0xae, 0x47, 0x61, 0xbd, 0xae, 0x47, 0x61, 0xbd, 0xae, 0x47, 0x61, 0xbd,
        0xae, 0x47, 0x61, 0xbd, 0x37, 0x20, 0x00, 0x09, 0xf2, 0x00, 0x10, 0x00,
        0x0a, 0x00, 0x00, 0x00, 0x46, 0x0e, 0x10, 0x00, 0x0d, 0x00, 0x00, 0x00,
        0x46, 0x0e, 0x10, 0x00, 0x0b, 0x00, 0x00, 0x00, 0x46, 0x0e, 0x10, 0x00,
        0x0c, 0x00, 0x00, 0x00, 0x15, 0x00, 0x00, 0x01, 0x6d, 0x00, 0x00, 0x8b,
        0xc2, 0x00, 0x00, 0x80, 0x43, 0x55, 0x15, 0x00, 0xf2, 0x00, 0x10, 0x00,
        0x02, 0x00, 0x00, 0x00, 0xe6, 0x0a, 0x10, 0x00, 0x02, 0x00, 0x00, 0x00,
        0x46, 0x7e, 0x10, 0x00, 0x00, 0x00, 0x00, 0x00, 0x2a, 0x60, 0x10, 0x00,
        0x00, 0x00, 0x00, 0x00, 0x1f, 0x00, 0x04, 0x04, 0x0a, 0x80, 0x20, 0x00,
        0x00, 0x00, 0x00, 0x00, 0x04, 0x00, 0x00, 0x00, 0x34, 0x00, 0x00, 0x0a,
        0xf2, 0x00, 0x10, 0x00, 0x0b, 0x00, 0x00, 0x00, 0x46, 0x0e, 0x10, 0x00,
        0x02, 0x00, 0x00, 0x00, 0x02, 0x40, 0x00, 0x00, 0x00, 0x00, 0x00, 0x00,
        0x00, 0x00, 0x00, 0x00, 0x00, 0x00, 0x00, 0x00, 0x00, 0x00, 0x00, 0x00,
        0x38, 0x00, 0x00, 0x0a, 0xf2, 0x00, 0x10, 0x00, 0x0c, 0x00, 0x00, 0x00,
        0x46, 0x0e, 0x10, 0x00, 0x0b, 0x00, 0x00, 0x00, 0x02, 0x40, 0x00, 0x00,
        0x52, 0xb8, 0x4e, 0x41, 0x52, 0xb8, 0x4e, 0x41, 0x52, 0xb8, 0x4e, 0x41,
        0x52, 0xb8, 0x4e, 0x41, 0x31, 0x00, 0x00, 0x0a, 0xf2, 0x00, 0x10, 0x00,
        0x0d, 0x00, 0x00, 0x00, 0x02, 0x40, 0x00, 0x00, 0x1c, 0x2e, 0x4d, 0x3b,
        0x1c, 0x2e, 0x4d, 0x3b, 0x1c, 0x2e, 0x4d, 0x3b, 0x1c, 0x2e, 0x4d, 0x3b,
        0x46, 0x0e, 0x10, 0x00, 0x0b, 0x00, 0x00, 0x00, 0x2f, 0x00, 0x00, 0x05,
        0xf2, 0x00, 0x10, 0x00, 0x0b, 0x00, 0x00, 0x00, 0x46, 0x0e, 0x10, 0x00,
        0x0b, 0x00, 0x00, 0x00, 0x38, 0x00, 0x00, 0x0a, 0xf2, 0x00, 0x10, 0x00,
        0x0b, 0x00, 0x00, 0x00, 0x46, 0x0e, 0x10, 0x00, 0x0b, 0x00, 0x00, 0x00,
        0x02, 0x40, 0x00, 0x00, 0x55, 0x55, 0xd5, 0x3e, 0x55, 0x55, 0xd5, 0x3e,
        0x55, 0x55, 0xd5, 0x3e, 0x55, 0x55, 0xd5, 0x3e, 0x19, 0x00, 0x00, 0x05,
        0xf2, 0x00, 0x10, 0x00, 0x0b, 0x00, 0x00, 0x00, 0x46, 0x0e, 0x10, 0x00,
        0x0b, 0x00, 0x00, 0x00, 0x32, 0x00, 0x00, 0x0f, 0xf2, 0x00, 0x10, 0x00,
        0x0b, 0x00, 0x00, 0x00, 0x46, 0x0e, 0x10, 0x00, 0x0b, 0x00, 0x00, 0x00,
        0x02, 0x40, 0x00, 0x00, 0x3d, 0x0a, 0x87, 0x3f, 0x3d, 0x0a, 0x87, 0x3f,
        0x3d, 0x0a, 0x87, 0x3f, 0x3d, 0x0a, 0x87, 0x3f, 0x02, 0x40, 0x00, 0x00,
        0xae, 0x47, 0x61, 0xbd, 0xae, 0x47, 0x61, 0xbd, 0xae, 0x47, 0x61, 0xbd,
        0xae, 0x47, 0x61, 0xbd, 0x37, 0x20, 0x00, 0x09, 0xf2, 0x00, 0x10, 0x00,
        0x02, 0x00, 0x00, 0x00, 0x46, 0x0e, 0x10, 0x00, 0x0d, 0x00, 0x00, 0x00,
        0x46, 0x0e, 0x10, 0x00, 0x0b, 0x00, 0x00, 0x00, 0x46, 0x0e, 0x10, 0x00,
        0x0c, 0x00, 0x00, 0x00, 0x15, 0x00, 0x00, 0x01, 0x6d, 0x00, 0x00, 0x8b,
        0xc2, 0x00, 0x00, 0x80, 0x43, 0x55, 0x15, 0x00, 0x32, 0x00, 0x10, 0x00,
        0x0b, 0x00, 0x00, 0x00, 0x46, 0x00, 0x10, 0x00, 0x03, 0x00, 0x00, 0x00,
        0xe6, 0x74, 0x10, 0x00, 0x00, 0x00, 0x00, 0x00, 0x0a, 0x60, 0x10, 0x00,
        0x00, 0x00, 0x00, 0x00, 0x1f, 0x00, 0x04, 0x04, 0x0a, 0x80, 0x20, 0x00,
        0x00, 0x00, 0x00, 0x00, 0x04, 0x00, 0x00, 0x00, 0x34, 0x00, 0x00, 0x0a,
        0xc2, 0x00, 0x10, 0x00, 0x03, 0x00, 0x00, 0x00, 0x06, 0x04, 0x10, 0x00,
        0x0b, 0x00, 0x00, 0x00, 0x02, 0x40, 0x00, 0x00, 0x00, 0x00, 0x00, 0x00,
        0x00, 0x00, 0x00, 0x00, 0x00, 0x00, 0x00, 0x00, 0x00, 0x00, 0x00, 0x00,
        0x38, 0x00, 0x00, 0x0a, 0x32, 0x00, 0x10, 0x00, 0x0c, 0x00, 0x00, 0x00,
        0xe6, 0x0a, 0x10, 0x00, 0x03, 0x00, 0x00, 0x00, 0x02, 0x40, 0x00, 0x00,
        0x52, 0xb8, 0x4e, 0x41, 0x52, 0xb8, 0x4e, 0x41, 0x00, 0x00, 0x00, 0x00,
        0x00, 0x00, 0x00, 0x00, 0x31, 0x00, 0x00, 0x0a, 0xc2, 0x00, 0x10, 0x00,
        0x0c, 0x00, 0x00, 0x00, 0x02, 0x40, 0x00, 0x00, 0x00, 0x00, 0x00, 0x00,
        0x00, 0x00, 0x00, 0x00, 0x1c, 0x2e, 0x4d, 0x3b, 0x1c, 0x2e, 0x4d, 0x3b,
        0xa6, 0x0e, 0x10, 0x00, 0x03, 0x00, 0x00, 0x00, 0x2f, 0x00, 0x00, 0x05,
        0xc2, 0x00, 0x10, 0x00, 0x03, 0x00, 0x00, 0x00, 0xa6, 0x0e, 0x10, 0x00,
        0x03, 0x00, 0x00, 0x00, 0x38, 0x00, 0x00, 0x0a, 0xc2, 0x00, 0x10, 0x00,
        0x03, 0x00, 0x00, 0x00, 0xa6, 0x0e, 0x10, 0x00, 0x03, 0x00, 0x00, 0x00,
        0x02, 0x40, 0x00, 0x00, 0x00, 0x00, 0x00, 0x00, 0x00, 0x00, 0x00, 0x00,
        0x55, 0x55, 0xd5, 0x3e, 0x55, 0x55, 0xd5, 0x3e, 0x19, 0x00, 0x00, 0x05,
        0xc2, 0x00, 0x10, 0x00, 0x03, 0x00, 0x00, 0x00, 0xa6, 0x0e, 0x10, 0x00,
        0x03, 0x00, 0x00, 0x00, 0x32, 0x00, 0x00, 0x0f, 0xc2, 0x00, 0x10, 0x00,
        0x03, 0x00, 0x00, 0x00, 0xa6, 0x0e, 0x10, 0x00, 0x03, 0x00, 0x00, 0x00,
        0x02, 0x40, 0x00, 0x00, 0x00, 0x00, 0x00, 0x00, 0x00, 0x00, 0x00, 0x00,
        0x3d, 0x0a, 0x87, 0x3f, 0x3d, 0x0a, 0x87, 0x3f, 0x02, 0x40, 0x00, 0x00,
        0x00, 0x00, 0x00, 0x00, 0x00, 0x00, 0x00, 0x00, 0xae, 0x47, 0x61, 0xbd,
        0xae, 0x47, 0x61, 0xbd, 0x37, 0x20, 0x00, 0x09, 0x32, 0x00, 0x10, 0x00,
        0x0b, 0x00, 0x00, 0x00, 0xe6, 0x0a, 0x10, 0x00, 0x0c, 0x00, 0x00, 0x00,
        0xe6, 0x0a, 0x10, 0x00, 0x03, 0x00, 0x00, 0x00, 0x46, 0x00, 0x10, 0x00,
        0x0c, 0x00, 0x00, 0x00, 0x15, 0x00, 0x00, 0x01, 0x6d, 0x00, 0x00, 0x8b,
        0xc2, 0x00, 0x00, 0x80, 0x43, 0x55, 0x15, 0x00, 0x32, 0x00, 0x10, 0x00,
        0x0c, 0x00, 0x00, 0x00, 0x46, 0x00, 0x10, 0x00, 0x03, 0x00, 0x00, 0x00,
        0xe6, 0x74, 0x10, 0x00, 0x00, 0x00, 0x00, 0x00, 0x1a, 0x60, 0x10, 0x00,
        0x00, 0x00, 0x00, 0x00, 0x1f, 0x00, 0x04, 0x04, 0x0a, 0x80, 0x20, 0x00,
        0x00, 0x00, 0x00, 0x00, 0x04, 0x00, 0x00, 0x00, 0x34, 0x00, 0x00, 0x0a,
        0xc2, 0x00, 0x10, 0x00, 0x03, 0x00, 0x00, 0x00, 0x06, 0x04, 0x10, 0x00,
        0x0c, 0x00, 0x00, 0x00, 0x02, 0x40, 0x00, 0x00, 0x00, 0x00, 0x00, 0x00,
        0x00, 0x00, 0x00, 0x00, 0x00, 0x00, 0x00, 0x00, 0x00, 0x00, 0x00, 0x00,
        0x38, 0x00, 0x00, 0x0a, 0x32, 0x00, 0x10, 0x00, 0x0d, 0x00, 0x00, 0x00,
        0xe6, 0x0a, 0x10, 0x00, 0x03, 0x00, 0x00, 0x00, 0x02, 0x40, 0x00, 0x00,
        0x52, 0xb8, 0x4e, 0x41, 0x52, 0xb8, 0x4e, 0x41, 0x00, 0x00, 0x00, 0x00,
        0x00, 0x00, 0x00, 0x00, 0x31, 0x00, 0x00, 0x0a, 0xc2, 0x00, 0x10, 0x00,
        0x0d, 0x00, 0x00, 0x00, 0x02, 0x40, 0x00, 0x00, 0x00, 0x00, 0x00, 0x00,
        0x00, 0x00, 0x00, 0x00, 0x1c, 0x2e, 0x4d, 0x3b, 0x1c, 0x2e, 0x4d, 0x3b,
        0xa6, 0x0e, 0x10, 0x00, 0x03, 0x00, 0x00, 0x00, 0x2f, 0x00, 0x00, 0x05,
        0xc2, 0x00, 0x10, 0x00, 0x03, 0x00, 0x00, 0x00, 0xa6, 0x0e, 0x10, 0x00,
        0x03, 0x00, 0x00, 0x00, 0x38, 0x00, 0x00, 0x0a, 0xc2, 0x00, 0x10, 0x00,
        0x03, 0x00, 0x00, 0x00, 0xa6, 0x0e, 0x10, 0x00, 0x03, 0x00, 0x00, 0x00,
        0x02, 0x40, 0x00, 0x00, 0x00, 0x00, 0x00, 0x00, 0x00, 0x00, 0x00, 0x00,
        0x55, 0x55, 0xd5, 0x3e, 0x55, 0x55, 0xd5, 0x3e, 0x19, 0x00, 0x00, 0x05,
        0xc2, 0x00, 0x10, 0x00, 0x03, 0x00, 0x00, 0x00, 0xa6, 0x0e, 0x10, 0x00,
        0x03, 0x00, 0x00, 0x00, 0x32, 0x00, 0x00, 0x0f, 0xc2, 0x00, 0x10, 0x00,
        0x03, 0x00, 0x00, 0x00, 0xa6, 0x0e, 0x10, 0x00, 0x03, 0x00, 0x00, 0x00,
        0x02, 0x40, 0x00, 0x00, 0x00, 0x00, 0x00, 0x00, 0x00, 0x00, 0x00, 0x00,
        0x3d, 0x0a, 0x87, 0x3f, 0x3d, 0x0a, 0x87, 0x3f, 0x02, 0x40, 0x00, 0x00,
        0x00, 0x00, 0x00, 0x00, 0x00, 0x00, 0x00, 0x00, 0xae, 0x47, 0x61, 0xbd,
        0xae, 0x47, 0x61, 0xbd, 0x37, 0x20, 0x00, 0x09, 0x32, 0x00, 0x10, 0x00,
        0x0c, 0x00, 0x00, 0x00, 0xe6, 0x0a, 0x10, 0x00, 0x0d, 0x00, 0x00, 0x00,
        0xe6, 0x0a, 0x10, 0x00, 0x03, 0x00, 0x00, 0x00, 0x46, 0x00, 0x10, 0x00,
        0x0d, 0x00, 0x00, 0x00, 0x15, 0x00, 0x00, 0x01, 0x6d, 0x00, 0x00, 0x8b,
        0xc2, 0x00, 0x00, 0x80, 0x43, 0x55, 0x15, 0x00, 0x32, 0x00, 0x10, 0x00,
        0x03, 0x00, 0x00, 0x00, 0x46, 0x00, 0x10, 0x00, 0x03, 0x00, 0x00, 0x00,
        0xe6, 0x74, 0x10, 0x00, 0x00, 0x00, 0x00, 0x00, 0x2a, 0x60, 0x10, 0x00,
        0x00, 0x00, 0x00, 0x00, 0x1f, 0x00, 0x04, 0x04, 0x0a, 0x80, 0x20, 0x00,
        0x00, 0x00, 0x00, 0x00, 0x04, 0x00, 0x00, 0x00, 0x34, 0x00, 0x00, 0x0a,
        0xc2, 0x00, 0x10, 0x00, 0x03, 0x00, 0x00, 0x00, 0x06, 0x04, 0x10, 0x00,
        0x03, 0x00, 0x00, 0x00, 0x02, 0x40, 0x00, 0x00, 0x00, 0x00, 0x00, 0x00,
        0x00, 0x00, 0x00, 0x00, 0x00, 0x00, 0x00, 0x00, 0x00, 0x00, 0x00, 0x00,
        0x38, 0x00, 0x00, 0x0a, 0x32, 0x00, 0x10, 0x00, 0x0d, 0x00, 0x00, 0x00,
        0xe6, 0x0a, 0x10, 0x00, 0x03, 0x00, 0x00, 0x00, 0x02, 0x40, 0x00, 0x00,
        0x52, 0xb8, 0x4e, 0x41, 0x52, 0xb8, 0x4e, 0x41, 0x00, 0x00, 0x00, 0x00,
        0x00, 0x00, 0x00, 0x00, 0x31, 0x00, 0x00, 0x0a, 0xc2, 0x00, 0x10, 0x00,
        0x0d, 0x00, 0x00, 0x00, 0x02, 0x40, 0x00, 0x00, 0x00, 0x00, 0x00, 0x00,
        0x00, 0x00, 0x00, 0x00, 0x1c, 0x2e, 0x4d, 0x3b, 0x1c, 0x2e, 0x4d, 0x3b,
        0xa6, 0x0e, 0x10, 0x00, 0x03, 0x00, 0x00, 0x00, 0x2f, 0x00, 0x00, 0x05,
        0xc2, 0x00, 0x10, 0x00, 0x03, 0x00, 0x00, 0x00, 0xa6, 0x0e, 0x10, 0x00,
        0x03, 0x00, 0x00, 0x00, 0x38, 0x00, 0x00, 0x0a, 0xc2, 0x00, 0x10, 0x00,
        0x03, 0x00, 0x00, 0x00, 0xa6, 0x0e, 0x10, 0x00, 0x03, 0x00, 0x00, 0x00,
        0x02, 0x40, 0x00, 0x00, 0x00, 0x00, 0x00, 0x00, 0x00, 0x00, 0x00, 0x00,
        0x55, 0x55, 0xd5, 0x3e, 0x55, 0x55, 0xd5, 0x3e, 0x19, 0x00, 0x00, 0x05,
        0xc2, 0x00, 0x10, 0x00, 0x03, 0x00, 0x00, 0x00, 0xa6, 0x0e, 0x10, 0x00,
        0x03, 0x00, 0x00, 0x00, 0x32, 0x00, 0x00, 0x0f, 0xc2, 0x00, 0x10, 0x00,
        0x03, 0x00, 0x00, 0x00, 0xa6, 0x0e, 0x10, 0x00, 0x03, 0x00, 0x00, 0x00,
        0x02, 0x40, 0x00, 0x00, 0x00, 0x00, 0x00, 0x00, 0x00, 0x00, 0x00, 0x00,
        0x3d, 0x0a, 0x87, 0x3f, 0x3d, 0x0a, 0x87, 0x3f, 0x02, 0x40, 0x00, 0x00,
        0x00, 0x00, 0x00, 0x00, 0x00, 0x00, 0x00, 0x00, 0xae, 0x47, 0x61, 0xbd,
        0xae, 0x47, 0x61, 0xbd, 0x37, 0x20, 0x00, 0x09, 0x32, 0x00, 0x10, 0x00,
        0x03, 0x00, 0x00, 0x00, 0xe6, 0x0a, 0x10, 0x00, 0x0d, 0x00, 0x00, 0x00,
        0xe6, 0x0a, 0x10, 0x00, 0x03, 0x00, 0x00, 0x00, 0x46, 0x00, 0x10, 0x00,
        0x0d, 0x00, 0x00, 0x00, 0x15, 0x00, 0x00, 0x01, 0x32, 0x00, 0x00, 0x0c,
        0xc2, 0x00, 0x10, 0x00, 0x03, 0x00, 0x00, 0x00, 0x06, 0x04, 0x10, 0x00,
        0x04, 0x00, 0x00, 0x00, 0x02, 0x40, 0x00, 0x00, 0x00, 0x00, 0x00, 0x00,
        0x00, 0x00, 0x00, 0x00, 0x00, 0x00, 0x00, 0x3f, 0x00, 0x00, 0x00, 0x3f,
        0x06, 0x04, 0x10, 0x00, 0x05, 0x00, 0x00, 0x00, 0x32, 0x00, 0x00, 0x0c,
        0xc2, 0x00, 0x10, 0x00, 0x03, 0x00, 0x00, 0x00, 0xa6, 0x0e, 0x10, 0x00,
        0x01, 0x00, 0x00, 0x00, 0x02, 0x40, 0x00, 0x00, 0x00, 0x00, 0x00, 0x00,
        0x00, 0x00, 0x00, 0x00, 0x00, 0x00, 0x00, 0x3f, 0x00, 0x00, 0x00, 0x3f,
        0xa6, 0x0e, 0x10, 0x00, 0x03, 0x00, 0x00, 0x00, 0x32, 0x00, 0x00, 0x0c,
        0xf2, 0x00, 0x10, 0x00, 0x0d, 0x00, 0x00, 0x00, 0xe6, 0x01, 0x10, 0x00,
        0x06, 0x00, 0x00, 0x00, 0x02, 0x40, 0x00, 0x00, 0x00, 0x00, 0x00, 0x3f,
        0x00, 0x00, 0x00, 0x3f, 0x00, 0x00, 0x00, 0x3f, 0x00, 0x00, 0x00, 0x3f,
        0xe6, 0x01, 0x10, 0x00, 0x07, 0x00, 0x00, 0x00, 0x32, 0x00, 0x00, 0x0c,
        0xf2, 0x00, 0x10, 0x00, 0x0d, 0x00, 0x00, 0x00, 0xd6, 0x08, 0x10, 0x00,
        0x08, 0x00, 0x00, 0x00, 0x02, 0x40, 0x00, 0x00, 0x00, 0x00, 0x00, 0x3f,
        0x00, 0x00, 0x00, 0x3f, 0x00, 0x00, 0x00, 0x3f, 0x00, 0x00, 0x00, 0x3f,
        0x46, 0x0e, 0x10, 0x00, 0x0d, 0x00, 0x00, 0x00, 0x32, 0x00, 0x00, 0x0c,
        0xf2, 0x00, 0x10, 0x00, 0x0e, 0x00, 0x00, 0x00, 0x46, 0x0e, 0x10, 0x00,
        0x09, 0x00, 0x00, 0x00, 0x02, 0x40, 0x00, 0x00, 0x00, 0x00, 0x00, 0x3f,
        0x00, 0x00, 0x00, 0x3f, 0x00, 0x00, 0x00, 0x3f, 0x00, 0x00, 0x00, 0x3f,
        0x46, 0x0e, 0x10, 0x00, 0x0a, 0x00, 0x00, 0x00, 0x32, 0x00, 0x00, 0x0c,
        0xf2, 0x00, 0x10, 0x00, 0x0e, 0x00, 0x00, 0x00, 0x46, 0x0e, 0x10, 0x00,
        0x02, 0x00, 0x00, 0x00, 0x02, 0x40, 0x00, 0x00, 0x00, 0x00, 0x00, 0x3f,
        0x00, 0x00, 0x00, 0x3f, 0x00, 0x00, 0x00, 0x3f, 0x00, 0x00, 0x00, 0x3f,
        0x46, 0x0e, 0x10, 0x00, 0x0e, 0x00, 0x00, 0x00, 0x32, 0x00, 0x00, 0x0c,
        0x32, 0x00, 0x10, 0x00, 0x0f, 0x00, 0x00, 0x00, 0x46, 0x00, 0x10, 0x00,
        0x0b, 0x00, 0x00, 0x00, 0x02, 0x40, 0x00, 0x00, 0x00, 0x00, 0x00, 0x3f,
        0x00, 0x00, 0x00, 0x3f, 0x00, 0x00, 0x00, 0x00, 0x00, 0x00, 0x00, 0x00,
        0x46, 0x00, 0x10, 0x00, 0x0c, 0x00, 0x00, 0x00, 0x32, 0x00, 0x00, 0x0c,
        0x32, 0x00, 0x10, 0x00, 0x0f, 0x00, 0x00, 0x00, 0x46, 0x00, 0x10, 0x00,
        0x03, 0x00, 0x00, 0x00, 0x02, 0x40, 0x00, 0x00, 0x00, 0x00, 0x00, 0x3f,
        0x00, 0x00, 0x00, 0x3f, 0x00, 0x00, 0x00, 0x00, 0x00, 0x00, 0x00, 0x00,
        0x46, 0x00, 0x10, 0x00, 0x0f, 0x00, 0x00, 0x00, 0x00, 0x00, 0x00, 0x0b,
        0xf2, 0x00, 0x10, 0x00, 0x10, 0x00, 0x00, 0x00, 0x46, 0x04, 0x10, 0x80,
        0x41, 0x00, 0x00, 0x00, 0x01, 0x00, 0x00, 0x00, 0x02, 0x40, 0x00, 0x00,
        0x00, 0x00, 0x80, 0x3f, 0x00, 0x00, 0x80, 0x3f, 0x00, 0x00, 0x00, 0x00,
        0x00, 0x00, 0x80, 0xbf, 0x38, 0x00, 0x00, 0x07, 0x42, 0x00, 0x10, 0x00,
        0x0f, 0x00, 0x00, 0x00, 0x1a, 0x00, 0x10, 0x00, 0x10, 0x00, 0x00, 0x00,
        0x0a, 0x00, 0x10, 0x00, 0x10, 0x00, 0x00, 0x00, 0x00, 0x00, 0x00, 0x08,
        0xf2, 0x00, 0x10, 0x00, 0x11, 0x00, 0x00, 0x00, 0x46, 0x08, 0x10, 0x80,
        0x41, 0x00, 0x00, 0x00, 0x0d, 0x00, 0x00, 0x00, 0xf6, 0x02, 0x10, 0x00,
        0x0e, 0x00, 0x00, 0x00, 0x00, 0x00, 0x00, 0x08, 0x72, 0x00, 0x10, 0x00,
        0x12, 0x00, 0x00, 0x00, 0x16, 0x07, 0x10, 0x80, 0x41, 0x00, 0x00, 0x00,
        0x0d, 0x00, 0x00, 0x00, 0x86, 0x02, 0x10, 0x00, 0x0d, 0x00, 0x00, 0x00,
        0x34, 0x00, 0x00, 0x09, 0x52, 0x00, 0x10, 0x00, 0x12, 0x00, 0x00, 0x00,
        0x06, 0x03, 0x10, 0x80, 0x81, 0x00, 0x00, 0x00, 0x11, 0x00, 0x00, 0x00,
        0x06, 0x02, 0x10, 0x80, 0x81, 0x00, 0x00, 0x00, 0x12, 0x00, 0x00, 0x00,
        0x1e, 0x00, 0x00, 0x0b, 0x52, 0x00, 0x10, 0x00, 0x12, 0x00, 0x00, 0x00,
        0x06, 0x02, 0x10, 0x80, 0x41, 0x00, 0x00, 0x00, 0x12, 0x00, 0x00, 0x00,
        0x02, 0x40, 0x00, 0x00, 0xbb, 0x7e, 0xf0, 0x7e, 0x00, 0x00, 0x00, 0x00,
        0xbb, 0x7e, 0xf0, 0x7e, 0x00, 0x00, 0x00, 0x00, 0x38, 0x20, 0x00, 0x08,
        0x22, 0x00, 0x10, 0x00, 0x0d, 0x00, 0x00, 0x00, 0x1a, 0x00, 0x10, 0x80,
        0x81, 0x00, 0x00, 0x00, 0x11, 0x00, 0x00, 0x00, 0x0a, 0x00, 0x10, 0x00,
        0x12, 0x00, 0x00, 0x00, 0x38, 0x00, 0x00, 0x07, 0x22, 0x00, 0x10, 0x00,
        0x0d, 0x00, 0x00, 0x00, 0x1a, 0x00, 0x10, 0x00, 0x0d, 0x00, 0x00, 0x00,
        0x1a, 0x00, 0x10, 0x00, 0x0d, 0x00, 0x00, 0x00, 0x00, 0x00, 0x00, 0x08,
        0x92, 0x00, 0x10, 0x00, 0x12, 0x00, 0x00, 0x00, 0xa6, 0x0a, 0x10, 0x80,
        0x41, 0x00, 0x00, 0x00, 0x03, 0x00, 0x00, 0x00, 0x06, 0x08, 0x10, 0x00,
        0x0d, 0x00, 0x00, 0x00, 0x34, 0x00, 0x00, 0x09, 0x42, 0x00, 0x10, 0x00,
        0x03, 0x00, 0x00, 0x00, 0x0a, 0x00, 0x10, 0x80, 0x81, 0x00, 0x00, 0x00,
        0x12, 0x00, 0x00, 0x00, 0x1a, 0x00, 0x10, 0x80, 0x81, 0x00, 0x00, 0x00,
        0x12, 0x00, 0x00, 0x00, 0x1e, 0x00, 0x00, 0x08, 0x42, 0x00, 0x10, 0x00,
        0x03, 0x00, 0x00, 0x00, 0x2a, 0x00, 0x10, 0x80, 0x41, 0x00, 0x00, 0x00,
        0x03, 0x00, 0x00, 0x00, 0x01, 0x40, 0x00, 0x00, 0xbb, 0x7e, 0xf0, 0x7e,
        0x38, 0x20, 0x00, 0x08, 0x42, 0x00, 0x10, 0x00, 0x03, 0x00, 0x00, 0x00,
        0x2a, 0x00, 0x10, 0x00, 0x03, 0x00, 0x00, 0x00, 0x3a, 0x00, 0x10, 0x80,
        0x81, 0x00, 0x00, 0x00, 0x12, 0x00, 0x00, 0x00, 0x38, 0x00, 0x00, 0x07,
        0x42, 0x00, 0x10, 0x00, 0x03, 0x00, 0x00, 0x00, 0x2a, 0x00, 0x10, 0x00,
        0x03, 0x00, 0x00, 0x00, 0x2a, 0x00, 0x10, 0x00, 0x03, 0x00, 0x00, 0x00,
        0x38, 0x00, 0x00, 0x07, 0x42, 0x00, 0x10, 0x00, 0x03, 0x00, 0x00, 0x00,
        0x2a, 0x00, 0x10, 0x00, 0x0f, 0x00, 0x00, 0x00, 0x2a, 0x00, 0x10, 0x00,
        0x03, 0x00, 0x00, 0x00, 0x32, 0x00, 0x00, 0x09, 0x42, 0x00, 0x10, 0x00,
        0x03, 0x00, 0x00, 0x00, 0x1a, 0x00, 0x10, 0x00, 0x0d, 0x00, 0x00, 0x00,
        0x2a, 0x00, 0x10, 0x00, 0x0f, 0x00, 0x00, 0x00, 0x2a, 0x00, 0x10, 0x00,
        0x03, 0x00, 0x00, 0x00, 0x38, 0x00, 0x00, 0x07, 0x32, 0x00, 0x10, 0x00,
        0x10, 0x00, 0x00, 0x00, 0x46, 0x00, 0x10, 0x00, 0x01, 0x00, 0x00, 0x00,
        0x16, 0x05, 0x10, 0x00, 0x10, 0x00, 0x00, 0x00, 0x00, 0x00, 0x00, 0x08,
        0x72, 0x00, 0x10, 0x00, 0x13, 0x00, 0x00, 0x00, 0xf6, 0x0c, 0x10, 0x80,
        0x41, 0x00, 0x00, 0x00, 0x0e, 0x00, 0x00, 0x00, 0x26, 0x09, 0x10, 0x00,
        0x0e, 0x00, 0x00, 0x00, 0x34, 0x00, 0x00, 0x09, 0x92, 0x00, 0x10, 0x00,
        0x11, 0x00, 0x00, 0x00, 0x06, 0x0c, 0x10, 0x80, 0x81, 0x00, 0x00, 0x00,
        0x11, 0x00, 0x00, 0x00, 0x06, 0x08, 0x10, 0x80, 0x81, 0x00, 0x00, 0x00,
        0x13, 0x00, 0x00, 0x00, 0x1e, 0x00, 0x00, 0x0b, 0x92, 0x00, 0x10, 0x00,
        0x11, 0x00, 0x00, 0x00, 0x06, 0x0c, 0x10, 0x80, 0x41, 0x00, 0x00, 0x00,
        0x11, 0x00, 0x00, 0x00, 0x02, 0x40, 0x00, 0x00, 0xbb, 0x7e, 0xf0, 0x7e,
        0x00, 0x00, 0x00, 0x00, 0x00, 0x00, 0x00, 0x00, 0xbb, 0x7e, 0xf0, 0x7e,
        0x38, 0x00, 0x00, 0x07, 0x22, 0x00, 0x10, 0x00, 0x0d, 0x00, 0x00, 0x00,
        0x0a, 0x00, 0x10, 0x00, 0x10, 0x00, 0x00, 0x00, 0x2a, 0x00, 0x10, 0x00,
        0x11, 0x00, 0x00, 0x00, 0x32, 0x00, 0x00, 0x09, 0x22, 0x00, 0x10, 0x00,
        0x0d, 0x00, 0x00, 0x00, 0x1a, 0x00, 0x10, 0x00, 0x11, 0x00, 0x00, 0x00,
        0x2a, 0x00, 0x10, 0x00, 0x0f, 0x00, 0x00, 0x00, 0x1a, 0x00, 0x10, 0x00,
        0x0d, 0x00, 0x00, 0x00, 0x38, 0x20, 0x00, 0x08, 0x42, 0x00, 0x10, 0x00,
        0x0e, 0x00, 0x00, 0x00, 0x0a, 0x00, 0x10, 0x00, 0x11, 0x00, 0x00, 0x00,
        0x2a, 0x00, 0x10, 0x80, 0x81, 0x00, 0x00, 0x00, 0x11, 0x00, 0x00, 0x00,
        0x38, 0x00, 0x00, 0x07, 0x42, 0x00, 0x10, 0x00, 0x0e, 0x00, 0x00, 0x00,
        0x2a, 0x00, 0x10, 0x00, 0x0e, 0x00, 0x00, 0x00, 0x2a, 0x00, 0x10, 0x00,
        0x0e, 0x00, 0x00, 0x00, 0x32, 0x00, 0x00, 0x09, 0x42, 0x00, 0x10, 0x00,
        0x03, 0x00, 0x00, 0x00, 0x2a, 0x00, 0x10, 0x00, 0x0e, 0x00, 0x00, 0x00,
        0x0a, 0x00, 0x10, 0x00, 0x10, 0x00, 0x00, 0x00, 0x2a, 0x00, 0x10, 0x00,
        0x03, 0x00, 0x00, 0x00, 0x00, 0x00, 0x00, 0x08, 0x32, 0x00, 0x10, 0x00,
        0x11, 0x00, 0x00, 0x00, 0xf6, 0x0f, 0x10, 0x80, 0x41, 0x00, 0x00, 0x00,
        0x03, 0x00, 0x00, 0x00, 0x36, 0x0f, 0x10, 0x00, 0x0e, 0x00, 0x00, 0x00,
        0x34, 0x00, 0x00, 0x09, 0x82, 0x00, 0x10, 0x00, 0x03, 0x00, 0x00, 0x00,
        0x0a, 0x00, 0x10, 0x80, 0x81, 0x00, 0x00, 0x00, 0x11, 0x00, 0x00, 0x00,
        0x1a, 0x00, 0x10, 0x80, 0x81, 0x00, 0x00, 0x00, 0x13, 0x00, 0x00, 0x00,
        0x1e, 0x00, 0x00, 0x08, 0x82, 0x00, 0x10, 0x00, 0x03, 0x00, 0x00, 0x00,
        0x3a, 0x00, 0x10, 0x80, 0x41, 0x00, 0x00, 0x00, 0x03, 0x00, 0x00, 0x00,
        0x01, 0x40, 0x00, 0x00, 0xbb, 0x7e, 0xf0, 0x7e, 0x38, 0x00, 0x00, 0x07,
        0x42, 0x00, 0x10, 0x00, 0x0e, 0x00, 0x00, 0x00, 0x0a, 0x00, 0x10, 0x00,
        0x10, 0x00, 0x00, 0x00, 0x1a, 0x00, 0x10, 0x00, 0x11, 0x00, 0x00, 0x00,
        0x32, 0x00, 0x00, 0x09, 0x42, 0x00, 0x10, 0x00, 0x0e, 0x00, 0x00, 0x00,
        0x3a, 0x00, 0x10, 0x00, 0x12, 0x00, 0x00, 0x00, 0x2a, 0x00, 0x10, 0x00,
        0x0f, 0x00, 0x00, 0x00, 0x2a, 0x00, 0x10, 0x00, 0x0e, 0x00, 0x00, 0x00,
        0x38, 0x20, 0x00, 0x08, 0x82, 0x00, 0x10, 0x00, 0x03, 0x00, 0x00, 0x00,
        0x3a, 0x00, 0x10, 0x00, 0x03, 0x00, 0x00, 0x00, 0x1a, 0x00, 0x10, 0x80,
        0x81, 0x00, 0x00, 0x00, 0x11, 0x00, 0x00, 0x00, 0x38, 0x00, 0x00, 0x07,
        0x82, 0x00, 0x10, 0x00, 0x03, 0x00, 0x00, 0x00, 0x3a, 0x00, 0x10, 0x00,
        0x03, 0x00, 0x00, 0x00, 0x3a, 0x00, 0x10, 0x00, 0x03, 0x00, 0x00, 0x00,
        0x32, 0x00, 0x00, 0x09, 0x42, 0x00, 0x10, 0x00, 0x03, 0x00, 0x00, 0x00,
        0x3a, 0x00, 0x10, 0x00, 0x03, 0x00, 0x00, 0x00, 0x0a, 0x00, 0x10, 0x00,
        0x10, 0x00, 0x00, 0x00, 0x2a, 0x00, 0x10, 0x00, 0x03, 0x00, 0x00, 0x00,
        0x00, 0x00, 0x00, 0x08, 0xc2, 0x00, 0x10, 0x00, 0x0f, 0x00, 0x00, 0x00,
        0xf6, 0x0b, 0x10, 0x80, 0x41, 0x00, 0x00, 0x00, 0x0d, 0x00, 0x00, 0x00,
        0x06, 0x04, 0x10, 0x00, 0x0e, 0x00, 0x00, 0x00, 0x32, 0x00, 0x00, 0x09,
        0x82, 0x00, 0x10, 0x00, 0x03, 0x00, 0x00, 0x00, 0x2a, 0x00, 0x10, 0x00,
        0x0f, 0x00, 0x00, 0x00, 0x1a, 0x00, 0x10, 0x00, 0x10, 0x00, 0x00, 0x00,
        0x1a, 0x00, 0x10, 0x00, 0x0d, 0x00, 0x00, 0x00, 0x38, 0x20, 0x00, 0x08,
        0x22, 0x00, 0x10, 0x00, 0x0d, 0x00, 0x00, 0x00, 0x2a, 0x00, 0x10, 0x00,
        0x12, 0x00, 0x00, 0x00, 0x2a, 0x00, 0x10, 0x80, 0x81, 0x00, 0x00, 0x00,
        0x0f, 0x00, 0x00, 0x00, 0x38, 0x00, 0x00, 0x07, 0x22, 0x00, 0x10, 0x00,
        0x0d, 0x00, 0x00, 0x00, 0x1a, 0x00, 0x10, 0x00, 0x0d, 0x00, 0x00, 0x00,
        0x1a, 0x00, 0x10, 0x00, 0x0d, 0x00, 0x00, 0x00, 0x32, 0x00, 0x00, 0x09,
        0x42, 0x00, 0x10, 0x00, 0x03, 0x00, 0x00, 0x00, 0x1a, 0x00, 0x10, 0x00,
        0x0d, 0x00, 0x00, 0x00, 0x1a, 0x00, 0x10, 0x00, 0x10, 0x00, 0x00, 0x00,
        0x2a, 0x00, 0x10, 0x00, 0x03, 0x00, 0x00, 0x00, 0x00, 0x00, 0x00, 0x08,
        0x32, 0x00, 0x10, 0x00, 0x0d, 0x00, 0x00, 0x00, 0x26, 0x0a, 0x10, 0x80,
        0x41, 0x00, 0x00, 0x00, 0x0d, 0x00, 0x00, 0x00, 0x56, 0x05, 0x10, 0x00,
        0x0f, 0x00, 0x00, 0x00, 0x34, 0x00, 0x00, 0x09, 0x12, 0x00, 0x10, 0x00,
        0x0d, 0x00, 0x00, 0x00, 0x1a, 0x00, 0x10, 0x80, 0x81, 0x00, 0x00, 0x00,
        0x12, 0x00, 0x00, 0x00, 0x0a, 0x00, 0x10, 0x80, 0x81, 0x00, 0x00, 0x00,
        0x0d, 0x00, 0x00, 0x00, 0x1e, 0x00, 0x00, 0x08, 0x12, 0x00, 0x10, 0x00,
        0x0d, 0x00, 0x00, 0x00, 0x0a, 0x00, 0x10, 0x80, 0x41, 0x00, 0x00, 0x00,
        0x0d, 0x00, 0x00, 0x00, 0x01, 0x40, 0x00, 0x00, 0xbb, 0x7e, 0xf0, 0x7e,
        0x32, 0x00, 0x00, 0x09, 0x42, 0x00, 0x10, 0x00, 0x0d, 0x00, 0x00, 0x00,
        0x1a, 0x00, 0x10, 0x00, 0x0d, 0x00, 0x00, 0x00, 0x1a, 0x00, 0x10, 0x00,
        0x10, 0x00, 0x00, 0x00, 0x2a, 0x00, 0x10, 0x00, 0x0e, 0x00, 0x00, 0x00,
        0x38, 0x20, 0x00, 0x08, 0x12, 0x00, 0x10, 0x00, 0x0d, 0x00, 0x00, 0x00,
        0x0a, 0x00, 0x10, 0x00, 0x0d, 0x00, 0x00, 0x00, 0x1a, 0x00, 0x10, 0x80,
        0x81, 0x00, 0x00, 0x00, 0x0d, 0x00, 0x00, 0x00, 0x38, 0x00, 0x00, 0x07,
        0x12, 0x00, 0x10, 0x00, 0x0d, 0x00, 0x00, 0x00, 0x0a, 0x00, 0x10, 0x00,
        0x0d, 0x00, 0x00, 0x00, 0x0a, 0x00, 0x10, 0x00, 0x0d, 0x00, 0x00, 0x00,
        0x32, 0x00, 0x00, 0x09, 0x42, 0x00, 0x10, 0x00, 0x03, 0x00, 0x00, 0x00,
        0x0a, 0x00, 0x10, 0x00, 0x0d, 0x00, 0x00, 0x00, 0x1a, 0x00, 0x10, 0x00,
        0x10, 0x00, 0x00, 0x00, 0x2a, 0x00, 0x10, 0x00, 0x03, 0x00, 0x00, 0x00,
        0x38, 0x00, 0x00, 0x07, 0x12, 0x00, 0x10, 0x00, 0x0d, 0x00, 0x00, 0x00,
        0x1a, 0x00, 0x10, 0x00, 0x01, 0x00, 0x00, 0x00, 0x0a, 0x00, 0x10, 0x00,
        0x01, 0x00, 0x00, 0x00, 0x32, 0x00, 0x00, 0x09, 0x22, 0x00, 0x10, 0x00,
        0x11, 0x00, 0x00, 0x00, 0x3a, 0x00, 0x10, 0x00, 0x0f, 0x00, 0x00, 0x00,
        0x0a, 0x00, 0x10, 0x00, 0x0d, 0x00, 0x00, 0x00, 0x3a, 0x00, 0x10, 0x00,
        0x03, 0x00, 0x00, 0x00, 0x38, 0x20, 0x00, 0x08, 0x82, 0x00, 0x10, 0x00,
        0x03, 0x00, 0x00, 0x00, 0x3a, 0x00, 0x10, 0x00, 0x11, 0x00, 0x00, 0x00,
        0x3a, 0x00, 0x10, 0x80, 0x81, 0x00, 0x00, 0x00, 0x0f, 0x00, 0x00, 0x00,
        0x38, 0x00, 0x00, 0x07, 0x82, 0x00, 0x10, 0x00, 0x03, 0x00, 0x00, 0x00,
        0x3a, 0x00, 0x10, 0x00, 0x03, 0x00, 0x00, 0x00, 0x3a, 0x00, 0x10, 0x00,
        0x03, 0x00, 0x00, 0x00, 0x32, 0x00, 0x00, 0x09, 0x42, 0x00, 0x10, 0x00,
        0x03, 0x00, 0x00, 0x00, 0x3a, 0x00, 0x10, 0x00, 0x03, 0x00, 0x00, 0x00,
        0x0a, 0x00, 0x10, 0x00, 0x0d, 0x00, 0x00, 0x00, 0x2a, 0x00, 0x10, 0x00,
        0x03, 0x00, 0x00, 0x00, 0x00, 0x00, 0x00, 0x08, 0xa2, 0x00, 0x10, 0x00,
        0x0d, 0x00, 0x00, 0x00, 0x06, 0x0c, 0x10, 0x80, 0x41, 0x00, 0x00, 0x00,
        0x0e, 0x00, 0x00, 0x00, 0x06, 0x00, 0x10, 0x00, 0x0f, 0x00, 0x00, 0x00,
        0x34, 0x00, 0x00, 0x09, 0x82, 0x00, 0x10, 0x00, 0x03, 0x00, 0x00, 0x00,
        0x1a, 0x00, 0x10, 0x80, 0x81, 0x00, 0x00, 0x00, 0x13, 0x00, 0x00, 0x00,
        0x1a, 0x00, 0x10, 0x80, 0x81, 0x00, 0x00, 0x00, 0x0d, 0x00, 0x00, 0x00,
        0x1e, 0x00, 0x00, 0x08, 0x82, 0x00, 0x10, 0x00, 0x03, 0x00, 0x00, 0x00,
        0x3a, 0x00, 0x10, 0x80, 0x41, 0x00, 0x00, 0x00, 0x03, 0x00, 0x00, 0x00,
        0x01, 0x40, 0x00, 0x00, 0xbb, 0x7e, 0xf0, 0x7e, 0x32, 0x00, 0x00, 0x09,
        0x42, 0x00, 0x10, 0x00, 0x11, 0x00, 0x00, 0x00, 0x3a, 0x00, 0x10, 0x00,
        0x0d, 0x00, 0x00, 0x00, 0x0a, 0x00, 0x10, 0x00, 0x0d, 0x00, 0x00, 0x00,
        0x2a, 0x00, 0x10, 0x00, 0x0d, 0x00, 0x00, 0x00, 0x38, 0x20, 0x00, 0x08,
        0x82, 0x00, 0x10, 0x00, 0x03, 0x00, 0x00, 0x00, 0x3a, 0x00, 0x10, 0x00,
        0x03, 0x00, 0x00, 0x00, 0x3a, 0x00, 0x10, 0x80, 0x81, 0x00, 0x00, 0x00,
        0x0d, 0x00, 0x00, 0x00, 0x38, 0x00, 0x00, 0x07, 0x82, 0x00, 0x10, 0x00,
        0x03, 0x00, 0x00, 0x00, 0x3a, 0x00, 0x10, 0x00, 0x03, 0x00, 0x00, 0x00,
        0x3a, 0x00, 0x10, 0x00, 0x03, 0x00, 0x00, 0x00, 0x32, 0x00, 0x00, 0x09,
        0x42, 0x00, 0x10, 0x00, 0x03, 0x00, 0x00, 0x00, 0x3a, 0x00, 0x10, 0x00,
        0x03, 0x00, 0x00, 0x00, 0x0a, 0x00, 0x10, 0x00, 0x0d, 0x00, 0x00, 0x00,
        0x2a, 0x00, 0x10, 0x00, 0x03, 0x00, 0x00, 0x00, 0x38, 0x00, 0x00, 0x07,
        0x32, 0x00, 0x10, 0x00, 0x0d, 0x00, 0x00, 0x00, 0x96, 0x05, 0x10, 0x00,
        0x11, 0x00, 0x00, 0x00, 0x96, 0x05, 0x10, 0x00, 0x11, 0x00, 0x00, 0x00,
        0x00, 0x00, 0x00, 0x07, 0x82, 0x00, 0x10, 0x00, 0x03, 0x00, 0x00, 0x00,
        0x1a, 0x00, 0x10, 0x00, 0x0d, 0x00, 0x00, 0x00, 0x0a, 0x00, 0x10, 0x00,
        0x0d, 0x00, 0x00, 0x00, 0x31, 0x00, 0x00, 0x07, 0x12, 0x00, 0x10, 0x00,
        0x0d, 0x00, 0x00, 0x00, 0x3a, 0x00, 0x10, 0x00, 0x03, 0x00, 0x00, 0x00,
        0x01, 0x40, 0x00, 0x00, 0x00, 0x00, 0x00, 0x38, 0x55, 0x00, 0x00, 0x07,
        0x82, 0x00, 0x10, 0x00, 0x03, 0x00, 0x00, 0x00, 0x3a, 0x00, 0x10, 0x00,
        0x03, 0x00, 0x00, 0x00, 0x01, 0x40, 0x00, 0x00, 0x01, 0x00, 0x00, 0x00,
        0x1e, 0x00, 0x00, 0x08, 0x82, 0x00, 0x10, 0x00, 0x03, 0x00, 0x00, 0x00,
        0x3a, 0x00, 0x10, 0x80, 0x41, 0x00, 0x00, 0x00, 0x03, 0x00, 0x00, 0x00,
        0x01, 0x40, 0x00, 0x00, 0x74, 0x7d, 0x34, 0x5f, 0x37, 0x00, 0x00, 0x09,
        0x82, 0x00, 0x10, 0x00, 0x03, 0x00, 0x00, 0x00, 0x0a, 0x00, 0x10, 0x00,
        0x0d, 0x00, 0x00, 0x00, 0x01, 0x40, 0x00, 0x00, 0x00, 0x00, 0x80, 0x3f,
        0x3a, 0x00, 0x10, 0x00, 0x03, 0x00, 0x00, 0x00, 0x37, 0x00, 0x00, 0x09,
        0x12, 0x00, 0x10, 0x00, 0x11, 0x00, 0x00, 0x00, 0x0a, 0x00, 0x10, 0x00,
        0x0d, 0x00, 0x00, 0x00, 0x01, 0x40, 0x00, 0x00, 0x00, 0x00, 0x80, 0x3f,
        0x1a, 0x00, 0x10, 0x00, 0x11, 0x00, 0x00, 0x00, 0x38, 0x00, 0x00, 0x07,
        0x32, 0x00, 0x10, 0x00, 0x0d, 0x00, 0x00, 0x00, 0xf6, 0x0f, 0x10, 0x00,
        0x03, 0x00, 0x00, 0x00, 0x86, 0x00, 0x10, 0x00, 0x11, 0x00, 0x00, 0x00,
        0x38, 0x00, 0x00, 0x07, 0x42, 0x00, 0x10, 0x00, 0x03, 0x00, 0x00, 0x00,
        0x2a, 0x00, 0x10, 0x00, 0x03, 0x00, 0x00, 0x00, 0x01, 0x40, 0x00, 0x00,
        0x00, 0x00, 0x00, 0x3f, 0x38, 0x00, 0x00, 0x07, 0x42, 0x00, 0x10, 0x00,
        0x03, 0x00, 0x00, 0x00, 0x2a, 0x00, 0x10, 0x00, 0x03, 0x00, 0x00, 0x00,
        0x2a, 0x00, 0x10, 0x00, 0x03, 0x00, 0x00, 0x00, 0x0f, 0x00, 0x00, 0x07,
        0x82, 0x00, 0x10, 0x00, 0x03, 0x00, 0x00, 0x00, 0x46, 0x00, 0x10, 0x00,
        0x0d, 0x00, 0x00, 0x00, 0x46, 0x00, 0x10, 0x00, 0x0d, 0x00, 0x00, 0x00,
        0x34, 0x00, 0x00, 0x09, 0x42, 0x00, 0x10, 0x00, 0x0d, 0x00, 0x00, 0x00,
        0x1a, 0x00, 0x10, 0x80, 0x81, 0x00, 0x00, 0x00, 0x0d, 0x00, 0x00, 0x00,
        0x0a, 0x00, 0x10, 0x80, 0x81, 0x00, 0x00, 0x00, 0x0d, 0x00, 0x00, 0x00,
        0x1e, 0x00, 0x00, 0x08, 0x42, 0x00, 0x10, 0x00, 0x0d, 0x00, 0x00, 0x00,
        0x2a, 0x00, 0x10, 0x80, 0x41, 0x00, 0x00, 0x00, 0x0d, 0x00, 0x00, 0x00,
        0x01, 0x40, 0x00, 0x00, 0xbb, 0x7e, 0xf0, 0x7e, 0x32, 0x00, 0x00, 0x09,
        0x82, 0x00, 0x10, 0x00, 0x03, 0x00, 0x00, 0x00, 0x3a, 0x00, 0x10, 0x00,
        0x03, 0x00, 0x00, 0x00, 0x2a, 0x00, 0x10, 0x00, 0x0d, 0x00, 0x00, 0x00,
        0x01, 0x40, 0x00, 0x00, 0x00, 0x00, 0x80, 0xbf, 0x32, 0x00, 0x00, 0x09,
        0x12, 0x00, 0x10, 0x00, 0x0e, 0x00, 0x00, 0x00, 0x3a, 0x00, 0x10, 0x00,
        0x03, 0x00, 0x00, 0x00, 0x2a, 0x00, 0x10, 0x00, 0x03, 0x00, 0x00, 0x00,
        0x01, 0x40, 0x00, 0x00, 0x00, 0x00, 0x80, 0x3f, 0x32, 0x00, 0x00, 0x0f,
        0x62, 0x00, 0x10, 0x00, 0x0e, 0x00, 0x00, 0x00, 0xa6, 0x0a, 0x10, 0x00,
        0x03, 0x00, 0x00, 0x00, 0x02, 0x40, 0x00, 0x00, 0x00, 0x00, 0x00, 0x00,
        0x00, 0x00, 0x00, 0xbf, 0xe1, 0x7a, 0x94, 0xbe, 0x00, 0x00, 0x00, 0x00,
        0x02, 0x40, 0x00, 0x00, 0x00, 0x00, 0x00, 0x00, 0x00, 0x00, 0x80, 0x3f,
        0x00, 0x00, 0x00, 0x3f, 0x00, 0x00, 0x00, 0x00, 0x1e, 0x00, 0x00, 0x08,
        0x42, 0x00, 0x10, 0x00, 0x03, 0x00, 0x00, 0x00, 0x2a, 0x00, 0x10, 0x80,
        0x41, 0x00, 0x00, 0x00, 0x0e, 0x00, 0x00, 0x00, 0x01, 0x40, 0x00, 0x00,
        0xbb, 0x7e, 0xf0, 0x7e, 0x36, 0x00, 0x00, 0x05, 0x12, 0x00, 0x10, 0x00,
        0x0f, 0x00, 0x00, 0x00, 0x3a, 0x00, 0x10, 0x00, 0x09, 0x00, 0x00, 0x00,
        0x36, 0x00, 0x00, 0x05, 0x22, 0x00, 0x10, 0x00, 0x0f, 0x00, 0x00, 0x00,
        0x3a, 0x00, 0x10, 0x00, 0x0a, 0x00, 0x00, 0x00, 0x36, 0x00, 0x00, 0x05,
        0x42, 0x00, 0x10, 0x00, 0x0f, 0x00, 0x00, 0x00, 0x3a, 0x00, 0x10, 0x00,
        0x02, 0x00, 0x00, 0x00, 0x36, 0x00, 0x00, 0x05, 0x12, 0x00, 0x10, 0x00,
        0x11, 0x00, 0x00, 0x00, 0x1a, 0x00, 0x10, 0x00, 0x06, 0x00, 0x00, 0x00,
        0x36, 0x00, 0x00, 0x05, 0x22, 0x00, 0x10, 0x00, 0x11, 0x00, 0x00, 0x00,
        0x1a, 0x00, 0x10, 0x00, 0x07, 0x00, 0x00, 0x00, 0x36, 0x00, 0x00, 0x05,
        0x42, 0x00, 0x10, 0x00, 0x11, 0x00, 0x00, 0x00, 0x0a, 0x00, 0x10, 0x00,
        0x08, 0x00, 0x00, 0x00, 0x33, 0x00, 0x00, 0x07, 0x72, 0x00, 0x10, 0x00,
        0x12, 0x00, 0x00, 0x00, 0x46, 0x02, 0x10, 0x00, 0x0f, 0x00, 0x00, 0x00,
        0x46, 0x02, 0x10, 0x00, 0x11, 0x00, 0x00, 0x00, 0x36, 0x00, 0x00, 0x05,
        0x12, 0x00, 0x10, 0x00, 0x13, 0x00, 0x00, 0x00, 0x2a, 0x00, 0x10, 0x00,
        0x06, 0x00, 0x00, 0x00, 0x36, 0x00, 0x00, 0x05, 0x22, 0x00, 0x10, 0x00,
        0x13, 0x00, 0x00, 0x00, 0x2a, 0x00, 0x10, 0x00, 0x07, 0x00, 0x00, 0x00,
        0x36, 0x00, 0x00, 0x05, 0x42, 0x00, 0x10, 0x00, 0x13, 0x00, 0x00, 0x00,
        0x1a, 0x00, 0x10, 0x00, 0x08, 0x00, 0x00, 0x00, 0x33, 0x00, 0x00, 0x07,
        0x72, 0x00, 0x10, 0x00, 0x12, 0x00, 0x00, 0x00, 0x46, 0x02, 0x10, 0x00,
        0x12, 0x00, 0x00, 0x00, 0x46, 0x02, 0x10, 0x00, 0x13, 0x00, 0x00, 0x00,
        0x36, 0x00, 0x00, 0x05, 0x12, 0x00, 0x10, 0x00, 0x14, 0x00, 0x00, 0x00,
        0x0a, 0x00, 0x10, 0x00, 0x09, 0x00, 0x00, 0x00, 0x36, 0x00, 0x00, 0x05,
        0x22, 0x00, 0x10, 0x00, 0x14, 0x00, 0x00, 0x00, 0x0a, 0x00, 0x10, 0x00,
        0x0a, 0x00, 0x00, 0x00, 0x36, 0x00, 0x00, 0x05, 0x42, 0x00, 0x10, 0x00,
        0x14, 0x00, 0x00, 0x00, 0x0a, 0x00, 0x10, 0x00, 0x02, 0x00, 0x00, 0x00,
        0x33, 0x00, 0x00, 0x07, 0x72, 0x00, 0x10, 0x00, 0x12, 0x00, 0x00, 0x00,
        0x46, 0x02, 0x10, 0x00, 0x12, 0x00, 0x00, 0x00, 0x46, 0x02, 0x10, 0x00,
        0x14, 0x00, 0x00, 0x00, 0x34, 0x00, 0x00, 0x07, 0x72, 0x00, 0x10, 0x00,
        0x15, 0x00, 0x00, 0x00, 0x46, 0x02, 0x10, 0x00, 0x0f, 0x00, 0x00, 0x00,
        0x46, 0x02, 0x10, 0x00, 0x11, 0x00, 0x00, 0x00, 0x34, 0x00, 0x00, 0x07,
        0x72, 0x00, 0x10, 0x00, 0x15, 0x00, 0x00, 0x00, 0x46, 0x02, 0x10, 0x00,
        0x13, 0x00, 0x00, 0x00, 0x46, 0x02, 0x10, 0x00, 0x15, 0x00, 0x00, 0x00,
        0x34, 0x00, 0x00, 0x07, 0x72, 0x00, 0x10, 0x00, 0x15, 0x00, 0x00, 0x00,
        0x46, 0x02, 0x10, 0x00, 0x14, 0x00, 0x00, 0x00, 0x46, 0x02, 0x10, 0x00,
        0x15, 0x00, 0x00, 0x00, 0x0f, 0x00, 0x00, 0x07, 0x12, 0x00, 0x10, 0x00,
        0x10, 0x00, 0x00, 0x00, 0xe6, 0x0a, 0x10, 0x00, 0x10, 0x00, 0x00, 0x00,
        0x46, 0x00, 0x10, 0x00, 0x0d, 0x00, 0x00, 0x00, 0x38, 0x00, 0x00, 0x07,
        0x82, 0x00, 0x10, 0x00, 0x02, 0x00, 0x00, 0x00, 0x0a, 0x00, 0x10, 0x00,
        0x0d, 0x00, 0x00, 0x00, 0x3a, 0x00, 0x10, 0x00, 0x10, 0x00, 0x00, 0x00,
        0x32, 0x00, 0x00, 0x0a, 0x22, 0x00, 0x10, 0x00, 0x10, 0x00, 0x00, 0x00,
        0x2a, 0x00, 0x10, 0x00, 0x10, 0x00, 0x00, 0x00, 0x1a, 0x00, 0x10, 0x80,
        0x41, 0x00, 0x00, 0x00, 0x0d, 0x00, 0x00, 0x00, 0x3a, 0x00, 0x10, 0x00,
        0x02, 0x00, 0x00, 0x00, 0x38, 0x00, 0x00, 0x07, 0x62, 0x00, 0x10, 0x00,
        0x06, 0x00, 0x00, 0x00, 0x06, 0x01, 0x10, 0x00, 0x0e, 0x00, 0x00, 0x00,
        0x06, 0x01, 0x10, 0x00, 0x10, 0x00, 0x00, 0x00, 0x0f, 0x00, 0x00, 0x07,
        0x82, 0x00, 0x10, 0x00, 0x02, 0x00, 0x00, 0x00, 0x96, 0x05, 0x10, 0x00,
        0x06, 0x00, 0x00, 0x00, 0x96, 0x05, 0x10, 0x00, 0x06, 0x00, 0x00, 0x00,
        0x33, 0x00, 0x00, 0x07, 0x82, 0x00, 0x10, 0x00, 0x02, 0x00, 0x00, 0x00,
        0x2a, 0x00, 0x10, 0x00, 0x03, 0x00, 0x00, 0x00, 0x3a, 0x00, 0x10, 0x00,
        0x02, 0x00, 0x00, 0x00, 0x32, 0x00, 0x00, 0x09, 0x82, 0x00, 0x10, 0x00,
        0x03, 0x00, 0x00, 0x00, 0x3a, 0x00, 0x10, 0x00, 0x02, 0x00, 0x00, 0x00,
        0x01, 0x40, 0x00, 0x00, 0xcd, 0xcc, 0xcc, 0x3e, 0x01, 0x40, 0x00, 0x00,
        0x00, 0x00, 0x80, 0xbf, 0x32, 0x00, 0x00, 0x09, 0x82, 0x00, 0x10, 0x00,
        0x02, 0x00, 0x00, 0x00, 0x2a, 0x00, 0x10, 0x00, 0x0e, 0x00, 0x00, 0x00,
        0x3a, 0x00, 0x10, 0x00, 0x02, 0x00, 0x00, 0x00, 0x01, 0x40, 0x00, 0x00,
        0x00, 0x00, 0x80, 0xbf, 0x38, 0x00, 0x00, 0x07, 0x82, 0x00, 0x10, 0x00,
        0x03, 0x00, 0x00, 0x00, 0x3a, 0x00, 0x10, 0x00, 0x03, 0x00, 0x00, 0x00,
        0x3a, 0x00, 0x10, 0x00, 0x03, 0x00, 0x00, 0x00, 0x38, 0x00, 0x00, 0x07,
        0x82, 0x00, 0x10, 0x00, 0x02, 0x00, 0x00, 0x00, 0x3a, 0x00, 0x10, 0x00,
        0x02, 0x00, 0x00, 0x00, 0x3a, 0x00, 0x10, 0x00, 0x02, 0x00, 0x00, 0x00,
        0x32, 0x00, 0x00, 0x09, 0x82, 0x00, 0x10, 0x00, 0x03, 0x00, 0x00, 0x00,
        0x3a, 0x00, 0x10, 0x00, 0x03, 0x00, 0x00, 0x00, 0x01, 0x40, 0x00, 0x00,
        0x00, 0x00, 0xc8, 0x3f, 0x01, 0x40, 0x00, 0x00, 0x00, 0x00, 0x10, 0xbf,
        0x38, 0x00, 0x00, 0x07, 0x22, 0x00, 0x10, 0x00, 0x06, 0x00, 0x00, 0x00,
        0x3a, 0x00, 0x10, 0x00, 0x02, 0x00, 0x00, 0x00, 0x3a, 0x00, 0x10, 0x00,
        0x03, 0x00, 0x00, 0x00, 0x36, 0x00, 0x00, 0x05, 0x42, 0x00, 0x10, 0x00,
        0x04, 0x00, 0x00, 0x00, 0x0a, 0x00, 0x10, 0x00, 0x05, 0x00, 0x00, 0x00,
        0x36, 0x00, 0x00, 0x05, 0x82, 0x00, 0x10, 0x00, 0x04, 0x00, 0x00, 0x00,
        0x2a, 0x00, 0x10, 0x00, 0x01, 0x00, 0x00, 0x00, 0x00, 0x00, 0x00, 0x0b,
        0xf2, 0x00, 0x10, 0x00, 0x10, 0x00, 0x00, 0x00, 0x46, 0x04, 0x10, 0x80,
        0x41, 0x00, 0x00, 0x00, 0x01, 0x00, 0x00, 0x00, 0x02, 0x40, 0x00, 0x00,
        0x00, 0x00, 0x80, 0x3f, 0x00, 0x00, 0x80, 0xbf, 0x00, 0x00, 0x80, 0xbf,
        0x00, 0x00, 0x80, 0x3f, 0x0f, 0x00, 0x00, 0x07, 0x22, 0x00, 0x10, 0x00,
        0x16, 0x00, 0x00, 0x00, 0x46, 0x00, 0x10, 0x00, 0x10, 0x00, 0x00, 0x00,
        0x46, 0x00, 0x10, 0x00, 0x0d, 0x00, 0x00, 0x00, 0x38, 0x00, 0x00, 0x07,
        0x62, 0x00, 0x10, 0x00, 0x07, 0x00, 0x00, 0x00, 0x06, 0x00, 0x10, 0x00,
        0x0d, 0x00, 0x00, 0x00, 0x56, 0x07, 0x10, 0x00, 0x10, 0x00, 0x00, 0x00,
        0x32, 0x00, 0x00, 0x0a, 0xc2, 0x00, 0x10, 0x00, 0x16, 0x00, 0x00, 0x00,
        0x06, 0x08, 0x10, 0x00, 0x10, 0x00, 0x00, 0x00, 0x56, 0x05, 0x10, 0x80,
        0x41, 0x00, 0x00, 0x00, 0x0d, 0x00, 0x00, 0x00, 0x56, 0x09, 0x10, 0x00,
        0x07, 0x00, 0x00, 0x00, 0x38, 0x00, 0x00, 0x07, 0x62, 0x00, 0x10, 0x00,
        0x07, 0x00, 0x00, 0x00, 0x06, 0x01, 0x10, 0x00, 0x0e, 0x00, 0x00, 0x00,
        0x56, 0x06, 0x10, 0x00, 0x16, 0x00, 0x00, 0x00, 0x0f, 0x00, 0x00, 0x07,
        0x42, 0x00, 0x10, 0x00, 0x01, 0x00, 0x00, 0x00, 0x96, 0x05, 0x10, 0x00,
        0x07, 0x00, 0x00, 0x00, 0x96, 0x05, 0x10, 0x00, 0x07, 0x00, 0x00, 0x00,
        0x33, 0x00, 0x00, 0x07, 0x42, 0x00, 0x10, 0x00, 0x01, 0x00, 0x00, 0x00,
        0x2a, 0x00, 0x10, 0x00, 0x03, 0x00, 0x00, 0x00, 0x2a, 0x00, 0x10, 0x00,
        0x01, 0x00, 0x00, 0x00, 0x32, 0x00, 0x00, 0x09, 0x12, 0x00, 0x10, 0x00,
        0x05, 0x00, 0x00, 0x00, 0x2a, 0x00, 0x10, 0x00, 0x01, 0x00, 0x00, 0x00,
        0x01, 0x40, 0x00, 0x00, 0xcd, 0xcc, 0xcc, 0x3e, 0x01, 0x40, 0x00, 0x00,
        0x00, 0x00, 0x80, 0xbf, 0x32, 0x00, 0x00, 0x09, 0x42, 0x00, 0x10, 0x00,
        0x01, 0x00, 0x00, 0x00, 0x2a, 0x00, 0x10, 0x00, 0x0e, 0x00, 0x00, 0x00,
        0x2a, 0x00, 0x10, 0x00, 0x01, 0x00, 0x00, 0x00, 0x01, 0x40, 0x00, 0x00,
        0x00, 0x00, 0x80, 0xbf, 0x38, 0x00, 0x00, 0x07, 0x12, 0x00, 0x10, 0x00,
        0x05, 0x00, 0x00, 0x00, 0x0a, 0x00, 0x10, 0x00, 0x05, 0x00, 0x00, 0x00,
        0x0a, 0x00, 0x10, 0x00, 0x05, 0x00, 0x00, 0x00, 0x38, 0x00, 0x00, 0x07,
        0x42, 0x00, 0x10, 0x00, 0x01, 0x00, 0x00, 0x00, 0x2a, 0x00, 0x10, 0x00,
        0x01, 0x00, 0x00, 0x00, 0x2a, 0x00, 0x10, 0x00, 0x01, 0x00, 0x00, 0x00,
        0x32, 0x00, 0x00, 0x09, 0x12, 0x00, 0x10, 0x00, 0x05, 0x00, 0x00, 0x00,
        0x0a, 0x00, 0x10, 0x00, 0x05, 0x00, 0x00, 0x00, 0x01, 0x40, 0x00, 0x00,
        0x00, 0x00, 0xc8, 0x3f, 0x01, 0x40, 0x00, 0x00, 0x00, 0x00, 0x10, 0xbf,
        0x38, 0x00, 0x00, 0x07, 0x42, 0x00, 0x10, 0x00, 0x01, 0x00, 0x00, 0x00,
        0x2a, 0x00, 0x10, 0x00, 0x01, 0x00, 0x00, 0x00, 0x0a, 0x00, 0x10, 0x00,
        0x05, 0x00, 0x00, 0x00, 0x36, 0x00, 0x00, 0x05, 0x42, 0x00, 0x10, 0x00,
        0x05, 0x00, 0x00, 0x00, 0x1a, 0x00, 0x10, 0x00, 0x04, 0x00, 0x00, 0x00,
        0x36, 0x00, 0x00, 0x05, 0x82, 0x00, 0x10, 0x00, 0x05, 0x00, 0x00, 0x00,
        0x3a, 0x00, 0x10, 0x00, 0x01, 0x00, 0x00, 0x00, 0x38, 0x00, 0x00, 0x07,
        0x72, 0x00, 0x10, 0x00, 0x05, 0x00, 0x00, 0x00, 0xa6, 0x0a, 0x10, 0x00,
        0x01, 0x00, 0x00, 0x00, 0x66, 0x0b, 0x10, 0x00, 0x05, 0x00, 0x00, 0x00,
        0x32, 0x00, 0x00, 0x09, 0x72, 0x00, 0x10, 0x00, 0x04, 0x00, 0x00, 0x00,
        0x86, 0x03, 0x10, 0x00, 0x04, 0x00, 0x00, 0x00, 0x56, 0x05, 0x10, 0x00,
        0x06, 0x00, 0x00, 0x00, 0x46, 0x02, 0x10, 0x00, 0x05, 0x00, 0x00, 0x00,
        0x32, 0x00, 0x00, 0x09, 0x42, 0x00, 0x10, 0x00, 0x01, 0x00, 0x00, 0x00,
        0x3a, 0x00, 0x10, 0x00, 0x03, 0x00, 0x00, 0x00, 0x3a, 0x00, 0x10, 0x00,
        0x02, 0x00, 0x00, 0x00, 0x2a, 0x00, 0x10, 0x00, 0x01, 0x00, 0x00, 0x00,
        0x0f, 0x00, 0x00, 0x07, 0x12, 0x00, 0x10, 0x00, 0x16, 0x00, 0x00, 0x00,
        0xe6, 0x0a, 0x10, 0x00, 0x10, 0x00, 0x00, 0x00, 0x46, 0x00, 0x10, 0x00,
        0x0d, 0x00, 0x00, 0x00, 0x38, 0x00, 0x00, 0x07, 0x32, 0x00, 0x10, 0x00,
        0x05, 0x00, 0x00, 0x00, 0x46, 0x00, 0x10, 0x00, 0x0e, 0x00, 0x00, 0x00,
        0xc6, 0x00, 0x10, 0x00, 0x16, 0x00, 0x00, 0x00, 0x0f, 0x00, 0x00, 0x07,
        0x82, 0x00, 0x10, 0x00, 0x01, 0x00, 0x00, 0x00, 0x46, 0x00, 0x10, 0x00,
        0x05, 0x00, 0x00, 0x00, 0x46, 0x00, 0x10, 0x00, 0x05, 0x00, 0x00, 0x00,
        0x33, 0x00, 0x00, 0x07, 0x82, 0x00, 0x10, 0x00, 0x01, 0x00, 0x00, 0x00,
        0x2a, 0x00, 0x10, 0x00, 0x03, 0x00, 0x00, 0x00, 0x3a, 0x00, 0x10, 0x00,
        0x01, 0x00, 0x00, 0x00, 0x32, 0x00, 0x00, 0x09, 0x82, 0x00, 0x10, 0x00,
        0x02, 0x00, 0x00, 0x00, 0x3a, 0x00, 0x10, 0x00, 0x01, 0x00, 0x00, 0x00,
        0x01, 0x40, 0x00, 0x00, 0xcd, 0xcc, 0xcc, 0x3e, 0x01, 0x40, 0x00, 0x00,
        0x00, 0x00, 0x80, 0xbf, 0x32, 0x00, 0x00, 0x09, 0x82, 0x00, 0x10, 0x00,
        0x01, 0x00, 0x00, 0x00, 0x2a, 0x00, 0x10, 0x00, 0x0e, 0x00, 0x00, 0x00,
        0x3a, 0x00, 0x10, 0x00, 0x01, 0x00, 0x00, 0x00, 0x01, 0x40, 0x00, 0x00,
        0x00, 0x00, 0x80, 0xbf, 0x38, 0x00, 0x00, 0x07, 0x82, 0x00, 0x10, 0x00,
        0x02, 0x00, 0x00, 0x00, 0x3a, 0x00, 0x10, 0x00, 0x02, 0x00, 0x00, 0x00,
        0x3a, 0x00, 0x10, 0x00, 0x02, 0x00, 0x00, 0x00, 0x38, 0x00, 0x00, 0x07,
        0x82, 0x00, 0x10, 0x00, 0x01, 0x00, 0x00, 0x00, 0x3a, 0x00, 0x10, 0x00,
        0x01, 0x00, 0x00, 0x00, 0x3a, 0x00, 0x10, 0x00, 0x01, 0x00, 0x00, 0x00,
        0x32, 0x00, 0x00, 0x09, 0x82, 0x00, 0x10, 0x00, 0x02, 0x00, 0x00, 0x00,
        0x3a, 0x00, 0x10, 0x00, 0x02, 0x00, 0x00, 0x00, 0x01, 0x40, 0x00, 0x00,
        0x00, 0x00, 0xc8, 0x3f, 0x01, 0x40, 0x00, 0x00, 0x00, 0x00, 0x10, 0xbf,
        0x38, 0x00, 0x00, 0x07, 0x82, 0x00, 0x10, 0x00, 0x03, 0x00, 0x00, 0x00,
        0x3a, 0x00, 0x10, 0x00, 0x01, 0x00, 0x00, 0x00, 0x3a, 0x00, 0x10, 0x00,
        0x02, 0x00, 0x00, 0x00, 0x36, 0x00, 0x00, 0x05, 0x12, 0x00, 0x10, 0x00,
        0x08, 0x00, 0x00, 0x00, 0x0a, 0x00, 0x10, 0x00, 0x06, 0x00, 0x00, 0x00,
        0x36, 0x00, 0x00, 0x05, 0x22, 0x00, 0x10, 0x00, 0x08, 0x00, 0x00, 0x00,
        0x0a, 0x00, 0x10, 0x00, 0x07, 0x00, 0x00, 0x00, 0x32, 0x00, 0x00, 0x09,
        0x72, 0x00, 0x10, 0x00, 0x04, 0x00, 0x00, 0x00, 0x46, 0x02, 0x10, 0x00,
        0x08, 0x00, 0x00, 0x00, 0xf6, 0x0f, 0x10, 0x00, 0x03, 0x00, 0x00, 0x00,
        0x46, 0x02, 0x10, 0x00, 0x04, 0x00, 0x00, 0x00, 0x32, 0x00, 0x00, 0x09,
        0x42, 0x00, 0x10, 0x00, 0x01, 0x00, 0x00, 0x00, 0x3a, 0x00, 0x10, 0x00,
        0x02, 0x00, 0x00, 0x00, 0x3a, 0x00, 0x10, 0x00, 0x01, 0x00, 0x00, 0x00,
        0x2a, 0x00, 0x10, 0x00, 0x01, 0x00, 0x00, 0x00, 0x00, 0x00, 0x00, 0x0b,
        0xf2, 0x00, 0x10, 0x00, 0x05, 0x00, 0x00, 0x00, 0x46, 0x04, 0x10, 0x80,
        0x41, 0x00, 0x00, 0x00, 0x01, 0x00, 0x00, 0x00, 0x02, 0x40, 0x00, 0x00,
        0x00, 0x00, 0x00, 0x00, 0x00, 0x00, 0x80, 0x3f, 0x00, 0x00, 0x80, 0xbf,
        0x00, 0x00, 0x00, 0x00, 0x0f, 0x00, 0x00, 0x07, 0x22, 0x00, 0x10, 0x00,
        0x10, 0x00, 0x00, 0x00, 0x46, 0x00, 0x10, 0x00, 0x05, 0x00, 0x00, 0x00,
        0x46, 0x00, 0x10, 0x00, 0x0d, 0x00, 0x00, 0x00, 0x38, 0x00, 0x00, 0x07,
        0x32, 0x00, 0x10, 0x00, 0x06, 0x00, 0x00, 0x00, 0x06, 0x00, 0x10, 0x00,
        0x0d, 0x00, 0x00, 0x00, 0xd6, 0x05, 0x10, 0x00, 0x05, 0x00, 0x00, 0x00,
        0x32, 0x00, 0x00, 0x0a, 0xc2, 0x00, 0x10, 0x00, 0x10, 0x00, 0x00, 0x00,
        0x06, 0x08, 0x10, 0x00, 0x05, 0x00, 0x00, 0x00, 0x56, 0x05, 0x10, 0x80,
        0x41, 0x00, 0x00, 0x00, 0x0d, 0x00, 0x00, 0x00, 0x06, 0x04, 0x10, 0x00,
        0x06, 0x00, 0x00, 0x00, 0x38, 0x00, 0x00, 0x07, 0x32, 0x00, 0x10, 0x00,
        0x05, 0x00, 0x00, 0x00, 0x46, 0x00, 0x10, 0x00, 0x0e, 0x00, 0x00, 0x00,
        0x96, 0x05, 0x10, 0x00, 0x10, 0x00, 0x00, 0x00, 0x0f, 0x00, 0x00, 0x07,
        0x82, 0x00, 0x10, 0x00, 0x01, 0x00, 0x00, 0x00, 0x46, 0x00, 0x10, 0x00,
        0x05, 0x00, 0x00, 0x00, 0x46, 0x00, 0x10, 0x00, 0x05, 0x00, 0x00, 0x00,
        0x33, 0x00, 0x00, 0x07, 0x82, 0x00, 0x10, 0x00, 0x01, 0x00, 0x00, 0x00,
        0x2a, 0x00, 0x10, 0x00, 0x03, 0x00, 0x00, 0x00, 0x3a, 0x00, 0x10, 0x00,
        0x01, 0x00, 0x00, 0x00, 0x32, 0x00, 0x00, 0x09, 0x82, 0x00, 0x10, 0x00,
        0x02, 0x00, 0x00, 0x00, 0x3a, 0x00, 0x10, 0x00, 0x01, 0x00, 0x00, 0x00,
        0x01, 0x40, 0x00, 0x00, 0xcd, 0xcc, 0xcc, 0x3e, 0x01, 0x40, 0x00, 0x00,
        0x00, 0x00, 0x80, 0xbf, 0x32, 0x00, 0x00, 0x09, 0x82, 0x00, 0x10, 0x00,
        0x01, 0x00, 0x00, 0x00, 0x2a, 0x00, 0x10, 0x00, 0x0e, 0x00, 0x00, 0x00,
        0x3a, 0x00, 0x10, 0x00, 0x01, 0x00, 0x00, 0x00, 0x01, 0x40, 0x00, 0x00,
        0x00, 0x00, 0x80, 0xbf, 0x38, 0x00, 0x00, 0x07, 0x82, 0x00, 0x10, 0x00,
        0x02, 0x00, 0x00, 0x00, 0x3a, 0x00, 0x10, 0x00, 0x02, 0x00, 0x00, 0x00,
        0x3a, 0x00, 0x10, 0x00, 0x02, 0x00, 0x00, 0x00, 0x38, 0x00, 0x00, 0x07,
        0x82, 0x00, 0x10, 0x00, 0x01, 0x00, 0x00, 0x00, 0x3a, 0x00, 0x10, 0x00,
        0x01, 0x00, 0x00, 0x00, 0x3a, 0x00, 0x10, 0x00, 0x01, 0x00, 0x00, 0x00,
        0x32, 0x00, 0x00, 0x09, 0x82, 0x00, 0x10, 0x00, 0x02, 0x00, 0x00, 0x00,
        0x3a, 0x00, 0x10, 0x00, 0x02, 0x00, 0x00, 0x00, 0x01, 0x40, 0x00, 0x00,
        0x00, 0x00, 0xc8, 0x3f, 0x01, 0x40, 0x00, 0x00, 0x00, 0x00, 0x10, 0xbf,
        0x38, 0x00, 0x00, 0x07, 0x82, 0x00, 0x10, 0x00, 0x03, 0x00, 0x00, 0x00,
        0x3a, 0x00, 0x10, 0x00, 0x01, 0x00, 0x00, 0x00, 0x3a, 0x00, 0x10, 0x00,
        0x02, 0x00, 0x00, 0x00, 0x32, 0x00, 0x00, 0x09, 0x72, 0x00, 0x10, 0x00,
        0x04, 0x00, 0x00, 0x00, 0x46, 0x02, 0x10, 0x00, 0x11, 0x00, 0x00, 0x00,
        0xf6, 0x0f, 0x10, 0x00, 0x03, 0x00, 0x00, 0x00, 0x46, 0x02, 0x10, 0x00,
        0x04, 0x00, 0x00, 0x00, 0x32, 0x00, 0x00, 0x09, 0x42, 0x00, 0x10, 0x00,
        0x01, 0x00, 0x00, 0x00, 0x3a, 0x00, 0x10, 0x00, 0x02, 0x00, 0x00, 0x00,
        0x3a, 0x00, 0x10, 0x00, 0x01, 0x00, 0x00, 0x00, 0x2a, 0x00, 0x10, 0x00,
        0x01, 0x00, 0x00, 0x00, 0x0f, 0x00, 0x00, 0x08, 0x12, 0x00, 0x10, 0x00,
        0x05, 0x00, 0x00, 0x00, 0x46, 0x00, 0x10, 0x80, 0x41, 0x00, 0x00, 0x00,
        0x01, 0x00, 0x00, 0x00, 0x46, 0x00, 0x10, 0x00, 0x0d, 0x00, 0x00, 0x00,
        0x38, 0x00, 0x00, 0x08, 0x82, 0x00, 0x10, 0x00, 0x01, 0x00, 0x00, 0x00,
        0x1a, 0x00, 0x10, 0x80, 0x41, 0x00, 0x00, 0x00, 0x01, 0x00, 0x00, 0x00,
        0x0a, 0x00, 0x10, 0x00, 0x0d, 0x00, 0x00, 0x00, 0x32, 0x00, 0x00, 0x09,
        0x22, 0x00, 0x10, 0x00, 0x05, 0x00, 0x00, 0x00, 0x0a, 0x00, 0x10, 0x00,
        0x01, 0x00, 0x00, 0x00, 0x1a, 0x00, 0x10, 0x00, 0x0d, 0x00, 0x00, 0x00,
        0x3a, 0x00, 0x10, 0x00, 0x01, 0x00, 0x00, 0x00, 0x38, 0x00, 0x00, 0x07,
        0x32, 0x00, 0x10, 0x00, 0x05, 0x00, 0x00, 0x00, 0x46, 0x00, 0x10, 0x00,
        0x0e, 0x00, 0x00, 0x00, 0x46, 0x00, 0x10, 0x00, 0x05, 0x00, 0x00, 0x00,
        0x0f, 0x00, 0x00, 0x07, 0x82, 0x00, 0x10, 0x00, 0x01, 0x00, 0x00, 0x00,
        0x46, 0x00, 0x10, 0x00, 0x05, 0x00, 0x00, 0x00, 0x46, 0x00, 0x10, 0x00,
        0x05, 0x00, 0x00, 0x00, 0x33, 0x00, 0x00, 0x07, 0x82, 0x00, 0x10, 0x00,
        0x01, 0x00, 0x00, 0x00, 0x2a, 0x00, 0x10, 0x00, 0x03, 0x00, 0x00, 0x00,
        0x3a, 0x00, 0x10, 0x00, 0x01, 0x00, 0x00, 0x00, 0x32, 0x00, 0x00, 0x09,
        0x82, 0x00, 0x10, 0x00, 0x02, 0x00, 0x00, 0x00, 0x3a, 0x00, 0x10, 0x00,
        0x01, 0x00, 0x00, 0x00, 0x01, 0x40, 0x00, 0x00, 0xcd, 0xcc, 0xcc, 0x3e,
        0x01, 0x40, 0x00, 0x00, 0x00, 0x00, 0x80, 0xbf, 0x32, 0x00, 0x00, 0x09,
        0x82, 0x00, 0x10, 0x00, 0x01, 0x00, 0x00, 0x00, 0x2a, 0x00, 0x10, 0x00,
        0x0e, 0x00, 0x00, 0x00, 0x3a, 0x00, 0x10, 0x00, 0x01, 0x00, 0x00, 0x00,
        0x01, 0x40, 0x00, 0x00, 0x00, 0x00, 0x80, 0xbf, 0x38, 0x00, 0x00, 0x07,
        0x82, 0x00, 0x10, 0x00, 0x02, 0x00, 0x00, 0x00, 0x3a, 0x00, 0x10, 0x00,
        0x02, 0x00, 0x00, 0x00, 0x3a, 0x00, 0x10, 0x00, 0x02, 0x00, 0x00, 0x00,
        0x38, 0x00, 0x00, 0x07, 0x82, 0x00, 0x10, 0x00, 0x01, 0x00, 0x00, 0x00,
        0x3a, 0x00, 0x10, 0x00, 0x01, 0x00, 0x00, 0x00, 0x3a, 0x00, 0x10, 0x00,
        0x01, 0x00, 0x00, 0x00, 0x32, 0x00, 0x00, 0x09, 0x82, 0x00, 0x10, 0x00,
        0x02, 0x00, 0x00, 0x00, 0x3a, 0x00, 0x10, 0x00, 0x02, 0x00, 0x00, 0x00,
        0x01, 0x40, 0x00, 0x00, 0x00, 0x00, 0xc8, 0x3f, 0x01, 0x40, 0x00, 0x00,
        0x00, 0x00, 0x10, 0xbf, 0x38, 0x00, 0x00, 0x07, 0x82, 0x00, 0x10, 0x00,
        0x03, 0x00, 0x00, 0x00, 0x3a, 0x00, 0x10, 0x00, 0x01, 0x00, 0x00, 0x00,
        0x3a, 0x00, 0x10, 0x00, 0x02, 0x00, 0x00, 0x00, 0x32, 0x00, 0x00, 0x09,
        0x72, 0x00, 0x10, 0x00, 0x04, 0x00, 0x00, 0x00, 0x46, 0x02, 0x10, 0x00,
        0x13, 0x00, 0x00, 0x00, 0xf6, 0x0f, 0x10, 0x00, 0x03, 0x00, 0x00, 0x00,
        0x46, 0x02, 0x10, 0x00, 0x04, 0x00, 0x00, 0x00, 0x32, 0x00, 0x00, 0x09,
        0x42, 0x00, 0x10, 0x00, 0x01, 0x00, 0x00, 0x00, 0x3a, 0x00, 0x10, 0x00,
        0x02, 0x00, 0x00, 0x00, 0x3a, 0x00, 0x10, 0x00, 0x01, 0x00, 0x00, 0x00,
        0x2a, 0x00, 0x10, 0x00, 0x01, 0x00, 0x00, 0x00, 0x0f, 0x00, 0x00, 0x07,
        0x12, 0x00, 0x10, 0x00, 0x10, 0x00, 0x00, 0x00, 0xe6, 0x0a, 0x10, 0x00,
        0x05, 0x00, 0x00, 0x00, 0x46, 0x00, 0x10, 0x00, 0x0d, 0x00, 0x00, 0x00,
        0x38, 0x00, 0x00, 0x07, 0x32, 0x00, 0x10, 0x00, 0x05, 0x00, 0x00, 0x00,
        0x46, 0x00, 0x10, 0x00, 0x0e, 0x00, 0x00, 0x00, 0xc6, 0x00, 0x10, 0x00,
        0x10, 0x00, 0x00, 0x00, 0x0f, 0x00, 0x00, 0x07, 0x82, 0x00, 0x10, 0x00,
        0x01, 0x00, 0x00, 0x00, 0x46, 0x00, 0x10, 0x00, 0x05, 0x00, 0x00, 0x00,
        0x46, 0x00, 0x10, 0x00, 0x05, 0x00, 0x00, 0x00, 0x33, 0x00, 0x00, 0x07,
        0x82, 0x00, 0x10, 0x00, 0x01, 0x00, 0x00, 0x00, 0x2a, 0x00, 0x10, 0x00,
        0x03, 0x00, 0x00, 0x00, 0x3a, 0x00, 0x10, 0x00, 0x01, 0x00, 0x00, 0x00,
        0x32, 0x00, 0x00, 0x09, 0x82, 0x00, 0x10, 0x00, 0x02, 0x00, 0x00, 0x00,
        0x3a, 0x00, 0x10, 0x00, 0x01, 0x00, 0x00, 0x00, 0x01, 0x40, 0x00, 0x00,
        0xcd, 0xcc, 0xcc, 0x3e, 0x01, 0x40, 0x00, 0x00, 0x00, 0x00, 0x80, 0xbf,
        0x32, 0x00, 0x00, 0x09, 0x82, 0x00, 0x10, 0x00, 0x01, 0x00, 0x00, 0x00,
        0x2a, 0x00, 0x10, 0x00, 0x0e, 0x00, 0x00, 0x00, 0x3a, 0x00, 0x10, 0x00,
        0x01, 0x00, 0x00, 0x00, 0x01, 0x40, 0x00, 0x00, 0x00, 0x00, 0x80, 0xbf,
        0x38, 0x00, 0x00, 0x07, 0x82, 0x00, 0x10, 0x00, 0x02, 0x00, 0x00, 0x00,
        0x3a, 0x00, 0x10, 0x00, 0x02, 0x00, 0x00, 0x00, 0x3a, 0x00, 0x10, 0x00,
        0x02, 0x00, 0x00, 0x00, 0x38, 0x00, 0x00, 0x07, 0x82, 0x00, 0x10, 0x00,
        0x01, 0x00, 0x00, 0x00, 0x3a, 0x00, 0x10, 0x00, 0x01, 0x00, 0x00, 0x00,
        0x3a, 0x00, 0x10, 0x00, 0x01, 0x00, 0x00, 0x00, 0x32, 0x00, 0x00, 0x09,
        0x82, 0x00, 0x10, 0x00, 0x02, 0x00, 0x00, 0x00, 0x3a, 0x00, 0x10, 0x00,
        0x02, 0x00, 0x00, 0x00, 0x01, 0x40, 0x00, 0x00, 0x00, 0x00, 0xc8, 0x3f,
        0x01, 0x40, 0x00, 0x00, 0x00, 0x00, 0x10, 0xbf, 0x38, 0x00, 0x00, 0x07,
        0x82, 0x00, 0x10, 0x00, 0x03, 0x00, 0x00, 0x00, 0x3a, 0x00, 0x10, 0x00,
        0x01, 0x00, 0x00, 0x00, 0x3a, 0x00, 0x10, 0x00, 0x02, 0x00, 0x00, 0x00,
        0x36, 0x00, 0x00, 0x05, 0x42, 0x00, 0x10, 0x00, 0x08, 0x00, 0x00, 0x00,
        0x3a, 0x00, 0x10, 0x00, 0x06, 0x00, 0x00, 0x00, 0x36, 0x00, 0x00, 0x05,
        0x12, 0x00, 0x10, 0x00, 0x08, 0x00, 0x00, 0x00, 0x3a, 0x00, 0x10, 0x00,
        0x07, 0x00, 0x00, 0x00, 0x32, 0x00, 0x00, 0x09, 0x72, 0x00, 0x10, 0x00,
        0x04, 0x00, 0x00, 0x00, 0x26, 0x0b, 0x10, 0x00, 0x08, 0x00, 0x00, 0x00,
        0xf6, 0x0f, 0x10, 0x00, 0x03, 0x00, 0x00, 0x00, 0x46, 0x02, 0x10, 0x00,
        0x04, 0x00, 0x00, 0x00, 0x32, 0x00, 0x00, 0x09, 0x42, 0x00, 0x10, 0x00,
        0x01, 0x00, 0x00, 0x00, 0x3a, 0x00, 0x10, 0x00, 0x02, 0x00, 0x00, 0x00,
        0x3a, 0x00, 0x10, 0x00, 0x01, 0x00, 0x00, 0x00, 0x2a, 0x00, 0x10, 0x00,
        0x01, 0x00, 0x00, 0x00, 0x00, 0x00, 0x00, 0x0b, 0xf2, 0x00, 0x10, 0x00,
        0x05, 0x00, 0x00, 0x00, 0x46, 0x04, 0x10, 0x80, 0x41, 0x00, 0x00, 0x00,
        0x01, 0x00, 0x00, 0x00, 0x02, 0x40, 0x00, 0x00, 0x00, 0x00, 0x80, 0x3f,
        0x00, 0x00, 0x80, 0x3f, 0x00, 0x00, 0x00, 0x40, 0x00, 0x00, 0x80, 0x3f,
        0x0f, 0x00, 0x00, 0x07, 0x22, 0x00, 0x10, 0x00, 0x06, 0x00, 0x00, 0x00,
        0x46, 0x00, 0x10, 0x00, 0x05, 0x00, 0x00, 0x00, 0x46, 0x00, 0x10, 0x00,
        0x0d, 0x00, 0x00, 0x00, 0x38, 0x00, 0x00, 0x07, 0x32, 0x00, 0x10, 0x00,
        0x07, 0x00, 0x00, 0x00, 0x06, 0x00, 0x10, 0x00, 0x0d, 0x00, 0x00, 0x00,
        0xd6, 0x05, 0x10, 0x00, 0x05, 0x00, 0x00, 0x00, 0x32, 0x00, 0x00, 0x0a,
        0xc2, 0x00, 0x10, 0x00, 0x06, 0x00, 0x00, 0x00, 0x06, 0x08, 0x10, 0x00,
        0x05, 0x00, 0x00, 0x00, 0x56, 0x05, 0x10, 0x80, 0x41, 0x00, 0x00, 0x00,
        0x0d, 0x00, 0x00, 0x00, 0x06, 0x04, 0x10, 0x00, 0x07, 0x00, 0x00, 0x00,
        0x38, 0x00, 0x00, 0x07, 0x32, 0x00, 0x10, 0x00, 0x05, 0x00, 0x00, 0x00,
        0x46, 0x00, 0x10, 0x00, 0x0e, 0x00, 0x00, 0x00, 0x96, 0x05, 0x10, 0x00,
        0x06, 0x00, 0x00, 0x00, 0x0f, 0x00, 0x00, 0x07, 0x82, 0x00, 0x10, 0x00,
        0x01, 0x00, 0x00, 0x00, 0x46, 0x00, 0x10, 0x00, 0x05, 0x00, 0x00, 0x00,
        0x46, 0x00, 0x10, 0x00, 0x05, 0x00, 0x00, 0x00, 0x33, 0x00, 0x00, 0x07,
        0x82, 0x00, 0x10, 0x00, 0x01, 0x00, 0x00, 0x00, 0x2a, 0x00, 0x10, 0x00,
        0x03, 0x00, 0x00, 0x00, 0x3a, 0x00, 0x10, 0x00, 0x01, 0x00, 0x00, 0x00,
        0x32, 0x00, 0x00, 0x09, 0x82, 0x00, 0x10, 0x00, 0x02, 0x00, 0x00, 0x00,
        0x3a, 0x00, 0x10, 0x00, 0x01, 0x00, 0x00, 0x00, 0x01, 0x40, 0x00, 0x00,
        0xcd, 0xcc, 0xcc, 0x3e, 0x01, 0x40, 0x00, 0x00, 0x00, 0x00, 0x80, 0xbf,
        0x32, 0x00, 0x00, 0x09, 0x82, 0x00, 0x10, 0x00, 0x01, 0x00, 0x00, 0x00,
        0x2a, 0x00, 0x10, 0x00, 0x0e, 0x00, 0x00, 0x00, 0x3a, 0x00, 0x10, 0x00,
        0x01, 0x00, 0x00, 0x00, 0x01, 0x40, 0x00, 0x00, 0x00, 0x00, 0x80, 0xbf,
        0x38, 0x00, 0x00, 0x07, 0x82, 0x00, 0x10, 0x00, 0x02, 0x00, 0x00, 0x00,
        0x3a, 0x00, 0x10, 0x00, 0x02, 0x00, 0x00, 0x00, 0x3a, 0x00, 0x10, 0x00,
        0x02, 0x00, 0x00, 0x00, 0x38, 0x00, 0x00, 0x07, 0x82, 0x00, 0x10, 0x00,
        0x01, 0x00, 0x00, 0x00, 0x3a, 0x00, 0x10, 0x00, 0x01, 0x00, 0x00, 0x00,
        0x3a, 0x00, 0x10, 0x00, 0x01, 0x00, 0x00, 0x00, 0x32, 0x00, 0x00, 0x09,
        0x82, 0x00, 0x10, 0x00, 0x02, 0x00, 0x00, 0x00, 0x3a, 0x00, 0x10, 0x00,
        0x02, 0x00, 0x00, 0x00, 0x01, 0x40, 0x00, 0x00, 0x00, 0x00, 0xc8, 0x3f,
        0x01, 0x40, 0x00, 0x00, 0x00, 0x00, 0x10, 0xbf, 0x38, 0x00, 0x00, 0x07,
        0x82, 0x00, 0x10, 0x00, 0x03, 0x00, 0x00, 0x00, 0x3a, 0x00, 0x10, 0x00,
        0x01, 0x00, 0x00, 0x00, 0x3a, 0x00, 0x10, 0x00, 0x02, 0x00, 0x00, 0x00,
        0x32, 0x00, 0x00, 0x09, 0x72, 0x00, 0x10, 0x00, 0x04, 0x00, 0x00, 0x00,
        0x46, 0x02, 0x10, 0x00, 0x14, 0x00, 0x00, 0x00, 0xf6, 0x0f, 0x10, 0x00,
        0x03, 0x00, 0x00, 0x00, 0x46, 0x02, 0x10, 0x00, 0x04, 0x00, 0x00, 0x00,
        0x32, 0x00, 0x00, 0x09, 0x42, 0x00, 0x10, 0x00, 0x01, 0x00, 0x00, 0x00,
        0x3a, 0x00, 0x10, 0x00, 0x02, 0x00, 0x00, 0x00, 0x3a, 0x00, 0x10, 0x00,
        0x01, 0x00, 0x00, 0x00, 0x2a, 0x00, 0x10, 0x00, 0x01, 0x00, 0x00, 0x00,
        0x0f, 0x00, 0x00, 0x07, 0x12, 0x00, 0x10, 0x00, 0x06, 0x00, 0x00, 0x00,
        0xe6, 0x0a, 0x10, 0x00, 0x05, 0x00, 0x00, 0x00, 0x46, 0x00, 0x10, 0x00,
        0x0d, 0x00, 0x00, 0x00, 0x38, 0x00, 0x00, 0x07, 0x32, 0x00, 0x10, 0x00,
        0x05, 0x00, 0x00, 0x00, 0x46, 0x00, 0x10, 0x00, 0x0e, 0x00, 0x00, 0x00,
        0xc6, 0x00, 0x10, 0x00, 0x06, 0x00, 0x00, 0x00, 0x0f, 0x00, 0x00, 0x07,
        0x82, 0x00, 0x10, 0x00, 0x01, 0x00, 0x00, 0x00, 0x46, 0x00, 0x10, 0x00,
        0x05, 0x00, 0x00, 0x00, 0x46, 0x00, 0x10, 0x00, 0x05, 0x00, 0x00, 0x00,
        0x33, 0x00, 0x00, 0x07, 0x82, 0x00, 0x10, 0x00, 0x01, 0x00, 0x00, 0x00,
        0x2a, 0x00, 0x10, 0x00, 0x03, 0x00, 0x00, 0x00, 0x3a, 0x00, 0x10, 0x00,
        0x01, 0x00, 0x00, 0x00, 0x32, 0x00, 0x00, 0x09, 0x82, 0x00, 0x10, 0x00,
        0x02, 0x00, 0x00, 0x00, 0x3a, 0x00, 0x10, 0x00, 0x01, 0x00, 0x00, 0x00,
        0x01, 0x40, 0x00, 0x00, 0xcd, 0xcc, 0xcc, 0x3e, 0x01, 0x40, 0x00, 0x00,
        0x00, 0x00, 0x80, 0xbf, 0x32, 0x00, 0x00, 0x09, 0x82, 0x00, 0x10, 0x00,
        0x01, 0x00, 0x00, 0x00, 0x2a, 0x00, 0x10, 0x00, 0x0e, 0x00, 0x00, 0x00,
        0x3a, 0x00, 0x10, 0x00, 0x01, 0x00, 0x00, 0x00, 0x01, 0x40, 0x00, 0x00,
        0x00, 0x00, 0x80, 0xbf, 0x38, 0x00, 0x00, 0x07, 0x82, 0x00, 0x10, 0x00,
        0x02, 0x00, 0x00, 0x00, 0x3a, 0x00, 0x10, 0x00, 0x02, 0x00, 0x00, 0x00,
        0x3a, 0x00, 0x10, 0x00, 0x02, 0x00, 0x00, 0x00, 0x38, 0x00, 0x00, 0x07,
        0x82, 0x00, 0x10, 0x00, 0x01, 0x00, 0x00, 0x00, 0x3a, 0x00, 0x10, 0x00,
        0x01, 0x00, 0x00, 0x00, 0x3a, 0x00, 0x10, 0x00, 0x01, 0x00, 0x00, 0x00,
        0x32, 0x00, 0x00, 0x09, 0x82, 0x00, 0x10, 0x00, 0x02, 0x00, 0x00, 0x00,
        0x3a, 0x00, 0x10, 0x00, 0x02, 0x00, 0x00, 0x00, 0x01, 0x40, 0x00, 0x00,
        0x00, 0x00, 0xc8, 0x3f, 0x01, 0x40, 0x00, 0x00, 0x00, 0x00, 0x10, 0xbf,
        0x38, 0x00, 0x00, 0x07, 0x82, 0x00, 0x10, 0x00, 0x03, 0x00, 0x00, 0x00,
        0x3a, 0x00, 0x10, 0x00, 0x01, 0x00, 0x00, 0x00, 0x3a, 0x00, 0x10, 0x00,
        0x02, 0x00, 0x00, 0x00, 0x36, 0x00, 0x00, 0x05, 0x12, 0x00, 0x10, 0x00,
        0x05, 0x00, 0x00, 0x00, 0x1a, 0x00, 0x10, 0x00, 0x09, 0x00, 0x00, 0x00,
        0x36, 0x00, 0x00, 0x05, 0x22, 0x00, 0x10, 0x00, 0x05, 0x00, 0x00, 0x00,
        0x1a, 0x00, 0x10, 0x00, 0x0a, 0x00, 0x00, 0x00, 0x36, 0x00, 0x00, 0x05,
        0x42, 0x00, 0x10, 0x00, 0x05, 0x00, 0x00, 0x00, 0x1a, 0x00, 0x10, 0x00,
        0x02, 0x00, 0x00, 0x00, 0x32, 0x00, 0x00, 0x09, 0x72, 0x00, 0x10, 0x00,
        0x04, 0x00, 0x00, 0x00, 0x46, 0x02, 0x10, 0x00, 0x05, 0x00, 0x00, 0x00,
        0xf6, 0x0f, 0x10, 0x00, 0x03, 0x00, 0x00, 0x00, 0x46, 0x02, 0x10, 0x00,
        0x04, 0x00, 0x00, 0x00, 0x32, 0x00, 0x00, 0x09, 0x42, 0x00, 0x10, 0x00,
        0x01, 0x00, 0x00, 0x00, 0x3a, 0x00, 0x10, 0x00, 0x02, 0x00, 0x00, 0x00,
        0x3a, 0x00, 0x10, 0x00, 0x01, 0x00, 0x00, 0x00, 0x2a, 0x00, 0x10, 0x00,
        0x01, 0x00, 0x00, 0x00, 0x00, 0x00, 0x00, 0x0b, 0xf2, 0x00, 0x10, 0x00,
        0x05, 0x00, 0x00, 0x00, 0x46, 0x04, 0x10, 0x80, 0x41, 0x00, 0x00, 0x00,
        0x01, 0x00, 0x00, 0x00, 0x02, 0x40, 0x00, 0x00, 0x00, 0x00, 0x00, 0x40,
        0x00, 0x00, 0x00, 0x00, 0x00, 0x00, 0x80, 0x3f, 0x00, 0x00, 0x00, 0x00,
        0x0f, 0x00, 0x00, 0x07, 0x22, 0x00, 0x10, 0x00, 0x06, 0x00, 0x00, 0x00,
        0x46, 0x00, 0x10, 0x00, 0x05, 0x00, 0x00, 0x00, 0x46, 0x00, 0x10, 0x00,
        0x0d, 0x00, 0x00, 0x00, 0x38, 0x00, 0x00, 0x07, 0x32, 0x00, 0x10, 0x00,
        0x07, 0x00, 0x00, 0x00, 0x06, 0x00, 0x10, 0x00, 0x0d, 0x00, 0x00, 0x00,
        0xd6, 0x05, 0x10, 0x00, 0x05, 0x00, 0x00, 0x00, 0x32, 0x00, 0x00, 0x0a,
        0xc2, 0x00, 0x10, 0x00, 0x06, 0x00, 0x00, 0x00, 0x06, 0x08, 0x10, 0x00,
        0x05, 0x00, 0x00, 0x00, 0x56, 0x05, 0x10, 0x80, 0x41, 0x00, 0x00, 0x00,
        0x0d, 0x00, 0x00, 0x00, 0x06, 0x04, 0x10, 0x00, 0x07, 0x00, 0x00, 0x00,
        0x38, 0x00, 0x00, 0x07, 0x32, 0x00, 0x10, 0x00, 0x05, 0x00, 0x00, 0x00,
        0x46, 0x00, 0x10, 0x00, 0x0e, 0x00, 0x00, 0x00, 0x96, 0x05, 0x10, 0x00,
        0x06, 0x00, 0x00, 0x00, 0x0f, 0x00, 0x00, 0x07, 0x82, 0x00, 0x10, 0x00,
        0x01, 0x00, 0x00, 0x00, 0x46, 0x00, 0x10, 0x00, 0x05, 0x00, 0x00, 0x00,
        0x46, 0x00, 0x10, 0x00, 0x05, 0x00, 0x00, 0x00, 0x33, 0x00, 0x00, 0x07,
        0x82, 0x00, 0x10, 0x00, 0x01, 0x00, 0x00, 0x00, 0x2a, 0x00, 0x10, 0x00,
        0x03, 0x00, 0x00, 0x00, 0x3a, 0x00, 0x10, 0x00, 0x01, 0x00, 0x00, 0x00,
        0x32, 0x00, 0x00, 0x09, 0x82, 0x00, 0x10, 0x00, 0x02, 0x00, 0x00, 0x00,
        0x3a, 0x00, 0x10, 0x00, 0x01, 0x00, 0x00, 0x00, 0x01, 0x40, 0x00, 0x00,
        0xcd, 0xcc, 0xcc, 0x3e, 0x01, 0x40, 0x00, 0x00, 0x00, 0x00, 0x80, 0xbf,
        0x32, 0x00, 0x00, 0x09, 0x82, 0x00, 0x10, 0x00, 0x01, 0x00, 0x00, 0x00,
        0x2a, 0x00, 0x10, 0x00, 0x0e, 0x00, 0x00, 0x00, 0x3a, 0x00, 0x10, 0x00,
        0x01, 0x00, 0x00, 0x00, 0x01, 0x40, 0x00, 0x00, 0x00, 0x00, 0x80, 0xbf,
        0x38, 0x00, 0x00, 0x07, 0x82, 0x00, 0x10, 0x00, 0x02, 0x00, 0x00, 0x00,
        0x3a, 0x00, 0x10, 0x00, 0x02, 0x00, 0x00, 0x00, 0x3a, 0x00, 0x10, 0x00,
        0x02, 0x00, 0x00, 0x00, 0x38, 0x00, 0x00, 0x07, 0x82, 0x00, 0x10, 0x00,
        0x01, 0x00, 0x00, 0x00, 0x3a, 0x00, 0x10, 0x00, 0x01, 0x00, 0x00, 0x00,
        0x3a, 0x00, 0x10, 0x00, 0x01, 0x00, 0x00, 0x00, 0x32, 0x00, 0x00, 0x09,
        0x82, 0x00, 0x10, 0x00, 0x02, 0x00, 0x00, 0x00, 0x3a, 0x00, 0x10, 0x00,
        0x02, 0x00, 0x00, 0x00, 0x01, 0x40, 0x00, 0x00, 0x00, 0x00, 0xc8, 0x3f,
        0x01, 0x40, 0x00, 0x00, 0x00, 0x00, 0x10, 0xbf, 0x38, 0x00, 0x00, 0x07,
        0x82, 0x00, 0x10, 0x00, 0x03, 0x00, 0x00, 0x00, 0x3a, 0x00, 0x10, 0x00,
        0x01, 0x00, 0x00, 0x00, 0x3a, 0x00, 0x10, 0x00, 0x02, 0x00, 0x00, 0x00,
        0x36, 0x00, 0x00, 0x05, 0x12, 0x00, 0x10, 0x00, 0x02, 0x00, 0x00, 0x00,
        0x2a, 0x00, 0x10, 0x00, 0x09, 0x00, 0x00, 0x00, 0x36, 0x00, 0x00, 0x05,
        0x22, 0x00, 0x10, 0x00, 0x02, 0x00, 0x00, 0x00, 0x2a, 0x00, 0x10, 0x00,
        0x0a, 0x00, 0x00, 0x00, 0x32, 0x00, 0x00, 0x09, 0x72, 0x00, 0x10, 0x00,
        0x02, 0x00, 0x00, 0x00, 0x46, 0x02, 0x10, 0x00, 0x02, 0x00, 0x00, 0x00,
        0xf6, 0x0f, 0x10, 0x00, 0x03, 0x00, 0x00, 0x00, 0x46, 0x02, 0x10, 0x00,
        0x04, 0x00, 0x00, 0x00, 0x32, 0x00, 0x00, 0x09, 0x42, 0x00, 0x10, 0x00,
        0x01, 0x00, 0x00, 0x00, 0x3a, 0x00, 0x10, 0x00, 0x02, 0x00, 0x00, 0x00,
        0x3a, 0x00, 0x10, 0x00, 0x01, 0x00, 0x00, 0x00, 0x2a, 0x00, 0x10, 0x00,
        0x01, 0x00, 0x00, 0x00, 0x0f, 0x00, 0x00, 0x07, 0x12, 0x00, 0x10, 0x00,
        0x06, 0x00, 0x00, 0x00, 0xe6, 0x0a, 0x10, 0x00, 0x05, 0x00, 0x00, 0x00,
        0x46, 0x00, 0x10, 0x00, 0x0d, 0x00, 0x00, 0x00, 0x38, 0x00, 0x00, 0x07,
        0x32, 0x00, 0x10, 0x00, 0x04, 0x00, 0x00, 0x00, 0x46, 0x00, 0x10, 0x00,
        0x0e, 0x00, 0x00, 0x00, 0xc6, 0x00, 0x10, 0x00, 0x06, 0x00, 0x00, 0x00,
        0x0f, 0x00, 0x00, 0x07, 0x82, 0x00, 0x10, 0x00, 0x01, 0x00, 0x00, 0x00,
        0x46, 0x00, 0x10, 0x00, 0x04, 0x00, 0x00, 0x00, 0x46, 0x00, 0x10, 0x00,
        0x04, 0x00, 0x00, 0x00, 0x33, 0x00, 0x00, 0x07, 0x82, 0x00, 0x10, 0x00,
        0x01, 0x00, 0x00, 0x00, 0x2a, 0x00, 0x10, 0x00, 0x03, 0x00, 0x00, 0x00,
        0x3a, 0x00, 0x10, 0x00, 0x01, 0x00, 0x00, 0x00, 0x32, 0x00, 0x00, 0x09,
        0x82, 0x00, 0x10, 0x00, 0x02, 0x00, 0x00, 0x00, 0x3a, 0x00, 0x10, 0x00,
        0x01, 0x00, 0x00, 0x00, 0x01, 0x40, 0x00, 0x00, 0xcd, 0xcc, 0xcc, 0x3e,
        0x01, 0x40, 0x00, 0x00, 0x00, 0x00, 0x80, 0xbf, 0x32, 0x00, 0x00, 0x09,
        0x82, 0x00, 0x10, 0x00, 0x01, 0x00, 0x00, 0x00, 0x2a, 0x00, 0x10, 0x00,
        0x0e, 0x00, 0x00, 0x00, 0x3a, 0x00, 0x10, 0x00, 0x01, 0x00, 0x00, 0x00,
        0x01, 0x40, 0x00, 0x00, 0x00, 0x00, 0x80, 0xbf, 0x38, 0x00, 0x00, 0x07,
        0x82, 0x00, 0x10, 0x00, 0x02, 0x00, 0x00, 0x00, 0x3a, 0x00, 0x10, 0x00,
        0x02, 0x00, 0x00, 0x00, 0x3a, 0x00, 0x10, 0x00, 0x02, 0x00, 0x00, 0x00,
        0x38, 0x00, 0x00, 0x07, 0x82, 0x00, 0x10, 0x00, 0x01, 0x00, 0x00, 0x00,
        0x3a, 0x00, 0x10, 0x00, 0x01, 0x00, 0x00, 0x00, 0x3a, 0x00, 0x10, 0x00,
        0x01, 0x00, 0x00, 0x00, 0x32, 0x00, 0x00, 0x09, 0x82, 0x00, 0x10, 0x00,
        0x02, 0x00, 0x00, 0x00, 0x3a, 0x00, 0x10, 0x00, 0x02, 0x00, 0x00, 0x00,
        0x01, 0x40, 0x00, 0x00, 0x00, 0x00, 0xc8, 0x3f, 0x01, 0x40, 0x00, 0x00,
        0x00, 0x00, 0x10, 0xbf, 0x38, 0x00, 0x00, 0x07, 0x82, 0x00, 0x10, 0x00,
        0x03, 0x00, 0x00, 0x00, 0x3a, 0x00, 0x10, 0x00, 0x01, 0x00, 0x00, 0x00,
        0x3a, 0x00, 0x10, 0x00, 0x02, 0x00, 0x00, 0x00, 0x32, 0x00, 0x00, 0x09,
        0x72, 0x00, 0x10, 0x00, 0x02, 0x00, 0x00, 0x00, 0x46, 0x02, 0x10, 0x00,
        0x0f, 0x00, 0x00, 0x00, 0xf6, 0x0f, 0x10, 0x00, 0x03, 0x00, 0x00, 0x00,
        0x46, 0x02, 0x10, 0x00, 0x02, 0x00, 0x00, 0x00, 0x32, 0x00, 0x00, 0x09,
        0x42, 0x00, 0x10, 0x00, 0x01, 0x00, 0x00, 0x00, 0x3a, 0x00, 0x10, 0x00,
        0x02, 0x00, 0x00, 0x00, 0x3a, 0x00, 0x10, 0x00, 0x01, 0x00, 0x00, 0x00,
        0x2a, 0x00, 0x10, 0x00, 0x01, 0x00, 0x00, 0x00, 0x00, 0x00, 0x00, 0x0b,
        0xf2, 0x00, 0x10, 0x00, 0x04, 0x00, 0x00, 0x00, 0x46, 0x04, 0x10, 0x80,
        0x41, 0x00, 0x00, 0x00, 0x01, 0x00, 0x00, 0x00, 0x02, 0x40, 0x00, 0x00,
        0x00, 0x00, 0x80, 0x3f, 0x00, 0x00, 0x00, 0x40, 0x00, 0x00, 0x00, 0x00,
        0x00, 0x00, 0x00, 0x40, 0x0f, 0x00, 0x00, 0x07, 0x22, 0x00, 0x10, 0x00,
        0x05, 0x00, 0x00, 0x00, 0x46, 0x00, 0x10, 0x00, 0x04, 0x00, 0x00, 0x00,
        0x46, 0x00, 0x10, 0x00, 0x0d, 0x00, 0x00, 0x00, 0x38, 0x00, 0x00, 0x07,
        0x32, 0x00, 0x10, 0x00, 0x01, 0x00, 0x00, 0x00, 0x06, 0x00, 0x10, 0x00,
        0x0d, 0x00, 0x00, 0x00, 0xd6, 0x05, 0x10, 0x00, 0x04, 0x00, 0x00, 0x00,
        0x32, 0x00, 0x00, 0x0a, 0xc2, 0x00, 0x10, 0x00, 0x05, 0x00, 0x00, 0x00,
        0x06, 0x08, 0x10, 0x00, 0x04, 0x00, 0x00, 0x00, 0x56, 0x05, 0x10, 0x80,
        0x41, 0x00, 0x00, 0x00, 0x0d, 0x00, 0x00, 0x00, 0x06, 0x04, 0x10, 0x00,
        0x01, 0x00, 0x00, 0x00, 0x38, 0x00, 0x00, 0x07, 0x32, 0x00, 0x10, 0x00,
        0x01, 0x00, 0x00, 0x00, 0x46, 0x00, 0x10, 0x00, 0x0e, 0x00, 0x00, 0x00,
        0x96, 0x05, 0x10, 0x00, 0x05, 0x00, 0x00, 0x00, 0x0f, 0x00, 0x00, 0x07,
        0x12, 0x00, 0x10, 0x00, 0x01, 0x00, 0x00, 0x00, 0x46, 0x00, 0x10, 0x00,
        0x01, 0x00, 0x00, 0x00, 0x46, 0x00, 0x10, 0x00, 0x01, 0x00, 0x00, 0x00,
        0x33, 0x00, 0x00, 0x07, 0x12, 0x00, 0x10, 0x00, 0x01, 0x00, 0x00, 0x00,
        0x2a, 0x00, 0x10, 0x00, 0x03, 0x00, 0x00, 0x00, 0x0a, 0x00, 0x10, 0x00,
        0x01, 0x00, 0x00, 0x00, 0x32, 0x00, 0x00, 0x09, 0x22, 0x00, 0x10, 0x00,
        0x01, 0x00, 0x00, 0x00, 0x0a, 0x00, 0x10, 0x00, 0x01, 0x00, 0x00, 0x00,
        0x01, 0x40, 0x00, 0x00, 0xcd, 0xcc, 0xcc, 0x3e, 0x01, 0x40, 0x00, 0x00,
        0x00, 0x00, 0x80, 0xbf, 0x32, 0x00, 0x00, 0x09, 0x12, 0x00, 0x10, 0x00,
        0x01, 0x00, 0x00, 0x00, 0x2a, 0x00, 0x10, 0x00, 0x0e, 0x00, 0x00, 0x00,
        0x0a, 0x00, 0x10, 0x00, 0x01, 0x00, 0x00, 0x00, 0x01, 0x40, 0x00, 0x00,
        0x00, 0x00, 0x80, 0xbf, 0x38, 0x00, 0x00, 0x07, 0x32, 0x00, 0x10, 0x00,
        0x01, 0x00, 0x00, 0x00, 0x46, 0x00, 0x10, 0x00, 0x01, 0x00, 0x00, 0x00,
        0x46, 0x00, 0x10, 0x00, 0x01, 0x00, 0x00, 0x00, 0x32, 0x00, 0x00, 0x09,
        0x22, 0x00, 0x10, 0x00, 0x01, 0x00, 0x00, 0x00, 0x1a, 0x00, 0x10, 0x00,
        0x01, 0x00, 0x00, 0x00, 0x01, 0x40, 0x00, 0x00, 0x00, 0x00, 0xc8, 0x3f,
        0x01, 0x40, 0x00, 0x00, 0x00, 0x00, 0x10, 0xbf, 0x38, 0x00, 0x00, 0x07,
        0x82, 0x00, 0x10, 0x00, 0x01, 0x00, 0x00, 0x00, 0x0a, 0x00, 0x10, 0x00,
        0x01, 0x00, 0x00, 0x00, 0x1a, 0x00, 0x10, 0x00, 0x01, 0x00, 0x00, 0x00,
        0x36, 0x00, 0x00, 0x05, 0x42, 0x00, 0x10, 0x00, 0x0b, 0x00, 0x00, 0x00,
        0x0a, 0x00, 0x10, 0x00, 0x0c, 0x00, 0x00, 0x00, 0x36, 0x00, 0x00, 0x05,
        0x82, 0x00, 0x10, 0x00, 0x0b, 0x00, 0x00, 0x00, 0x0a, 0x00, 0x10, 0x00,
        0x03, 0x00, 0x00, 0x00, 0x32, 0x00, 0x00, 0x09, 0x72, 0x00, 0x10, 0x00,
        0x02, 0x00, 0x00, 0x00, 0x86, 0x03, 0x10, 0x00, 0x0b, 0x00, 0x00, 0x00,
        0xf6, 0x0f, 0x10, 0x00, 0x01, 0x00, 0x00, 0x00, 0x46, 0x02, 0x10, 0x00,
        0x02, 0x00, 0x00, 0x00, 0x32, 0x00, 0x00, 0x09, 0x12, 0x00, 0x10, 0x00,
        0x01, 0x00, 0x00, 0x00, 0x1a, 0x00, 0x10, 0x00, 0x01, 0x00, 0x00, 0x00,
        0x0a, 0x00, 0x10, 0x00, 0x01, 0x00, 0x00, 0x00, 0x2a, 0x00, 0x10, 0x00,
        0x01, 0x00, 0x00, 0x00, 0x0f, 0x00, 0x00, 0x07, 0x12, 0x00, 0x10, 0x00,
        0x05, 0x00, 0x00, 0x00, 0xe6, 0x0a, 0x10, 0x00, 0x04, 0x00, 0x00, 0x00,
        0x46, 0x00, 0x10, 0x00, 0x0d, 0x00, 0x00, 0x00, 0x38, 0x00, 0x00, 0x07,
        0x62, 0x00, 0x10, 0x00, 0x01, 0x00, 0x00, 0x00, 0x06, 0x01, 0x10, 0x00,
        0x0e, 0x00, 0x00, 0x00, 0x06, 0x03, 0x10, 0x00, 0x05, 0x00, 0x00, 0x00,
        0x0f, 0x00, 0x00, 0x07, 0x22, 0x00, 0x10, 0x00, 0x01, 0x00, 0x00, 0x00,
        0x96, 0x05, 0x10, 0x00, 0x01, 0x00, 0x00, 0x00, 0x96, 0x05, 0x10, 0x00,
        0x01, 0x00, 0x00, 0x00, 0x33, 0x00, 0x00, 0x07, 0x22, 0x00, 0x10, 0x00,
        0x01, 0x00, 0x00, 0x00, 0x2a, 0x00, 0x10, 0x00, 0x03, 0x00, 0x00, 0x00,
        0x1a, 0x00, 0x10, 0x00, 0x01, 0x00, 0x00, 0x00, 0x32, 0x00, 0x00, 0x09,
        0x42, 0x00, 0x10, 0x00, 0x01, 0x00, 0x00, 0x00, 0x1a, 0x00, 0x10, 0x00,
        0x01, 0x00, 0x00, 0x00, 0x01, 0x40, 0x00, 0x00, 0xcd, 0xcc, 0xcc, 0x3e,
        0x01, 0x40, 0x00, 0x00, 0x00, 0x00, 0x80, 0xbf, 0x32, 0x00, 0x00, 0x09,
        0x22, 0x00, 0x10, 0x00, 0x01, 0x00, 0x00, 0x00, 0x2a, 0x00, 0x10, 0x00,
        0x0e, 0x00, 0x00, 0x00, 0x1a, 0x00, 0x10, 0x00, 0x01, 0x00, 0x00, 0x00,
        0x01, 0x40, 0x00, 0x00, 0x00, 0x00, 0x80, 0xbf, 0x38, 0x00, 0x00, 0x07,
        0x62, 0x00, 0x10, 0x00, 0x01, 0x00, 0x00, 0x00, 0x56, 0x06, 0x10, 0x00,
        0x01, 0x00, 0x00, 0x00, 0x56, 0x06, 0x10, 0x00, 0x01, 0x00, 0x00, 0x00,
        0x32, 0x00, 0x00, 0x09, 0x42, 0x00, 0x10, 0x00, 0x01, 0x00, 0x00, 0x00,
        0x2a, 0x00, 0x10, 0x00, 0x01, 0x00, 0x00, 0x00, 0x01, 0x40, 0x00, 0x00,
        0x00, 0x00, 0xc8, 0x3f, 0x01, 0x40, 0x00, 0x00, 0x00, 0x00, 0x10, 0xbf,
        0x38, 0x00, 0x00, 0x07, 0x82, 0x00, 0x10, 0x00, 0x01, 0x00, 0x00, 0x00,
        0x1a, 0x00, 0x10, 0x00, 0x01, 0x00, 0x00, 0x00, 0x2a, 0x00, 0x10, 0x00,
        0x01, 0x00, 0x00, 0x00, 0x36, 0x00, 0x00, 0x05, 0x42, 0x00, 0x10, 0x00,
        0x0c, 0x00, 0x00, 0x00, 0x1a, 0x00, 0x10, 0x00, 0x0b, 0x00, 0x00, 0x00,
        0x36, 0x00, 0x00, 0x05, 0x82, 0x00, 0x10, 0x00, 0x0c, 0x00, 0x00, 0x00,
        0x1a, 0x00, 0x10, 0x00, 0x03, 0x00, 0x00, 0x00, 0x32, 0x00, 0x00, 0x09,
        0x72, 0x00, 0x10, 0x00, 0x02, 0x00, 0x00, 0x00, 0x66, 0x0b, 0x10, 0x00,
        0x0c, 0x00, 0x00, 0x00, 0xf6, 0x0f, 0x10, 0x00, 0x01, 0x00, 0x00, 0x00,
        0x46, 0x02, 0x10, 0x00, 0x02, 0x00, 0x00, 0x00, 0x32, 0x00, 0x00, 0x09,
        0x12, 0x00, 0x10, 0x00, 0x01, 0x00, 0x00, 0x00, 0x2a, 0x00, 0x10, 0x00,
        0x01, 0x00, 0x00, 0x00, 0x1a, 0x00, 0x10, 0x00, 0x01, 0x00, 0x00, 0x00,
        0x0a, 0x00, 0x10, 0x00, 0x01, 0x00, 0x00, 0x00, 0x81, 0x00, 0x00, 0x05,
        0x12, 0x00, 0x10, 0x00, 0x01, 0x00, 0x00, 0x00, 0x0a, 0x00, 0x10, 0x00,
        0x01, 0x00, 0x00, 0x00, 0x38, 0x00, 0x00, 0x07, 0x72, 0x00, 0x10, 0x00,
        0x01, 0x00, 0x00, 0x00, 0x06, 0x00, 0x10, 0x00, 0x01, 0x00, 0x00, 0x00,
        0x46, 0x02, 0x10, 0x00, 0x02, 0x00, 0x00, 0x00, 0x34, 0x00, 0x00, 0x07,
        0x72, 0x00, 0x10, 0x00, 0x01, 0x00, 0x00, 0x00, 0x46, 0x02, 0x10, 0x00,
        0x01, 0x00, 0x00, 0x00, 0x46, 0x02, 0x10, 0x00, 0x12, 0x00, 0x00, 0x00,
        0x33, 0x00, 0x00, 0x07, 0x72, 0x00, 0x10, 0x00, 0x01, 0x00, 0x00, 0x00,
        0x46, 0x02, 0x10, 0x00, 0x01, 0x00, 0x00, 0x00, 0x46, 0x02, 0x10, 0x00,
        0x15, 0x00, 0x00, 0x00, 0x36, 0x00, 0x00, 0x05, 0x82, 0x00, 0x10, 0x00,
        0x01, 0x00, 0x00, 0x00, 0x01, 0x40, 0x00, 0x00, 0x00, 0x00, 0x80, 0x3f,
        0xa4, 0x00, 0x00, 0x07, 0xf2, 0xe0, 0x11, 0x00, 0x00, 0x00, 0x00, 0x00,
        0x46, 0x0e, 0x10, 0x00, 0x00, 0x00, 0x00, 0x00, 0x46, 0x0e, 0x10, 0x00,
        0x01, 0x00, 0x00, 0x00, 0x15, 0x00, 0x00, 0x01, 0x3e, 0x00, 0x00, 0x01,
    };
    inline constexpr unsigned int gEasuCSSize = sizeof(gEasuCS);

    inline constexpr unsigned char gRcasCS[] = {
        0x44, 0x58, 0x42, 0x43, 0x40, 0xa5, 0x92, 0x4a, 0x7e, 0x40, 0x56, 0x64,
        0xf9, 0x95, 0x71, 0x34, 0x76, 0x0c, 0xfe, 0xde, 0x01, 0x00, 0x00, 0x00,
        0xb0, 0x19, 0x00, 0x00, 0x03, 0x00, 0x00, 0x00, 0x2c, 0x00, 0x00, 0x00,
        0x3c, 0x00, 0x00, 0x00, 0x4c, 0x00, 0x00, 0x00, 0x49, 0x53, 0x47, 0x4e,
        0x08, 0x00, 0x00, 0x00, 0x00, 0x00, 0x00, 0x00, 0x08, 0x00, 0x00, 0x00,
        0x4f, 0x53, 0x47, 0x4e, 0x08, 0x00, 0x00, 0x00, 0x00, 0x00, 0x00, 0x00,
        0x08, 0x00, 0x00, 0x00, 0x53, 0x48, 0x45, 0x58, 0x5c, 0x19, 0x00, 0x00,
        0x50, 0x00, 0x05, 0x00, 0x57, 0x06, 0x00, 0x00, 0x6a, 0x08, 0x00, 0x01,
        0x59, 0x00, 0x00, 0x04, 0x46, 0x8e, 0x20, 0x00, 0x00, 0x00, 0x00, 0x00,
        0x05, 0x00, 0x00, 0x00, 0x58, 0x18, 0x00, 0x04, 0x00, 0x70, 0x10, 0x00,
        0x00, 0x00, 0x00, 0x00, 0x55, 0x55, 0x00, 0x00, 0x9c, 0x18, 0x00, 0x04,
        0x00, 0xe0, 0x11, 0x00, 0x00, 0x00, 0x00, 0x00, 0x55, 0x55, 0x00, 0x00,
        0x5f, 0x00, 0x00, 0x02, 0x32, 0x10, 0x02, 0x00, 0x5f, 0x00, 0x00, 0x02,
        0x12, 0x20, 0x02, 0x00, 0x68, 0x00, 0x00, 0x02, 0x0b, 0x00, 0x00, 0x00,
        0x9b, 0x00, 0x00, 0x04, 0x40, 0x00, 0x00, 0x00, 0x01, 0x00, 0x00, 0x00,
        0x01, 0x00, 0x00, 0x00, 0x8a, 0x00, 0x00, 0x08, 0x12, 0x00, 0x10, 0x00,
        0x00, 0x00, 0x00, 0x00, 0x01, 0x40, 0x00, 0x00, 0x03, 0x00, 0x00, 0x00,
        0x01, 0x40, 0x00, 0x00, 0x01, 0x00, 0x00, 0x00, 0x0a, 0x20, 0x02, 0x00,
        0x55, 0x00, 0x00, 0x06, 0x42, 0x00, 0x10, 0x00, 0x00, 0x00, 0x00, 0x00,
        0x0a, 0x20, 0x02, 0x00, 0x01, 0x40, 0x00, 0x00, 0x03, 0x00, 0x00, 0x00,
        0x8c, 0x00, 0x00, 0x0a, 0x22, 0x00, 0x10, 0x00, 0x00, 0x00, 0x00, 0x00,
        0x01, 0x40, 0x00, 0x00, 0x01, 0x00, 0x00, 0x00, 0x01, 0x40, 0x00, 0x00,
        0x00, 0x00, 0x00, 0x00, 0x0a, 0x20, 0x02, 0x00, 0x2a, 0x00, 0x10, 0x00,
        0x00, 0x00, 0x00, 0x00, 0x23, 0x00, 0x00, 0x0b, 0x32, 0x00, 0x10, 0x00,
        0x00, 0x00, 0x00, 0x00, 0x46, 0x10, 0x02, 0x00, 0x02, 0x40, 0x00, 0x00,
        0x10, 0x00, 0x00, 0x00, 0x10, 0x00, 0x00, 0x00, 0x00, 0x00, 0x00, 0x00,
        0x00, 0x00, 0x00, 0x00, 0x46, 0x00, 0x10, 0x00, 0x00, 0x00, 0x00, 0x00,
        0x50, 0x00, 0x00, 0x08, 0x32, 0x00, 0x10, 0x00, 0x01, 0x00, 0x00, 0x00,
        0x46, 0x00, 0x10, 0x00, 0x00, 0x00, 0x00, 0x00, 0x96, 0x85, 0x20, 0x00,
        0x00, 0x00, 0x00, 0x00, 0x04, 0x00, 0x00, 0x00, 0x3c, 0x00, 0x00, 0x07,
        0x12, 0x00, 0x10, 0x00, 0x01, 0x00, 0x00, 0x00, 0x1a, 0x00, 0x10, 0x00,
        0x01, 0x00, 0x00, 0x00, 0x0a, 0x00, 0x10, 0x00, 0x01, 0x00, 0x00, 0x00,
        0x1f, 0x00, 0x00, 0x03, 0x0a, 0x00, 0x10, 0x00, 0x01, 0x00, 0x00, 0x00,
        0x1e, 0x00, 0x00, 0x0a, 0xf2, 0x00, 0x10, 0x00, 0x01, 0x00, 0x00, 0x00,
        0x46, 0x04, 0x10, 0x00, 0x00, 0x00, 0x00, 0x00, 0x02, 0x40, 0x00, 0x00,
        0xff, 0xff, 0xff, 0xff, 0x00, 0x00, 0x00, 0x00, 0x00, 0x00, 0x00, 0x00,
        0xff, 0xff, 0xff, 0xff, 0x36, 0x00, 0x00, 0x05, 0x32, 0x00, 0x10, 0x00,
        0x02, 0x00, 0x00, 0x00, 0xe6, 0x0a, 0x10, 0x00, 0x01, 0x00, 0x00, 0x00,
        0x36, 0x00, 0x00, 0x08, 0xc2, 0x00, 0x10, 0x00, 0x02, 0x00, 0x00, 0x00,
        0x02, 0x40, 0x00, 0x00, 0x00, 0x00, 0x00, 0x00, 0x00, 0x00, 0x00, 0x00,
        0x00, 0x00, 0x00, 0x00, 0x00, 0x00, 0x00, 0x00, 0x2d, 0x00, 0x00, 0x89,
        0xc2, 0x00, 0x00, 0x80, 0x43, 0x55, 0x15, 0x00, 0x72, 0x00, 0x10, 0x00,
        0x02, 0x00, 0x00, 0x00, 0x46, 0x0e, 0x10, 0x00, 0x02, 0x00, 0x00, 0x00,
        0x46, 0x7e, 0x10, 0x00, 0x00, 0x00, 0x00, 0x00, 0x36, 0x00, 0x00, 0x08,
        0xc2, 0x00, 0x10, 0x00, 0x01, 0x00, 0x00, 0x00, 0x02, 0x40, 0x00, 0x00,
        0x00, 0x00, 0x00, 0x00, 0x00, 0x00, 0x00, 0x00, 0x00, 0x00, 0x00, 0x00,
        0x00, 0x00, 0x00, 0x00, 0x2d, 0x00, 0x00, 0x89, 0xc2, 0x00, 0x00, 0x80,
        0x43, 0x55, 0x15, 0x00, 0x72, 0x00, 0x10, 0x00, 0x01, 0x00, 0x00, 0x00,
        0x46, 0x0e, 0x10, 0x00, 0x01, 0x00, 0x00, 0x00, 0x46, 0x7e, 0x10, 0x00,
        0x00, 0x00, 0x00, 0x00, 0x36, 0x00, 0x00, 0x08, 0xc2, 0x00, 0x10, 0x00,
        0x00, 0x00, 0x00, 0x00, 0x02, 0x40, 0x00, 0x00, 0x00, 0x00, 0x00, 0x00,
        0x00, 0x00, 0x00, 0x00, 0x00, 0x00, 0x00, 0x00, 0x00, 0x00, 0x00, 0x00,
        0x2d, 0x00, 0x00, 0x89, 0xc2, 0x00, 0x00, 0x80, 0x43, 0x55, 0x15, 0x00,
        0x72, 0x00, 0x10, 0x00, 0x03, 0x00, 0x00, 0x00, 0x46, 0x0e, 0x10, 0x00,
        0x00, 0x00, 0x00, 0x00, 0x46, 0x7e, 0x10, 0x00, 0x00, 0x00, 0x00, 0x00,
        0x1e, 0x00, 0x00, 0x0a, 0xf2, 0x00, 0x10, 0x00, 0x04, 0x00, 0x00, 0x00,
        0x46, 0x04, 0x10, 0x00, 0x00, 0x00, 0x00, 0x00, 0x02, 0x40, 0x00, 0x00,
        0x00, 0x00, 0x00, 0x00, 0x01, 0x00, 0x00, 0x00, 0x01, 0x00, 0x00, 0x00,
        0x00, 0x00, 0x00, 0x00, 0x36, 0x00, 0x00, 0x05, 0x32, 0x00, 0x10, 0x00,
        0x05, 0x00, 0x00, 0x00, 0xe6, 0x0a, 0x10, 0x00, 0x04, 0x00, 0x00, 0x00,
        0x36, 0x00, 0x00, 0x08, 0xc2, 0x00, 0x10, 0x00, 0x05, 0x00, 0x00, 0x00,
        0x02, 0x40, 0x00, 0x00, 0x00, 0x00, 0x00, 0x00, 0x00, 0x00, 0x00, 0x00,
        0x00, 0x00, 0x00, 0x00, 0x00, 0x00, 0x00, 0x00, 0x2d, 0x00, 0x00, 0x89,
        0xc2, 0x00, 0x00, 0x80, 0x43, 0x55, 0x15, 0x00, 0x72, 0x00, 0x10, 0x00,
        0x05, 0x00, 0x00, 0x00, 0x46, 0x0e, 0x10, 0x00, 0x05, 0x00, 0x00, 0x00,
        0x46, 0x7e, 0x10, 0x00, 0x00, 0x00, 0x00, 0x00, 0x36, 0x00, 0x00, 0x08,
        0xc2, 0x00, 0x10, 0x00, 0x04, 0x00, 0x00, 0x00, 0x02, 0x40, 0x00, 0x00,
        0x00, 0x00, 0x00, 0x00, 0x00, 0x00, 0x00, 0x00, 0x00, 0x00, 0x00, 0x00,
        0x00, 0x00, 0x00, 0x00, 0x2d, 0x00, 0x00, 0x89, 0xc2, 0x00, 0x00, 0x80,
        0x43, 0x55, 0x15, 0x00, 0x72, 0x00, 0x10, 0x00, 0x04, 0x00, 0x00, 0x00,
        0x46, 0x0e, 0x10, 0x00, 0x04, 0x00, 0x00, 0x00, 0x46, 0x7e, 0x10, 0x00,
        0x00, 0x00, 0x00, 0x00, 0x33, 0x00, 0x00, 0x07, 0x72, 0x00, 0x10, 0x00,
        0x06, 0x00, 0x00, 0x00, 0x46, 0x02, 0x10, 0x00, 0x01, 0x00, 0x00, 0x00,
        0x46, 0x02, 0x10, 0x00, 0x05, 0x00, 0x00, 0x00, 0x33, 0x00, 0x00, 0x07,
        0x72, 0x00, 0x10, 0x00, 0x06, 0x00, 0x00, 0x00, 0x46, 0x02, 0x10, 0x00,
        0x02, 0x00, 0x00, 0x00, 0x46, 0x02, 0x10, 0x00, 0x06, 0x00, 0x00, 0x00,
        0x33, 0x00, 0x00, 0x07, 0x72, 0x00, 0x10, 0x00, 0x06, 0x00, 0x00, 0x00,
        0x46, 0x02, 0x10, 0x00, 0x04, 0x00, 0x00, 0x00, 0x46, 0x02, 0x10, 0x00,
        0x06, 0x00, 0x00, 0x00, 0x34, 0x00, 0x00, 0x07, 0x72, 0x00, 0x10, 0x00,
        0x07, 0x00, 0x00, 0x00, 0x46, 0x02, 0x10, 0x00, 0x01, 0x00, 0x00, 0x00,
        0x46, 0x02, 0x10, 0x00, 0x05, 0x00, 0x00, 0x00, 0x34, 0x00, 0x00, 0x07,
        0x72, 0x00, 0x10, 0x00, 0x07, 0x00, 0x00, 0x00, 0x46, 0x02, 0x10, 0x00,
        0x02, 0x00, 0x00, 0x00, 0x46, 0x02, 0x10, 0x00, 0x07, 0x00, 0x00, 0x00,
        0x34, 0x00, 0x00, 0x07, 0x72, 0x00, 0x10, 0x00, 0x07, 0x00, 0x00, 0x00,
        0x46, 0x02, 0x10, 0x00, 0x04, 0x00, 0x00, 0x00, 0x46, 0x02, 0x10, 0x00,
        0x07, 0x00, 0x00, 0x00, 0x33, 0x00, 0x00, 0x07, 0x72, 0x00, 0x10, 0x00,
        0x08, 0x00, 0x00, 0x00, 0x46, 0x02, 0x10, 0x00, 0x03, 0x00, 0x00, 0x00,
        0x46, 0x02, 0x10, 0x00, 0x06, 0x00, 0x00, 0x00, 0x38, 0x00, 0x00, 0x0a,
        0x72, 0x00, 0x10, 0x00, 0x09, 0x00, 0x00, 0x00, 0x46, 0x02, 0x10, 0x00,
        0x07, 0x00, 0x00, 0x00, 0x02, 0x40, 0x00, 0x00, 0x00, 0x00, 0x80, 0x40,
        0x00, 0x00, 0x80, 0x40, 0x00, 0x00, 0x80, 0x40, 0x00, 0x00, 0x00, 0x00,
        0x81, 0x00, 0x00, 0x05, 0x72, 0x00, 0x10, 0x00, 0x09, 0x00, 0x00, 0x00,
        0x46, 0x02, 0x10, 0x00, 0x09, 0x00, 0x00, 0x00, 0x38, 0x00, 0x00, 0x07,
        0x72, 0x00, 0x10, 0x00, 0x08, 0x00, 0x00, 0x00, 0x46, 0x02, 0x10, 0x00,
        0x08, 0x00, 0x00, 0x00, 0x46, 0x02, 0x10, 0x00, 0x09, 0x00, 0x00, 0x00,
        0x34, 0x00, 0x00, 0x07, 0x72, 0x00, 0x10, 0x00, 0x07, 0x00, 0x00, 0x00,
        0x46, 0x02, 0x10, 0x00, 0x03, 0x00, 0x00, 0x00, 0x46, 0x02, 0x10, 0x00,
        0x07, 0x00, 0x00, 0x00, 0x00, 0x00, 0x00, 0x0b, 0x72, 0x00, 0x10, 0x00,
        0x07, 0x00, 0x00, 0x00, 0x46, 0x02, 0x10, 0x80, 0x41, 0x00, 0x00, 0x00,
        0x07, 0x00, 0x00, 0x00, 0x02, 0x40, 0x00, 0x00, 0x00, 0x00, 0x80, 0x3f,
        0x00, 0x00, 0x80, 0x3f, 0x00, 0x00, 0x80, 0x3f, 0x00, 0x00, 0x00, 0x00,
        0x32, 0x00, 0x00, 0x0f, 0x72, 0x00, 0x10, 0x00, 0x06, 0x00, 0x00, 0x00,
        0x46, 0x02, 0x10, 0x00, 0x06, 0x00, 0x00, 0x00, 0x02, 0x40, 0x00, 0x00,
        0x00, 0x00, 0x80, 0x40, 0x00, 0x00, 0x80, 0x40, 0x00, 0x00, 0x80, 0x40,
        0x00, 0x00, 0x00, 0x00, 0x02, 0x40, 0x00, 0x00, 0x00, 0x00, 0x80, 0xc0,
        0x00, 0x00, 0x80, 0xc0, 0x00, 0x00, 0x80, 0xc0, 0x00, 0x00, 0x00, 0x00,
        0x81, 0x00, 0x00, 0x05, 0x72, 0x00, 0x10, 0x00, 0x06, 0x00, 0x00, 0x00,
        0x46, 0x02, 0x10, 0x00, 0x06, 0x00, 0x00, 0x00, 0x38, 0x00, 0x00, 0x07,
        0x72, 0x00, 0x10, 0x00, 0x06, 0x00, 0x00, 0x00, 0x46, 0x02, 0x10, 0x00,
        0x06, 0x00, 0x00, 0x00, 0x46, 0x02, 0x10, 0x00, 0x07, 0x00, 0x00, 0x00,
        0x34, 0x00, 0x00, 0x08, 0x72, 0x00, 0x10, 0x00, 0x06, 0x00, 0x00, 0x00,
        0x46, 0x02, 0x10, 0x00, 0x06, 0x00, 0x00, 0x00, 0x46, 0x02, 0x10, 0x80,
        0x41, 0x00, 0x00, 0x00, 0x08, 0x00, 0x00, 0x00, 0x34, 0x00, 0x00, 0x07,
        0x42, 0x00, 0x10, 0x00, 0x00, 0x00, 0x00, 0x00, 0x2a, 0x00, 0x10, 0x00,
        0x06, 0x00, 0x00, 0x00, 0x1a, 0x00, 0x10, 0x00, 0x06, 0x00, 0x00, 0x00,
        0x34, 0x00, 0x00, 0x07, 0x42, 0x00, 0x10, 0x00, 0x00, 0x00, 0x00, 0x00,
        0x2a, 0x00, 0x10, 0x00, 0x00, 0x00, 0x00, 0x00, 0x0a, 0x00, 0x10, 0x00,
        0x06, 0x00, 0x00, 0x00, 0x33, 0x00, 0x00, 0x07, 0x42, 0x00, 0x10, 0x00,
        0x00, 0x00, 0x00, 0x00, 0x2a, 0x00, 0x10, 0x00, 0x00, 0x00, 0x00, 0x00,
        0x01, 0x40, 0x00, 0x00, 0x00, 0x00, 0x00, 0x00, 0x34, 0x00, 0x00, 0x07,
        0x42, 0x00, 0x10, 0x00, 0x00, 0x00, 0x00, 0x00, 0x2a, 0x00, 0x10, 0x00,
        0x00, 0x00, 0x00, 0x00, 0x01, 0x40, 0x00, 0x00, 0x00, 0x00, 0x40, 0xbe,
        0x38, 0x00, 0x00, 0x08, 0x42, 0x00, 0x10, 0x00, 0x00, 0x00, 0x00, 0x00,
        0x2a, 0x00, 0x10, 0x00, 0x00, 0x00, 0x00, 0x00, 0x0a, 0x80, 0x20, 0x00,
        0x00, 0x00, 0x00, 0x00, 0x00, 0x00, 0x00, 0x00, 0x32, 0x00, 0x00, 0x09,
        0x82, 0x00, 0x10, 0x00, 0x00, 0x00, 0x00, 0x00, 0x2a, 0x00, 0x10, 0x00,
        0x00, 0x00, 0x00, 0x00, 0x01, 0x40, 0x00, 0x00, 0x00, 0x00, 0x80, 0x40,
        0x01, 0x40, 0x00, 0x00, 0x00, 0x00, 0x80, 0x3f, 0x1e, 0x00, 0x00, 0x08,
        0x82, 0x00, 0x10, 0x00, 0x01, 0x00, 0x00, 0x00, 0x3a, 0x00, 0x10, 0x80,
        0x41, 0x00, 0x00, 0x00, 0x00, 0x00, 0x00, 0x00, 0x01, 0x40, 0x00, 0x00,
        0xff, 0x9f, 0xf1, 0x7e, 0x32, 0x00, 0x00, 0x0a, 0x82, 0x00, 0x10, 0x00,
        0x00, 0x00, 0x00, 0x00, 0x3a, 0x00, 0x10, 0x80, 0x41, 0x00, 0x00, 0x00,
        0x01, 0x00, 0x00, 0x00, 0x3a, 0x00, 0x10, 0x00, 0x00, 0x00, 0x00, 0x00,
        0x01, 0x40, 0x00, 0x00, 0x00, 0x00, 0x00, 0x40, 0x38, 0x00, 0x00, 0x07,
        0x82, 0x00, 0x10, 0x00, 0x00, 0x00, 0x00, 0x00, 0x3a, 0x00, 0x10, 0x00,
        0x00, 0x00, 0x00, 0x00, 0x3a, 0x00, 0x10, 0x00, 0x01, 0x00, 0x00, 0x00,
        0x38, 0x00, 0x00, 0x07, 0x72, 0x00, 0x10, 0x00, 0x01, 0x00, 0x00, 0x00,
        0x46, 0x02, 0x10, 0x00, 0x01, 0x00, 0x00, 0x00, 0xa6, 0x0a, 0x10, 0x00,
        0x00, 0x00, 0x00, 0x00, 0x32, 0x00, 0x00, 0x09, 0x72, 0x00, 0x10, 0x00,
        0x01, 0x00, 0x00, 0x00, 0xa6, 0x0a, 0x10, 0x00, 0x00, 0x00, 0x00, 0x00,
        0x46, 0x02, 0x10, 0x00, 0x02, 0x00, 0x00, 0x00, 0x46, 0x02, 0x10, 0x00,
        0x01, 0x00, 0x00, 0x00, 0x32, 0x00, 0x00, 0x09, 0x72, 0x00, 0x10, 0x00,
        0x01, 0x00, 0x00, 0x00, 0xa6, 0x0a, 0x10, 0x00, 0x00, 0x00, 0x00, 0x00,
        0x46, 0x02, 0x10, 0x00, 0x04, 0x00, 0x00, 0x00, 0x46, 0x02, 0x10, 0x00,
        0x01, 0x00, 0x00, 0x00, 0x32, 0x00, 0x00, 0x09, 0x72, 0x00, 0x10, 0x00,
        0x01, 0x00, 0x00, 0x00, 0xa6, 0x0a, 0x10, 0x00, 0x00, 0x00, 0x00, 0x00,
        0x46, 0x02, 0x10, 0x00, 0x05, 0x00, 0x00, 0x00, 0x46, 0x02, 0x10, 0x00,
        0x01, 0x00, 0x00, 0x00, 0x00, 0x00, 0x00, 0x07, 0x72, 0x00, 0x10, 0x00,
        0x01, 0x00, 0x00, 0x00, 0x46, 0x02, 0x10, 0x00, 0x03, 0x00, 0x00, 0x00,
        0x46, 0x02, 0x10, 0x00, 0x01, 0x00, 0x00, 0x00, 0x38, 0x00, 0x00, 0x07,
        0x72, 0x00, 0x10, 0x00, 0x01, 0x00, 0x00, 0x00, 0xf6, 0x0f, 0x10, 0x00,
        0x00, 0x00, 0x00, 0x00, 0x46, 0x02, 0x10, 0x00, 0x01, 0x00, 0x00, 0x00,
        0x36, 0x00, 0x00, 0x05, 0x82, 0x00, 0x10, 0x00, 0x01, 0x00, 0x00, 0x00,
        0x01, 0x40, 0x00, 0x00, 0x00, 0x00, 0x80, 0x3f, 0xa4, 0x00, 0x00, 0x07,
        0xf2, 0xe0, 0x11, 0x00, 0x00, 0x00, 0x00, 0x00, 0x46, 0x05, 0x10, 0x00,
        0x00, 0x00, 0x00, 0x00, 0x46, 0x0e, 0x10, 0x00, 0x01, 0x00, 0x00, 0x00,
        0x15, 0x00, 0x00, 0x01, 0x1e, 0x00, 0x00, 0x0a, 0xf2, 0x00, 0x10, 0x00,
        0x01, 0x00, 0x00, 0x00, 0x46, 0x04, 0x10, 0x00, 0x00, 0x00, 0x00, 0x00,
        0x02, 0x40, 0x00, 0x00, 0x08, 0x00, 0x00, 0x00, 0x08, 0x00, 0x00, 0x00,
        0x08, 0x00, 0x00, 0x00, 0x00, 0x00, 0x00, 0x00, 0x50, 0x00, 0x00, 0x08,
        0xf2, 0x00, 0x10, 0x00, 0x02, 0x00, 0x00, 0x00, 0xe6, 0x04, 0x10, 0x00,
        0x01, 0x00, 0x00, 0x00, 0x96, 0x89, 0x20, 0x00, 0x00, 0x00, 0x00, 0x00,
        0x04, 0x00, 0x00, 0x00, 0x3c, 0x00, 0x00, 0x07, 0xc2, 0x00, 0x10, 0x00,
        0x00, 0x00, 0x00, 0x00, 0x56, 0x0d, 0x10, 0x00, 0x02, 0x00, 0x00, 0x00,
        0x06, 0x08, 0x10, 0x00, 0x02, 0x00, 0x00, 0x00, 0x1f, 0x00, 0x00, 0x03,
        0x2a, 0x00, 0x10, 0x00, 0x00, 0x00, 0x00, 0x00, 0x1e, 0x00, 0x00, 0x0a,
        0xf2, 0x00, 0x10, 0x00, 0x02, 0x00, 0x00, 0x00, 0xe6, 0x0e, 0x10, 0x00,
        0x01, 0x00, 0x00, 0x00, 0x02, 0x40, 0x00, 0x00, 0xff, 0xff, 0xff, 0xff,
        0x00, 0x00, 0x00, 0x00, 0x00, 0x00, 0x00, 0x00, 0xff, 0xff, 0xff, 0xff,
        0x36, 0x00, 0x00, 0x05, 0x32, 0x00, 0x10, 0x00, 0x03, 0x00, 0x00, 0x00,
        0xe6, 0x0a, 0x10, 0x00, 0x02, 0x00, 0x00, 0x00, 0x36, 0x00, 0x00, 0x08,
        0xc2, 0x00, 0x10, 0x00, 0x03, 0x00, 0x00, 0x00, 0x02, 0x40, 0x00, 0x00,
        0x00, 0x00, 0x00, 0x00, 0x00, 0x00, 0x00, 0x00, 0x00, 0x00, 0x00, 0x00,
        0x00, 0x00, 0x00, 0x00, 0x2d, 0x00, 0x00, 0x89, 0xc2, 0x00, 0x00, 0x80,
        0x43, 0x55, 0x15, 0x00, 0x72, 0x00, 0x10, 0x00, 0x03, 0x00, 0x00, 0x00,
        0x46, 0x0e, 0x10, 0x00, 0x03, 0x00, 0x00, 0x00, 0x46, 0x7e, 0x10, 0x00,
        0x00, 0x00, 0x00, 0x00, 0x36, 0x00, 0x00, 0x08, 0xc2, 0x00, 0x10, 0x00,
        0x02, 0x00, 0x00, 0x00, 0x02, 0x40, 0x00, 0x00, 0x00, 0x00, 0x00, 0x00,
        0x00, 0x00, 0x00, 0x00, 0x00, 0x00, 0x00, 0x00, 0x00, 0x00, 0x00, 0x00,
        0x2d, 0x00, 0x00, 0x89, 0xc2, 0x00, 0x00, 0x80, 0x43, 0x55, 0x15, 0x00,
        0x72, 0x00, 0x10, 0x00, 0x02, 0x00, 0x00, 0x00, 0x46, 0x0e, 0x10, 0x00,
        0x02, 0x00, 0x00, 0x00, 0x46, 0x7e, 0x10, 0x00, 0x00, 0x00, 0x00, 0x00,
        0x36, 0x00, 0x00, 0x05, 0x32, 0x00, 0x10, 0x00, 0x04, 0x00, 0x00, 0x00,
        0xe6, 0x0a, 0x10, 0x00, 0x01, 0x00, 0x00, 0x00, 0x36, 0x00, 0x00, 0x08,
        0xc2, 0x00, 0x10, 0x00, 0x04, 0x00, 0x00, 0x00, 0x02, 0x40, 0x00, 0x00,
        0x00, 0x00, 0x00, 0x00, 0x00, 0x00, 0x00, 0x00, 0x00, 0x00, 0x00, 0x00,
        0x00, 0x00, 0x00, 0x00, 0x2d, 0x00, 0x00, 0x89, 0xc2, 0x00, 0x00, 0x80,
        0x43, 0x55, 0x15, 0x00, 0x72, 0x00, 0x10, 0x00, 0x04, 0x00, 0x00, 0x00,
        0x46, 0x0e, 0x10, 0x00, 0x04, 0x00, 0x00, 0x00, 0x46, 0x7e, 0x10, 0x00,
        0x00, 0x00, 0x00, 0x00, 0x1e, 0x00, 0x00, 0x0a, 0xf2, 0x00, 0x10, 0x00,
        0x05, 0x00, 0x00, 0x00, 0xe6, 0x0e, 0x10, 0x00, 0x01, 0x00, 0x00, 0x00,
        0x02, 0x40, 0x00, 0x00, 0x00, 0x00, 0x00, 0x00, 0x01, 0x00, 0x00, 0x00,
        0x01, 0x00, 0x00, 0x00, 0x00, 0x00, 0x00, 0x00, 0x36, 0x00, 0x00, 0x05,
        0x32, 0x00, 0x10, 0x00, 0x06, 0x00, 0x00, 0x00, 0xe6, 0x0a, 0x10, 0x00,
        0x05, 0x00, 0x00, 0x00, 0x36, 0x00, 0x00, 0x08, 0xc2, 0x00, 0x10, 0x00,
        0x06, 0x00, 0x00, 0x00, 0x02, 0x40, 0x00, 0x00, 0x00, 0x00, 0x00, 0x00,
        0x00, 0x00, 0x00, 0x00, 0x00, 0x00, 0x00, 0x00, 0x00, 0x00, 0x00, 0x00,
        0x2d, 0x00, 0x00, 0x89, 0xc2, 0x00, 0x00, 0x80, 0x43, 0x55, 0x15, 0x00,
        0x72, 0x00, 0x10, 0x00, 0x06, 0x00, 0x00, 0x00, 0x46, 0x0e, 0x10, 0x00,
        0x06, 0x00, 0x00, 0x00, 0x46, 0x7e, 0x10, 0x00, 0x00, 0x00, 0x00, 0x00,
        0x36, 0x00, 0x00, 0x08, 0xc2, 0x00, 0x10, 0x00, 0x05, 0x00, 0x00, 0x00,
        0x02, 0x40, 0x00, 0x00, 0x00, 0x00, 0x00, 0x00, 0x00, 0x00, 0x00, 0x00,
        0x00, 0x00, 0x00, 0x00, 0x00, 0x00, 0x00, 0x00, 0x2d, 0x00, 0x00, 0x89,
        0xc2, 0x00, 0x00, 0x80, 0x43, 0x55, 0x15, 0x00, 0x72, 0x00, 0x10, 0x00,
        0x05, 0x00, 0x00, 0x00, 0x46, 0x0e, 0x10, 0x00, 0x05, 0x00, 0x00, 0x00,
        0x46, 0x7e, 0x10, 0x00, 0x00, 0x00, 0x00, 0x00, 0x33, 0x00, 0x00, 0x07,
        0x72, 0x00, 0x10, 0x00, 0x07, 0x00, 0x00, 0x00, 0x46, 0x02, 0x10, 0x00,
        0x02, 0x00, 0x00, 0x00, 0x46, 0x02, 0x10, 0x00, 0x06, 0x00, 0x00, 0x00,
        0x33, 0x00, 0x00, 0x07, 0x72, 0x00, 0x10, 0x00, 0x07, 0x00, 0x00, 0x00,
        0x46, 0x02, 0x10, 0x00, 0x03, 0x00, 0x00, 0x00, 0x46, 0x02, 0x10, 0x00,
        0x07, 0x00, 0x00, 0x00, 0x33, 0x00, 0x00, 0x07, 0x72, 0x00, 0x10, 0x00,
        0x07, 0x00, 0x00, 0x00, 0x46, 0x02, 0x10, 0x00, 0x05, 0x00, 0x00, 0x00,
        0x46, 0x02, 0x10, 0x00, 0x07, 0x00, 0x00, 0x00, 0x34, 0x00, 0x00, 0x07,
        0x72, 0x00, 0x10, 0x00, 0x08, 0x00, 0x00, 0x00, 0x46, 0x02, 0x10, 0x00,
        0x02, 0x00, 0x00, 0x00, 0x46, 0x02, 0x10, 0x00, 0x06, 0x00, 0x00, 0x00,
        0x34, 0x00, 0x00, 0x07, 0x72, 0x00, 0x10, 0x00, 0x08, 0x00, 0x00, 0x00,
        0x46, 0x02, 0x10, 0x00, 0x03, 0x00, 0x00, 0x00, 0x46, 0x02, 0x10, 0x00,
        0x08, 0x00, 0x00, 0x00, 0x34, 0x00, 0x00, 0x07, 0x72, 0x00, 0x10, 0x00,
        0x08, 0x00, 0x00, 0x00, 0x46, 0x02, 0x10, 0x00, 0x05, 0x00, 0x00, 0x00,
        0x46, 0x02, 0x10, 0x00, 0x08, 0x00, 0x00, 0x00, 0x33, 0x00, 0x00, 0x07,
        0x72, 0x00, 0x10, 0x00, 0x09, 0x00, 0x00, 0x00, 0x46, 0x02, 0x10, 0x00,
        0x04, 0x00, 0x00, 0x00, 0x46, 0x02, 0x10, 0x00, 0x07, 0x00, 0x00, 0x00,
        0x38, 0x00, 0x00, 0x0a, 0x72, 0x00, 0x10, 0x00, 0x0a, 0x00, 0x00, 0x00,
        0x46, 0x02, 0x10, 0x00, 0x08, 0x00, 0x00, 0x00, 0x02, 0x40, 0x00, 0x00,
        0x00, 0x00, 0x80, 0x40, 0x00, 0x00, 0x80, 0x40, 0x00, 0x00, 0x80, 0x40,
        0x00, 0x00, 0x00, 0x00, 0x81, 0x00, 0x00, 0x05, 0x72, 0x00, 0x10, 0x00,
        0x0a, 0x00, 0x00, 0x00, 0x46, 0x02, 0x10, 0x00, 0x0a, 0x00, 0x00, 0x00,
        0x38, 0x00, 0x00, 0x07, 0x72, 0x00, 0x10, 0x00, 0x09, 0x00, 0x00, 0x00,
        0x46, 0x02, 0x10, 0x00, 0x09, 0x00, 0x00, 0x00, 0x46, 0x02, 0x10, 0x00,
        0x0a, 0x00, 0x00, 0x00, 0x34, 0x00, 0x00, 0x07, 0x72, 0x00, 0x10, 0x00,
        0x08, 0x00, 0x00, 0x00, 0x46, 0x02, 0x10, 0x00, 0x04, 0x00, 0x00, 0x00,
        0x46, 0x02, 0x10, 0x00, 0x08, 0x00, 0x00, 0x00, 0x00, 0x00, 0x00, 0x0b,
        0x72, 0x00, 0x10, 0x00, 0x08, 0x00, 0x00, 0x00, 0x46, 0x02, 0x10, 0x80,
        0x41, 0x00, 0x00, 0x00, 0x08, 0x00, 0x00, 0x00, 0x02, 0x40, 0x00, 0x00,
        0x00, 0x00, 0x80, 0x3f, 0x00, 0x00, 0x80, 0x3f, 0x00, 0x00, 0x80, 0x3f,
        0x00, 0x00, 0x00, 0x00, 0x32, 0x00, 0x00, 0x0f, 0x72, 0x00, 0x10, 0x00,
        0x07, 0x00, 0x00, 0x00, 0x46, 0x02, 0x10, 0x00, 0x07, 0x00, 0x00, 0x00,
        0x02, 0x40, 0x00, 0x00, 0x00, 0x00, 0x80, 0x40, 0x00, 0x00, 0x80, 0x40,
        0x00, 0x00, 0x80, 0x40, 0x00, 0x00, 0x00, 0x00, 0x02, 0x40, 0x00, 0x00,
        0x00, 0x00, 0x80, 0xc0, 0x00, 0x00, 0x80, 0xc0, 0x00, 0x00, 0x80, 0xc0,
        0x00, 0x00, 0x00, 0x00, 0x81, 0x00, 0x00, 0x05, 0x72, 0x00, 0x10, 0x00,
        0x07, 0x00, 0x00, 0x00, 0x46, 0x02, 0x10, 0x00, 0x07, 0x00, 0x00, 0x00,
        0x38, 0x00, 0x00, 0x07, 0x72, 0x00, 0x10, 0x00, 0x07, 0x00, 0x00, 0x00,
        0x46, 0x02, 0x10, 0x00, 0x07, 0x00, 0x00, 0x00, 0x46, 0x02, 0x10, 0x00,
        0x08, 0x00, 0x00, 0x00, 0x34, 0x00, 0x00, 0x08, 0x72, 0x00, 0x10, 0x00,
        0x07, 0x00, 0x00, 0x00, 0x46, 0x02, 0x10, 0x00, 0x07, 0x00, 0x00, 0x00,
        0x46, 0x02, 0x10, 0x80, 0x41, 0x00, 0x00, 0x00, 0x09, 0x00, 0x00, 0x00,
        0x34, 0x00, 0x00, 0x07, 0x42, 0x00, 0x10, 0x00, 0x00, 0x00, 0x00, 0x00,
        0x2a, 0x00, 0x10, 0x00, 0x07, 0x00, 0x00, 0x00, 0x1a, 0x00, 0x10, 0x00,
        0x07, 0x00, 0x00, 0x00, 0x34, 0x00, 0x00, 0x07, 0x42, 0x00, 0x10, 0x00,
        0x00, 0x00, 0x00, 0x00, 0x2a, 0x00, 0x10, 0x00, 0x00, 0x00, 0x00, 0x00,
        0x0a, 0x00, 0x10, 0x00, 0x07, 0x00, 0x00, 0x00, 0x33, 0x00, 0x00, 0x07,
        0x42, 0x00, 0x10, 0x00, 0x00, 0x00, 0x00, 0x00, 0x2a, 0x00, 0x10, 0x00,
        0x00, 0x00, 0x00, 0x00, 0x01, 0x40, 0x00, 0x00, 0x00, 0x00, 0x00, 0x00,
        0x34, 0x00, 0x00, 0x07, 0x42, 0x00, 0x10, 0x00, 0x00, 0x00, 0x00, 0x00,
        0x2a, 0x00, 0x10, 0x00, 0x00, 0x00, 0x00, 0x00, 0x01, 0x40, 0x00, 0x00,
        0x00, 0x00, 0x40, 0xbe, 0x38, 0x00, 0x00, 0x08, 0x42, 0x00, 0x10, 0x00,
        0x00, 0x00, 0x00, 0x00, 0x2a, 0x00, 0x10, 0x00, 0x00, 0x00, 0x00, 0x00,
        0x0a, 0x80, 0x20, 0x00, 0x00, 0x00, 0x00, 0x00, 0x00, 0x00, 0x00, 0x00,
        0x32, 0x00, 0x00, 0x09, 0x82, 0x00, 0x10, 0x00, 0x02, 0x00, 0x00, 0x00,
        0x2a, 0x00, 0x10, 0x00, 0x00, 0x00, 0x00, 0x00, 0x01, 0x40, 0x00, 0x00,
        0x00, 0x00, 0x80, 0x40, 0x01, 0x40, 0x00, 0x00, 0x00, 0x00, 0x80, 0x3f,
        0x1e, 0x00, 0x00, 0x08, 0x82, 0x00, 0x10, 0x00, 0x03, 0x00, 0x00, 0x00,
        0x3a, 0x00, 0x10, 0x80, 0x41, 0x00, 0x00, 0x00, 0x02, 0x00, 0x00, 0x00,
        0x01, 0x40, 0x00, 0x00, 0xff, 0x9f, 0xf1, 0x7e, 0x32, 0x00, 0x00, 0x0a,
        0x82, 0x00, 0x10, 0x00, 0x02, 0x00, 0x00, 0x00, 0x3a, 0x00, 0x10, 0x80,
        0x41, 0x00, 0x00, 0x00, 0x03, 0x00, 0x00, 0x00, 0x3a, 0x00, 0x10, 0x00,
        0x02, 0x00, 0x00, 0x00, 0x01, 0x40, 0x00, 0x00, 0x00, 0x00, 0x00, 0x40,
        0x38, 0x00, 0x00, 0x07, 0x82, 0x00, 0x10, 0x00, 0x02, 0x00, 0x00, 0x00,
        0x3a, 0x00, 0x10, 0x00, 0x02, 0x00, 0x00, 0x00, 0x3a, 0x00, 0x10, 0x00,
        0x03, 0x00, 0x00, 0x00, 0x38, 0x00, 0x00, 0x07, 0x72, 0x00, 0x10, 0x00,
        0x02, 0x00, 0x00, 0x00, 0x46, 0x02, 0x10, 0x00, 0x02, 0x00, 0x00, 0x00,
        0xa6, 0x0a, 0x10, 0x00, 0x00, 0x00, 0x00, 0x00, 0x32, 0x00, 0x00, 0x09,
        0x72, 0x00, 0x10, 0x00, 0x02, 0x00, 0x00, 0x00, 0xa6, 0x0a, 0x10, 0x00,
        0x00, 0x00, 0x00, 0x00, 0x46, 0x02, 0x10, 0x00, 0x03, 0x00, 0x00, 0x00,
        0x46, 0x02, 0x10, 0x00, 0x02, 0x00, 0x00, 0x00, 0x32, 0x00, 0x00, 0x09,
        0x72, 0x00, 0x10, 0x00, 0x02, 0x00, 0x00, 0x00, 0xa6, 0x0a, 0x10, 0x00,
        0x00, 0x00, 0x00, 0x00, 0x46, 0x02, 0x10, 0x00, 0x05, 0x00, 0x00, 0x00,
        0x46, 0x02, 0x10, 0x00, 0x02, 0x00, 0x00, 0x00, 0x32, 0x00, 0x00, 0x09,
        0x72, 0x00, 0x10, 0x00, 0x02, 0x00, 0x00, 0x00, 0xa6, 0x0a, 0x10, 0x00,
        0x00, 0x00, 0x00, 0x00, 0x46, 0x02, 0x10, 0x00, 0x06, 0x00, 0x00, 0x00,
        0x46, 0x02, 0x10, 0x00, 0x02, 0x00, 0x00, 0x00, 0x00, 0x00, 0x00, 0x07,
        0x72, 0x00, 0x10, 0x00, 0x02, 0x00, 0x00, 0x00, 0x46, 0x02, 0x10, 0x00,
        0x04, 0x00, 0x00, 0x00, 0x46, 0x02, 0x10, 0x00, 0x02, 0x00, 0x00, 0x00,
        0x38, 0x00, 0x00, 0x07, 0x72, 0x00, 0x10, 0x00, 0x02, 0x00, 0x00, 0x00,
        0xf6, 0x0f, 0x10, 0x00, 0x02, 0x00, 0x00, 0x00, 0x46, 0x02, 0x10, 0x00,
        0x02, 0x00, 0x00, 0x00, 0x36, 0x00, 0x00, 0x05, 0x82, 0x00, 0x10, 0x00,
        0x02, 0x00, 0x00, 0x00, 0x01, 0x40, 0x00, 0x00, 0x00, 0x00, 0x80, 0x3f,
        0xa4, 0x00, 0x00, 0x07, 0xf2, 0xe0, 0x11, 0x00, 0x00, 0x00, 0x00, 0x00,
        0xe6, 0x0f, 0x10, 0x00, 0x01, 0x00, 0x00, 0x00, 0x46, 0x0e, 0x10, 0x00,
        0x02, 0x00, 0x00, 0x00, 0x15, 0x00, 0x00, 0x01, 0x1f, 0x00, 0x00, 0x03,
        0x3a, 0x00, 0x10, 0x00, 0x00, 0x00, 0x00, 0x00, 0x1e, 0x00, 0x00, 0x0a,
        0xf2, 0x00, 0x10, 0x00, 0x02, 0x00, 0x00, 0x00, 0x46, 0x04, 0x10, 0x00,
        0x01, 0x00, 0x00, 0x00, 0x02, 0x40, 0x00, 0x00, 0xff, 0xff, 0xff, 0xff,
        0x00, 0x00, 0x00, 0x00, 0x00, 0x00, 0x00, 0x00, 0xff, 0xff, 0xff, 0xff,
        0x36, 0x00, 0x00, 0x05, 0x32, 0x00, 0x10, 0x00, 0x03, 0x00, 0x00, 0x00,
        0xe6, 0x0a, 0x10, 0x00, 0x02, 0x00, 0x00, 0x00, 0x36, 0x00, 0x00, 0x08,
        0xc2, 0x00, 0x10, 0x00, 0x03, 0x00, 0x00, 0x00, 0x02, 0x40, 0x00, 0x00,
        0x00, 0x00, 0x00, 0x00, 0x00, 0x00, 0x00, 0x00, 0x00, 0x00, 0x00, 0x00,
        0x00, 0x00, 0x00, 0x00, 0x2d, 0x00, 0x00, 0x89, 0xc2, 0x00, 0x00, 0x80,
        0x43, 0x55, 0x15, 0x00, 0x72, 0x00, 0x10, 0x00, 0x03, 0x00, 0x00, 0x00,
        0x46, 0x0e, 0x10, 0x00, 0x03, 0x00, 0x00, 0x00, 0x46, 0x7e, 0x10, 0x00,
        0x00, 0x00, 0x00, 0x00, 0x36, 0x00, 0x00, 0x08, 0xc2, 0x00, 0x10, 0x00,
        0x02, 0x00, 0x00, 0x00, 0x02, 0x40, 0x00, 0x00, 0x00, 0x00, 0x00, 0x00,
        0x00, 0x00, 0x00, 0x00, 0x00, 0x00, 0x00, 0x00, 0x00, 0x00, 0x00, 0x00,
        0x2d, 0x00, 0x00, 0x89, 0xc2, 0x00, 0x00, 0x80, 0x43, 0x55, 0x15, 0x00,
        0x72, 0x00, 0x10, 0x00, 0x02, 0x00, 0x00, 0x00, 0x46, 0x0e, 0x10, 0x00,
        0x02, 0x00, 0x00, 0x00, 0x46, 0x7e, 0x10, 0x00, 0x00, 0x00, 0x00, 0x00,
        0x36, 0x00, 0x00, 0x08, 0xc2, 0x00, 0x10, 0x00, 0x01, 0x00, 0x00, 0x00,
        0x02, 0x40, 0x00, 0x00, 0x00, 0x00, 0x00, 0x00, 0x00, 0x00, 0x00, 0x00,
        0x00, 0x00, 0x00, 0x00, 0x00, 0x00, 0x00, 0x00, 0x2d, 0x00, 0x00, 0x89,
        0xc2, 0x00, 0x00, 0x80, 0x43, 0x55, 0x15, 0x00, 0x72, 0x00, 0x10, 0x00,
        0x04, 0x00, 0x00, 0x00, 0x46, 0x0e, 0x10, 0x00, 0x01, 0x00, 0x00, 0x00,
        0x46, 0x7e, 0x10, 0x00, 0x00, 0x00, 0x00, 0x00, 0x1e, 0x00, 0x00, 0x0a,
        0xf2, 0x00, 0x10, 0x00, 0x05, 0x00, 0x00, 0x00, 0x46, 0x04, 0x10, 0x00,
        0x01, 0x00, 0x00, 0x00, 0x02, 0x40, 0x00, 0x00, 0x00, 0x00, 0x00, 0x00,
        0x01, 0x00, 0x00, 0x00, 0x01, 0x00, 0x00, 0x00, 0x00, 0x00, 0x00, 0x00,
        0x36, 0x00, 0x00, 0x05, 0x32, 0x00, 0x10, 0x00, 0x06, 0x00, 0x00, 0x00,
        0xe6, 0x0a, 0x10, 0x00, 0x05, 0x00, 0x00, 0x00, 0x36, 0x00, 0x00, 0x08,
        0xc2, 0x00, 0x10, 0x00, 0x06, 0x00, 0x00, 0x00, 0x02, 0x40, 0x00, 0x00,
        0x00, 0x00, 0x00, 0x00, 0x00, 0x00, 0x00, 0x00, 0x00, 0x00, 0x00, 0x00,
        0x00, 0x00, 0x00, 0x00, 0x2d, 0x00, 0x00, 0x89, 0xc2, 0x00, 0x00, 0x80,
        0x43, 0x55, 0x15, 0x00, 0x72, 0x00, 0x10, 0x00, 0x06, 0x00, 0x00, 0x00,
        0x46, 0x0e, 0x10, 0x00, 0x06, 0x00, 0x00, 0x00, 0x46, 0x7e, 0x10, 0x00,
        0x00, 0x00, 0x00, 0x00, 0x36, 0x00, 0x00, 0x08, 0xc2, 0x00, 0x10, 0x00,
        0x05, 0x00, 0x00, 0x00, 0x02, 0x40, 0x00, 0x00, 0x00, 0x00, 0x00, 0x00,
        0x00, 0x00, 0x00, 0x00, 0x00, 0x00, 0x00, 0x00, 0x00, 0x00, 0x00, 0x00,
        0x2d, 0x00, 0x00, 0x89, 0xc2, 0x00, 0x00, 0x80, 0x43, 0x55, 0x15, 0x00,
        0x72, 0x00, 0x10, 0x00, 0x05, 0x00, 0x00, 0x00, 0x46, 0x0e, 0x10, 0x00,
        0x05, 0x00, 0x00, 0x00, 0x46, 0x7e, 0x10, 0x00, 0x00, 0x00, 0x00, 0x00,
        0x33, 0x00, 0x00, 0x07, 0x72, 0x00, 0x10, 0x00, 0x07, 0x00, 0x00, 0x00,
        0x46, 0x02, 0x10, 0x00, 0x02, 0x00, 0x00, 0x00, 0x46, 0x02, 0x10, 0x00,
        0x06, 0x00, 0x00, 0x00, 0x33, 0x00, 0x00, 0x07, 0x72, 0x00, 0x10, 0x00,
        0x07, 0x00, 0x00, 0x00, 0x46, 0x02, 0x10, 0x00, 0x03, 0x00, 0x00, 0x00,
        0x46, 0x02, 0x10, 0x00, 0x07, 0x00, 0x00, 0x00, 0x33, 0x00, 0x00, 0x07,
        0x72, 0x00, 0x10, 0x00, 0x07, 0x00, 0x00, 0x00, 0x46, 0x02, 0x10, 0x00,
        0x05, 0x00, 0x00, 0x00, 0x46, 0x02, 0x10, 0x00, 0x07, 0x00, 0x00, 0x00,
        0x34, 0x00, 0x00, 0x07, 0x72, 0x00, 0x10, 0x00, 0x08, 0x00, 0x00, 0x00,
        0x46, 0x02, 0x10, 0x00, 0x02, 0x00, 0x00, 0x00, 0x46, 0x02, 0x10, 0x00,
        0x06, 0x00, 0x00, 0x00, 0x34, 0x00, 0x00, 0x07, 0x72, 0x00, 0x10, 0x00,
        0x08, 0x00, 0x00, 0x00, 0x46, 0x02, 0x10, 0x00, 0x03, 0x00, 0x00, 0x00,
        0x46, 0x02, 0x10, 0x00, 0x08, 0x00, 0x00, 0x00, 0x34, 0x00, 0x00, 0x07,
        0x72, 0x00, 0x10, 0x00, 0x08, 0x00, 0x00, 0x00, 0x46, 0x02, 0x10, 0x00,
        0x05, 0x00, 0x00, 0x00, 0x46, 0x02, 0x10, 0x00, 0x08, 0x00, 0x00, 0x00,
        0x33, 0x00, 0x00, 0x07, 0x72, 0x00, 0x10, 0x00, 0x09, 0x00, 0x00, 0x00,
        0x46, 0x02, 0x10, 0x00, 0x04, 0x00, 0x00, 0x00, 0x46, 0x02, 0x10, 0x00,
        0x07, 0x00, 0x00, 0x00, 0x38, 0x00, 0x00, 0x0a, 0x72, 0x00, 0x10, 0x00,
        0x0a, 0x00, 0x00, 0x00, 0x46, 0x02, 0x10, 0x00, 0x08, 0x00, 0x00, 0x00,
        0x02, 0x40, 0x00, 0x00, 0x00, 0x00, 0x80, 0x40, 0x00, 0x00, 0x80, 0x40,
        0x00, 0x00, 0x80, 0x40, 0x00, 0x00, 0x00, 0x00, 0x81, 0x00, 0x00, 0x05,
        0x72, 0x00, 0x10, 0x00, 0x0a, 0x00, 0x00, 0x00, 0x46, 0x02, 0x10, 0x00,
        0x0a, 0x00, 0x00, 0x00, 0x38, 0x00, 0x00, 0x07, 0x72, 0x00, 0x10, 0x00,
        0x09, 0x00, 0x00, 0x00, 0x46, 0x02, 0x10, 0x00, 0x09, 0x00, 0x00, 0x00,
        0x46, 0x02, 0x10, 0x00, 0x0a, 0x00, 0x00, 0x00, 0x34, 0x00, 0x00, 0x07,
        0x72, 0x00, 0x10, 0x00, 0x08, 0x00, 0x00, 0x00, 0x46, 0x02, 0x10, 0x00,
        0x04, 0x00, 0x00, 0x00, 0x46, 0x02, 0x10, 0x00, 0x08, 0x00, 0x00, 0x00,
        0x00, 0x00, 0x00, 0x0b, 0x72, 0x00, 0x10, 0x00, 0x08, 0x00, 0x00, 0x00,
        0x46, 0x02, 0x10, 0x80, 0x41, 0x00, 0x00, 0x00, 0x08, 0x00, 0x00, 0x00,
        0x02, 0x40, 0x00, 0x00, 0x00, 0x00, 0x80, 0x3f, 0x00, 0x00, 0x80, 0x3f,
        0x00, 0x00, 0x80, 0x3f, 0x00, 0x00, 0x00, 0x00, 0x32, 0x00, 0x00, 0x0f,
        0x72, 0x00, 0x10, 0x00, 0x07, 0x00, 0x00, 0x00, 0x46, 0x02, 0x10, 0x00,
        0x07, 0x00, 0x00, 0x00, 0x02, 0x40, 0x00, 0x00, 0x00, 0x00, 0x80, 0x40,
        0x00, 0x00, 0x80, 0x40, 0x00, 0x00, 0x80, 0x40, 0x00, 0x00, 0x00, 0x00,
        0x02, 0x40, 0x00, 0x00, 0x00, 0x00, 0x80, 0xc0, 0x00, 0x00, 0x80, 0xc0,
        0x00, 0x00, 0x80, 0xc0, 0x00, 0x00, 0x00, 0x00, 0x81, 0x00, 0x00, 0x05,
        0x72, 0x00, 0x10, 0x00, 0x07, 0x00, 0x00, 0x00, 0x46, 0x02, 0x10, 0x00,
        0x07, 0x00, 0x00, 0x00, 0x38, 0x00, 0x00, 0x07, 0x72, 0x00, 0x10, 0x00,
        0x07, 0x00, 0x00, 0x00, 0x46, 0x02, 0x10, 0x00, 0x07, 0x00, 0x00, 0x00,
        0x46, 0x02, 0x10, 0x00, 0x08, 0x00, 0x00, 0x00, 0x34, 0x00, 0x00, 0x08,
        0x72, 0x00, 0x10, 0x00, 0x07, 0x00, 0x00, 0x00, 0x46, 0x02, 0x10, 0x00,
        0x07, 0x00, 0x00, 0x00, 0x46, 0x02, 0x10, 0x80, 0x41, 0x00, 0x00, 0x00,
        0x09, 0x00, 0x00, 0x00, 0x34, 0x00, 0x00, 0x07, 0x42, 0x00, 0x10, 0x00,
        0x00, 0x00, 0x00, 0x00, 0x2a, 0x00, 0x10, 0x00, 0x07, 0x00, 0x00, 0x00,
        0x1a, 0x00, 0x10, 0x00, 0x07, 0x00, 0x00, 0x00, 0x34, 0x00, 0x00, 0x07,
        0x42, 0x00, 0x10, 0x00, 0x00, 0x00, 0x00, 0x00, 0x2a, 0x00, 0x10, 0x00,
        0x00, 0x00, 0x00, 0x00, 0x0a, 0x00, 0x10, 0x00, 0x07, 0x00, 0x00, 0x00,
        0x33, 0x00, 0x00, 0x07, 0x42, 0x00, 0x10, 0x00, 0x00, 0x00, 0x00, 0x00,
        0x2a, 0x00, 0x10, 0x00, 0x00, 0x00, 0x00, 0x00, 0x01, 0x40, 0x00, 0x00,
        0x00, 0x00, 0x00, 0x00, 0x34, 0x00, 0x00, 0x07, 0x42, 0x00, 0x10, 0x00,
        0x00, 0x00, 0x00, 0x00, 0x2a, 0x00, 0x10, 0x00, 0x00, 0x00, 0x00, 0x00,
        0x01, 0x40, 0x00, 0x00, 0x00, 0x00, 0x40, 0xbe, 0x38, 0x00, 0x00, 0x08,
        0x42, 0x00, 0x10, 0x00, 0x00, 0x00, 0x00, 0x00, 0x2a, 0x00, 0x10, 0x00,
        0x00, 0x00, 0x00, 0x00, 0x0a, 0x80, 0x20, 0x00, 0x00, 0x00, 0x00, 0x00,
        0x00, 0x00, 0x00, 0x00, 0x32, 0x00, 0x00, 0x09, 0x82, 0x00, 0x10, 0x00,
        0x00, 0x00, 0x00, 0x00, 0x2a, 0x00, 0x10, 0x00, 0x00, 0x00, 0x00, 0x00,
        0x01, 0x40, 0x00, 0x00, 0x00, 0x00, 0x80, 0x40, 0x01, 0x40, 0x00, 0x00,
        0x00, 0x00, 0x80, 0x3f, 0x1e, 0x00, 0x00, 0x08, 0x42, 0x00, 0x10, 0x00,
        0x01, 0x00, 0x00, 0x00, 0x3a, 0x00, 0x10, 0x80, 0x41, 0x00, 0x00, 0x00,
        0x00, 0x00, 0x00, 0x00, 0x01, 0x40, 0x00, 0x00, 0xff, 0x9f, 0xf1, 0x7e,
        0x32, 0x00, 0x00, 0x0a, 0x82, 0x00, 0x10, 0x00, 0x00, 0x00, 0x00, 0x00,
        0x2a, 0x00, 0x10, 0x80, 0x41, 0x00, 0x00, 0x00, 0x01, 0x00, 0x00, 0x00,
        0x3a, 0x00, 0x10, 0x00, 0x00, 0x00, 0x00, 0x00, 0x01, 0x40, 0x00, 0x00,
        0x00, 0x00, 0x00, 0x40, 0x38, 0x00, 0x00, 0x07, 0x82, 0x00, 0x10, 0x00,
        0x00, 0x00, 0x00, 0x00, 0x3a, 0x00, 0x10, 0x00, 0x00, 0x00, 0x00, 0x00,
        0x2a, 0x00, 0x10, 0x00, 0x01, 0x00, 0x00, 0x00, 0x38, 0x00, 0x00, 0x07,
        0x72, 0x00, 0x10, 0x00, 0x02, 0x00, 0x00, 0x00, 0x46, 0x02, 0x10, 0x00,
        0x02, 0x00, 0x00, 0x00, 0xa6, 0x0a, 0x10, 0x00, 0x00, 0x00, 0x00, 0x00,
        0x32, 0x00, 0x00, 0x09, 0x72, 0x00, 0x10, 0x00, 0x02, 0x00, 0x00, 0x00,
        0xa6, 0x0a, 0x10, 0x00, 0x00, 0x00, 0x00, 0x00, 0x46, 0x02, 0x10, 0x00,
        0x03, 0x00, 0x00, 0x00, 0x46, 0x02, 0x10, 0x00, 0x02, 0x00, 0x00, 0x00,
        0x32, 0x00, 0x00, 0x09, 0x72, 0x00, 0x10, 0x00, 0x02, 0x00, 0x00, 0x00,
        0xa6, 0x0a, 0x10, 0x00, 0x00, 0x00, 0x00, 0x00, 0x46, 0x02, 0x10, 0x00,
        0x05, 0x00, 0x00, 0x00, 0x46, 0x02, 0x10, 0x00, 0x02, 0x00, 0x00, 0x00,
        0x32, 0x00, 0x00, 0x09, 0x72, 0x00, 0x10, 0x00, 0x02, 0x00, 0x00, 0x00,
        0xa6, 0x0a, 0x10, 0x00, 0x00, 0x00, 0x00, 0x00, 0x46, 0x02, 0x10, 0x00,
        0x06, 0x00, 0x00, 0x00, 0x46, 0x02, 0x10, 0x00, 0x02, 0x00, 0x00, 0x00,
        0x00, 0x00, 0x00, 0x07, 0x72, 0x00, 0x10, 0x00, 0x02, 0x00, 0x00, 0x00,
        0x46, 0x02, 0x10, 0x00, 0x04, 0x00, 0x00, 0x00, 0x46, 0x02, 0x10, 0x00,
        0x02, 0x00, 0x00, 0x00, 0x38, 0x00, 0x00, 0x07, 0x72, 0x00, 0x10, 0x00,
        0x02, 0x00, 0x00, 0x00, 0xf6, 0x0f, 0x10, 0x00, 0x00, 0x00, 0x00, 0x00,
        0x46, 0x02, 0x10, 0x00, 0x02, 0x00, 0x00, 0x00, 0x36, 0x00, 0x00, 0x05,
        0x82, 0x00, 0x10, 0x00, 0x02, 0x00, 0x00, 0x00, 0x01, 0x40, 0x00, 0x00,
        0x00, 0x00, 0x80, 0x3f, 0xa4, 0x00, 0x00, 0x07, 0xf2, 0xe0, 0x11, 0x00,
        0x00, 0x00, 0x00, 0x00, 0x46, 0x05, 0x10, 0x00, 0x01, 0x00, 0x00, 0x00,
        0x46, 0x0e, 0x10, 0x00, 0x02, 0x00, 0x00, 0x00, 0x15, 0x00, 0x00, 0x01,
        0x1e, 0x00, 0x00, 0x0a, 0x32, 0x00, 0x10, 0x00, 0x00, 0x00, 0x00, 0x00,
        0x46, 0x00, 0x10, 0x00, 0x00, 0x00, 0x00, 0x00, 0x02, 0x40, 0x00, 0x00,
        0x00, 0x00, 0x00, 0x00, 0x08, 0x00, 0x00, 0x00, 0x00, 0x00, 0x00, 0x00,
        0x00, 0x00, 0x00, 0x00, 0x50, 0x00, 0x00, 0x08, 0x32, 0x00, 0x10, 0x00,
        0x01, 0x00, 0x00, 0x00, 0x46, 0x00, 0x10, 0x00, 0x00, 0x00, 0x00, 0x00,
        0x96, 0x85, 0x20, 0x00, 0x00, 0x00, 0x00, 0x00, 0x04, 0x00, 0x00, 0x00,
        0x3c, 0x00, 0x00, 0x07, 0x12, 0x00, 0x10, 0x00, 0x01, 0x00, 0x00, 0x00,
        0x1a, 0x00, 0x10, 0x00, 0x01, 0x00, 0x00, 0x00, 0x0a, 0x00, 0x10, 0x00,
        0x01, 0x00, 0x00, 0x00, 0x1f, 0x00, 0x00, 0x03, 0x0a, 0x00, 0x10, 0x00,
        0x01, 0x00, 0x00, 0x00, 0x1e, 0x00, 0x00, 0x0a, 0xf2, 0x00, 0x10, 0x00,
        0x01, 0x00, 0x00, 0x00, 0x46, 0x04, 0x10, 0x00, 0x00, 0x00, 0x00, 0x00,
        0x02, 0x40, 0x00, 0x00, 0xff, 0xff, 0xff, 0xff, 0x00, 0x00, 0x00, 0x00,
        0x00, 0x00, 0x00, 0x00, 0xff, 0xff, 0xff, 0xff, 0x36, 0x00, 0x00, 0x05,
        0x32, 0x00, 0x10, 0x00, 0x02, 0x00, 0x00, 0x00, 0xe6, 0x0a, 0x10, 0x00,
        0x01, 0x00, 0x00, 0x00, 0x36, 0x00, 0x00, 0x08, 0xc2, 0x00, 0x10, 0x00,
        0x02, 0x00, 0x00, 0x00, 0x02, 0x40, 0x00, 0x00, 0x00, 0x00, 0x00, 0x00,
        0x00, 0x00, 0x00, 0x00, 0x00, 0x00, 0x00, 0x00, 0x00, 0x00, 0x00, 0x00,
        0x2d, 0x00, 0x00, 0x89, 0xc2, 0x00, 0x00, 0x80, 0x43, 0x55, 0x15, 0x00,
        0x72, 0x00, 0x10, 0x00, 0x02, 0x00, 0x00, 0x00, 0x46, 0x0e, 0x10, 0x00,
        0x02, 0x00, 0x00, 0x00, 0x46, 0x7e, 0x10, 0x00, 0x00, 0x00, 0x00, 0x00,
        0x36, 0x00, 0x00, 0x08, 0xc2, 0x00, 0x10, 0x00, 0x01, 0x00, 0x00, 0x00,
        0x02, 0x40, 0x00, 0x00, 0x00, 0x00, 0x00, 0x00, 0x00, 0x00, 0x00, 0x00,
        0x00, 0x00, 0x00, 0x00, 0x00, 0x00, 0x00, 0x00, 0x2d, 0x00, 0x00, 0x89,
        0xc2, 0x00, 0x00, 0x80, 0x43, 0x55, 0x15, 0x00, 0x72, 0x00, 0x10, 0x00,
        0x01, 0x00, 0x00, 0x00, 0x46, 0x0e, 0x10, 0x00, 0x01, 0x00, 0x00, 0x00,
        0x46, 0x7e, 0x10, 0x00, 0x00, 0x00, 0x00, 0x00, 0x36, 0x00, 0x00, 0x08,
        0xc2, 0x00, 0x10, 0x00, 0x00, 0x00, 0x00, 0x00, 0x02, 0x40, 0x00, 0x00,
        0x00, 0x00, 0x00, 0x00, 0x00, 0x00, 0x00, 0x00, 0x00, 0x00, 0x00, 0x00,
        0x00, 0x00, 0x00, 0x00, 0x2d, 0x00, 0x00, 0x89, 0xc2, 0x00, 0x00, 0x80,
        0x43, 0x55, 0x15, 0x00, 0x72, 0x00, 0x10, 0x00, 0x03, 0x00, 0x00, 0x00,
        0x46, 0x0e, 0x10, 0x00, 0x00, 0x00, 0x00, 0x00, 0x46, 0x7e, 0x10, 0x00,
        0x00, 0x00, 0x00, 0x00, 0x1e, 0x00, 0x00, 0x0a, 0xf2, 0x00, 0x10, 0x00,
        0x04, 0x00, 0x00, 0x00, 0x46, 0x04, 0x10, 0x00, 0x00, 0x00, 0x00, 0x00,
        0x02, 0x40, 0x00, 0x00, 0x00, 0x00, 0x00, 0x00, 0x01, 0x00, 0x00, 0x00,
        0x01, 0x00, 0x00, 0x00, 0x00, 0x00, 0x00, 0x00, 0x36, 0x00, 0x00, 0x05,
        0x32, 0x00, 0x10, 0x00, 0x05, 0x00, 0x00, 0x00, 0xe6, 0x0a, 0x10, 0x00,
        0x04, 0x00, 0x00, 0x00, 0x36, 0x00, 0x00, 0x08, 0xc2, 0x00, 0x10, 0x00,
        0x05, 0x00, 0x00, 0x00, 0x02, 0x40, 0x00, 0x00, 0x00, 0x00, 0x00, 0x00,
        0x00, 0x00, 0x00, 0x00, 0x00, 0x00, 0x00, 0x00, 0x00, 0x00, 0x00, 0x00,
        0x2d, 0x00, 0x00, 0x89, 0xc2, 0x00, 0x00, 0x80, 0x43, 0x55, 0x15, 0x00,
        0x72, 0x00, 0x10, 0x00, 0x05, 0x00, 0x00, 0x00, 0x46, 0x0e, 0x10, 0x00,
        0x05, 0x00, 0x00, 0x00, 0x46, 0x7e, 0x10, 0x00, 0x00, 0x00, 0x00, 0x00,
        0x36, 0x00, 0x00, 0x08, 0xc2, 0x00, 0x10, 0x00, 0x04, 0x00, 0x00, 0x00,
        0x02, 0x40, 0x00, 0x00, 0x00, 0x00, 0x00, 0x00, 0x00, 0x00, 0x00, 0x00,
        0x00, 0x00, 0x00, 0x00, 0x00, 0x00, 0x00, 0x00, 0x2d, 0x00, 0x00, 0x89,
        0xc2, 0x00, 0x00, 0x80, 0x43, 0x55, 0x15, 0x00, 0x72, 0x00, 0x10, 0x00,
        0x04, 0x00, 0x00, 0x00, 0x46, 0x0e, 0x10, 0x00, 0x04, 0x00, 0x00, 0x00,
        0x46, 0x7e, 0x10, 0x00, 0x00, 0x00, 0x00, 0x00, 0x33, 0x00, 0x00, 0x07,
        0x72, 0x00, 0x10, 0x00, 0x06, 0x00, 0x00, 0x00, 0x46, 0x02, 0x10, 0x00,
        0x01, 0x00, 0x00, 0x00, 0x46, 0x02, 0x10, 0x00, 0x05, 0x00, 0x00, 0x00,
        0x33, 0x00, 0x00, 0x07, 0x72, 0x00, 0x10, 0x00, 0x06, 0x00, 0x00, 0x00,
        0x46, 0x02, 0x10, 0x00, 0x02, 0x00, 0x00, 0x00, 0x46, 0x02, 0x10, 0x00,
        0x06, 0x00, 0x00, 0x00, 0x33, 0x00, 0x00, 0x07, 0x72, 0x00, 0x10, 0x00,
        0x06, 0x00, 0x00, 0x00, 0x46, 0x02, 0x10, 0x00, 0x04, 0x00, 0x00, 0x00,
        0x46, 0x02, 0x10, 0x00, 0x06, 0x00, 0x00, 0x00, 0x34, 0x00, 0x00, 0x07,
        0x72, 0x00, 0x10, 0x00, 0x07, 0x00, 0x00, 0x00, 0x46, 0x02, 0x10, 0x00,
        0x01, 0x00, 0x00, 0x00, 0x46, 0x02, 0x10, 0x00, 0x05, 0x00, 0x00, 0x00,
        0x34, 0x00, 0x00, 0x07, 0x72, 0x00, 0x10, 0x00, 0x07, 0x00, 0x00, 0x00,
        0x46, 0x02, 0x10, 0x00, 0x02, 0x00, 0x00, 0x00, 0x46, 0x02, 0x10, 0x00,
        0x07, 0x00, 0x00, 0x00, 0x34, 0x00, 0x00, 0x07, 0x72, 0x00, 0x10, 0x00,
        0x07, 0x00, 0x00, 0x00, 0x46, 0x02, 0x10, 0x00, 0x04, 0x00, 0x00, 0x00,
        0x46, 0x02, 0x10, 0x00, 0x07, 0x00, 0x00, 0x00, 0x33, 0x00, 0x00, 0x07,
        0x72, 0x00, 0x10, 0x00, 0x08, 0x00, 0x00, 0x00, 0x46, 0x02, 0x10, 0x00,
        0x03, 0x00, 0x00, 0x00, 0x46, 0x02, 0x10, 0x00, 0x06, 0x00, 0x00, 0x00,
        0x38, 0x00, 0x00, 0x0a, 0x72, 0x00, 0x10, 0x00, 0x09, 0x00, 0x00, 0x00,
        0x46, 0x02, 0x10, 0x00, 0x07, 0x00, 0x00, 0x00, 0x02, 0x40, 0x00, 0x00,
        0x00, 0x00, 0x80, 0x40, 0x00, 0x00, 0x80, 0x40, 0x00, 0x00, 0x80, 0x40,
        0x00, 0x00, 0x00, 0x00, 0x81, 0x00, 0x00, 0x05, 0x72, 0x00, 0x10, 0x00,
        0x09, 0x00, 0x00, 0x00, 0x46, 0x02, 0x10, 0x00, 0x09, 0x00, 0x00, 0x00,
        0x38, 0x00, 0x00, 0x07, 0x72, 0x00, 0x10, 0x00, 0x08, 0x00, 0x00, 0x00,
        0x46, 0x02, 0x10, 0x00, 0x08, 0x00, 0x00, 0x00, 0x46, 0x02, 0x10, 0x00,
        0x09, 0x00, 0x00, 0x00, 0x34, 0x00, 0x00, 0x07, 0x72, 0x00, 0x10, 0x00,
        0x07, 0x00, 0x00, 0x00, 0x46, 0x02, 0x10, 0x00, 0x03, 0x00, 0x00, 0x00,
        0x46, 0x02, 0x10, 0x00, 0x07, 0x00, 0x00, 0x00, 0x00, 0x00, 0x00, 0x0b,
        0x72, 0x00, 0x10, 0x00, 0x07, 0x00, 0x00, 0x00, 0x46, 0x02, 0x10, 0x80,
        0x41, 0x00, 0x00, 0x00, 0x07, 0x00, 0x00, 0x00, 0x02, 0x40, 0x00, 0x00,
        0x00, 0x00, 0x80, 0x3f, 0x00, 0x00, 0x80, 0x3f, 0x00, 0x00, 0x80, 0x3f,
        0x00, 0x00, 0x00, 0x00, 0x32, 0x00, 0x00, 0x0f, 0x72, 0x00, 0x10, 0x00,
        0x06, 0x00, 0x00, 0x00, 0x46, 0x02, 0x10, 0x00, 0x06, 0x00, 0x00, 0x00,
        0x02, 0x40, 0x00, 0x00, 0x00, 0x00, 0x80, 0x40, 0x00, 0x00, 0x80, 0x40,
        0x00, 0x00, 0x80, 0x40, 0x00, 0x00, 0x00, 0x00, 0x02, 0x40, 0x00, 0x00,
        0x00, 0x00, 0x80, 0xc0, 0x00, 0x00, 0x80, 0xc0, 0x00, 0x00, 0x80, 0xc0,
        0x00, 0x00, 0x00, 0x00, 0x81, 0x00, 0x00, 0x05, 0x72, 0x00, 0x10, 0x00,
        0x06, 0x00, 0x00, 0x00, 0x46, 0x02, 0x10, 0x00, 0x06, 0x00, 0x00, 0x00,
        0x38, 0x00, 0x00, 0x07, 0x72, 0x00, 0x10, 0x00, 0x06, 0x00, 0x00, 0x00,
        0x46, 0x02, 0x10, 0x00, 0x06, 0x00, 0x00, 0x00, 0x46, 0x02, 0x10, 0x00,
        0x07, 0x00, 0x00, 0x00, 0x34, 0x00, 0x00, 0x08, 0x72, 0x00, 0x10, 0x00,
        0x06, 0x00, 0x00, 0x00, 0x46, 0x02, 0x10, 0x00, 0x06, 0x00, 0x00, 0x00,
        0x46, 0x02, 0x10, 0x80, 0x41, 0x00, 0x00, 0x00, 0x08, 0x00, 0x00, 0x00,
        0x34, 0x00, 0x00, 0x07, 0x42, 0x00, 0x10, 0x00, 0x00, 0x00, 0x00, 0x00,
        0x2a, 0x00, 0x10, 0x00, 0x06, 0x00, 0x00, 0x00, 0x1a, 0x00, 0x10, 0x00,
        0x06, 0x00, 0x00, 0x00, 0x34, 0x00, 0x00, 0x07, 0x42, 0x00, 0x10, 0x00,
        0x00, 0x00, 0x00, 0x00, 0x2a, 0x00, 0x10, 0x00, 0x00, 0x00, 0x00, 0x00,
        0x0a, 0x00, 0x10, 0x00, 0x06, 0x00, 0x00, 0x00, 0x33, 0x00, 0x00, 0x07,
        0x42, 0x00, 0x10, 0x00, 0x00, 0x00, 0x00, 0x00, 0x2a, 0x00, 0x10, 0x00,
        0x00, 0x00, 0x00, 0x00, 0x01, 0x40, 0x00, 0x00, 0x00, 0x00, 0x00, 0x00,
        0x34, 0x00, 0x00, 0x07, 0x42, 0x00, 0x10, 0x00, 0x00, 0x00, 0x00, 0x00,
        0x2a, 0x00, 0x10, 0x00, 0x00, 0x00, 0x00, 0x00, 0x01, 0x40, 0x00, 0x00,
        0x00, 0x00, 0x40, 0xbe, 0x38, 0x00, 0x00, 0x08, 0x42, 0x00, 0x10, 0x00,
        0x00, 0x00, 0x00, 0x00, 0x2a, 0x00, 0x10, 0x00, 0x00, 0x00, 0x00, 0x00,
        0x0a, 0x80, 0x20, 0x00, 0x00, 0x00, 0x00, 0x00, 0x00, 0x00, 0x00, 0x00,
        0x32, 0x00, 0x00, 0x09, 0x82, 0x00, 0x10, 0x00, 0x00, 0x00, 0x00, 0x00,
        0x2a, 0x00, 0x10, 0x00, 0x00, 0x00, 0x00, 0x00, 0x01, 0x40, 0x00, 0x00,
        0x00, 0x00, 0x80, 0x40, 0x01, 0x40, 0x00, 0x00, 0x00, 0x00, 0x80, 0x3f,
        0x1e, 0x00, 0x00, 0x08, 0x82, 0x00, 0x10, 0x00, 0x01, 0x00, 0x00, 0x00,
        0x3a, 0x00, 0x10, 0x80, 0x41, 0x00, 0x00, 0x00, 0x00, 0x00, 0x00, 0x00,
        0x01, 0x40, 0x00, 0x00, 0xff, 0x9f, 0xf1, 0x7e, 0x32, 0x00, 0x00, 0x0a,
        0x82, 0x00, 0x10, 0x00, 0x00, 0x00, 0x00, 0x00, 0x3a, 0x00, 0x10, 0x80,
        0x41, 0x00, 0x00, 0x00, 0x01, 0x00, 0x00, 0x00, 0x3a, 0x00, 0x10, 0x00,
        0x00, 0x00, 0x00, 0x00, 0x01, 0x40, 0x00, 0x00, 0x00, 0x00, 0x00, 0x40,
        0x38, 0x00, 0x00, 0x07, 0x82, 0x00, 0x10, 0x00, 0x00, 0x00, 0x00, 0x00,
        0x3a, 0x00, 0x10, 0x00, 0x00, 0x00, 0x00, 0x00, 0x3a, 0x00, 0x10, 0x00,
        0x01, 0x00, 0x00, 0x00, 0x38, 0x00, 0x00, 0x07, 0x72, 0x00, 0x10, 0x00,
        0x01, 0x00, 0x00, 0x00, 0x46, 0x02, 0x10, 0x00, 0x01, 0x00, 0x00, 0x00,
        0xa6, 0x0a, 0x10, 0x00, 0x00, 0x00, 0x00, 0x00, 0x32, 0x00, 0x00, 0x09,
        0x72, 0x00, 0x10, 0x00, 0x01, 0x00, 0x00, 0x00, 0xa6, 0x0a, 0x10, 0x00,
        0x00, 0x00, 0x00, 0x00, 0x46, 0x02, 0x10, 0x00, 0x02, 0x00, 0x00, 0x00,
        0x46, 0x02, 0x10, 0x00, 0x01, 0x00, 0x00, 0x00, 0x32, 0x00, 0x00, 0x09,
        0x72, 0x00, 0x10, 0x00, 0x01, 0x00, 0x00, 0x00, 0xa6, 0x0a, 0x10, 0x00,
        0x00, 0x00, 0x00, 0x00, 0x46, 0x02, 0x10, 0x00, 0x04, 0x00, 0x00, 0x00,
        0x46, 0x02, 0x10, 0x00, 0x01, 0x00, 0x00, 0x00, 0x32, 0x00, 0x00, 0x09,
        0x72, 0x00, 0x10, 0x00, 0x01, 0x00, 0x00, 0x00, 0xa6, 0x0a, 0x10, 0x00,
        0x00, 0x00, 0x00, 0x00, 0x46, 0x02, 0x10, 0x00, 0x05, 0x00, 0x00, 0x00,
        0x46, 0x02, 0x10, 0x00, 0x01, 0x00, 0x00, 0x00, 0x00, 0x00, 0x00, 0x07,
        0x72, 0x00, 0x10, 0x00, 0x01, 0x00, 0x00, 0x00, 0x46, 0x02, 0x10, 0x00,
        0x03, 0x00, 0x00, 0x00, 0x46, 0x02, 0x10, 0x00, 0x01, 0x00, 0x00, 0x00,
        0x38, 0x00, 0x00, 0x07, 0x72, 0x00, 0x10, 0x00, 0x01, 0x00, 0x00, 0x00,
        0xf6, 0x0f, 0x10, 0x00, 0x00, 0x00, 0x00, 0x00, 0x46, 0x02, 0x10, 0x00,
        0x01, 0x00, 0x00, 0x00, 0x36, 0x00, 0x00, 0x05, 0x82, 0x00, 0x10, 0x00,
        0x01, 0x00, 0x00, 0x00, 0x01, 0x40, 0x00, 0x00, 0x00, 0x00, 0x80, 0x3f,
        0xa4, 0x00, 0x00, 0x07, 0xf2, 0xe0, 0x11, 0x00, 0x00, 0x00, 0x00, 0x00,
        0x46, 0x05, 0x10, 0x00, 0x00, 0x00, 0x00, 0x00, 0x46, 0x0e, 0x10, 0x00,
        0x01, 0x00, 0x00, 0x00, 0x15, 0x00, 0x00, 0x01, 0x3e, 0x00, 0x00, 0x01,
    };
    inline constexpr unsigned int gRcasCSSize = sizeof(gRcasCS);
}
}
